#VRML V2.0 utf8
# 3D model generated by easyeda2kicad.py (https://github.com/uPesy/easyeda2kicad.py)

Shape{
    appearance Appearance {
        material  Material 	{
            diffuseColor 0.10196078431372549 0.10196078431372549 0.10196078431372549
            specularColor 0.0392156862745098 0.0392156862745098 0.0392156862745098
            ambientIntensity 0.102
            transparency 0.0
            shininess 0.5
        }
    }
    geometry IndexedFaceSet {
        ccw TRUE
        solid FALSE
        coord DEF co Coordinate {
            point [
                -11.4219 -1.9488 0.1083, -11.4219 -1.9488 0.0394, -10.3412 -1.9488 0.0394, -11.4219 -1.9488 0.9331, -10.3412 -1.9488 0.1083, 5.3655 -1.9488 3.2598, 5.3655 -1.9488 3.4567, 4.5584 -1.9488 3.4567, -4.103 -1.9488 1.5118, -4.103 -1.9488 0.9331, -3.3156 -1.9488 0.9331, -6.4652 -1.9488 1.5118, -6.4652 -1.9488 0.9331, -5.6778 -1.9488 0.9331, -8.8274 -1.9488 1.5118, -8.8274 -1.9488 0.9331, -8.04 -1.9488 0.9331, -10.3412 -1.9488 1.5118, -9.6148 -1.9488 0.9331, -9.6148 -1.9488 1.5118, -9.2211 -1.9488 0.9331, -9.2211 -1.9488 1.5118, -8.04 -1.9488 1.5118, -7.6463 -1.9488 0.9331, -7.6463 -1.9488 1.5118, -7.2526 -1.9488 0.9331, -6.8589 -1.9488 0.9331, -7.2526 -1.9488 1.5118, -6.8589 -1.9488 1.5118, -5.6778 -1.9488 1.5118, -5.2841 -1.9488 0.9331, -5.2841 -1.9488 1.5118, -4.8904 -1.9488 0.9331, -4.4967 -1.9488 0.9331, -4.8904 -1.9488 1.5118, -4.4967 -1.9488 1.5118, -3.3156 -1.9488 1.5118, -2.9219 -1.9488 0.9331, -2.9219 -1.9488 1.5118, -2.5282 -1.9488 0.9331, -2.1345 -1.9488 0.9331, -2.5282 -1.9488 1.5118, -2.1345 -1.9488 1.5118, -1.7408 -1.9488 0.9331, -0.5597 -1.9488 0.9331, -1.7408 -1.9488 1.5118, -0.5597 -1.9488 1.5118, -0.166 -1.9488 0.9331, 0.2277 -1.9488 0.9331, -0.166 -1.9488 1.5118, 0.2277 -1.9488 1.5118, 0.6214 -1.9488 0.9331, 1.4088 -1.9488 0.9331, 0.6214 -1.9488 1.5118, 1.4088 -1.9488 1.5118, 1.8025 -1.9488 0.9331, 2.1962 -1.9488 0.9331, 1.8025 -1.9488 1.5118, 2.1962 -1.9488 1.5118, 2.5899 -1.9488 0.9331, 2.9836 -1.9488 0.9331, 2.5899 -1.9488 1.5118, 2.9836 -1.9488 1.5118, 5.5663 -1.9488 1.5118, 4.5584 -1.9488 1.5118, 4.5584 -1.9488 0.9331, 4.1647 -1.9488 1.5118, 4.1647 -1.9488 0.9331, 3.3773 -1.9488 1.5118, 3.3773 -1.9488 0.9331, 4.5584 -1.9488 2.6142, 5.7199 -1.9488 3.2598, 5.5663 -1.9488 2.6142, 4.1647 -1.9488 3.4567, 4.1647 -1.9488 2.6142, 3.3773 -1.9488 3.4567, 3.3773 -1.9488 2.6142, 2.9836 -1.9488 3.4567, 2.9836 -1.9488 2.6142, 2.5899 -1.9488 3.4567, 2.5899 -1.9488 2.6142, 2.1962 -1.9488 3.4567, 2.1962 -1.9488 2.6142, 1.8025 -1.9488 3.4567, 1.8025 -1.9488 2.6142, 1.4088 -1.9488 3.4567, 1.4088 -1.9488 2.6142, 0.6214 -1.9488 3.4567, 0.6214 -1.9488 2.6142, 0.2277 -1.9488 3.4567, 0.2277 -1.9488 2.6142, -0.166 -1.9488 3.4567, -0.166 -1.9488 2.6142, -0.5597 -1.9488 3.4567, -0.5597 -1.9488 2.6142, -1.7408 -1.9488 3.4567, -1.7408 -1.9488 2.6142, -2.1345 -1.9488 3.4567, -2.1345 -1.9488 2.6142, -2.5282 -1.9488 3.4567, -2.5282 -1.9488 2.6142, -2.9219 -1.9488 3.4567, -2.9219 -1.9488 2.6142, -3.3156 -1.9488 3.4567, -3.3156 -1.9488 2.6142, -4.103 -1.9488 3.4567, -4.103 -1.9488 2.6142, -4.4967 -1.9488 3.4567, -4.4967 -1.9488 2.6142, -4.8904 -1.9488 3.4567, -4.8904 -1.9488 2.6142, -5.2841 -1.9488 3.4567, -5.2841 -1.9488 2.6142, -5.6778 -1.9488 3.4567, -5.6778 -1.9488 2.6142, -6.4652 -1.9488 3.4567, -6.4652 -1.9488 2.6142, -6.8589 -1.9488 3.4567, -6.8589 -1.9488 2.6142, -7.2526 -1.9488 3.4567, -7.2526 -1.9488 2.6142, -7.6463 -1.9488 3.4567, -7.6463 -1.9488 2.6142, -8.04 -1.9488 3.4567, -8.04 -1.9488 2.6142, -8.8274 -1.9488 3.4567, -8.8274 -1.9488 2.6142, -9.2211 -1.9488 3.4567, -9.2211 -1.9488 2.6142, -9.6148 -1.9488 3.4567, -9.6148 -1.9488 2.6142, -10.3412 -1.9488 3.4567, -10.3412 -1.9488 2.6142, 5.8852 -1.9488 1.5118, 5.8734 -1.9488 1.5118, 5.7199 -1.9488 0.9331, 5.8734 -1.9488 2.6142, 5.8852 -1.9488 0.9331, 6.1332 -1.9488 0.9331, 6.1332 -1.9488 1.5118, 6.9206 -1.9488 0.9331, 6.9206 -1.9488 1.5118, 7.3143 -1.9488 0.9331, 7.708 -1.9488 0.9331, 7.3143 -1.9488 1.5118, 7.708 -1.9488 1.5118, 8.1017 -1.9488 0.9331, 8.4954 -1.9488 0.9331, 8.1017 -1.9488 1.5118, 8.4954 -1.9488 1.5118, 8.8891 -1.9488 0.9331, 9.2828 -1.9488 0.9331, 8.8891 -1.9488 1.5118, 9.2828 -1.9488 1.5118, 10.8813 -1.9488 1.5118, 11.4718 -1.9488 0.9331, 10.8813 -1.9488 2.6142, 11.4718 -1.9488 3.4567, 9.2828 -1.9488 2.6142, 6.1332 -1.9488 3.4567, 6.0584 -1.9488 3.4567, 6.0584 -1.9488 3.2598, 5.8852 -1.9488 3.2598, 5.8852 -1.9488 2.6142, 6.1332 -1.9488 2.6142, 6.9206 -1.9488 2.6142, 6.9206 -1.9488 3.4567, 7.3143 -1.9488 2.6142, 7.3143 -1.9488 3.4567, 7.708 -1.9488 2.6142, 7.708 -1.9488 3.4567, 8.1017 -1.9488 2.6142, 8.1017 -1.9488 3.4567, 8.4954 -1.9488 2.6142, 8.4954 -1.9488 3.4567, 8.8891 -1.9488 2.6142, 8.8891 -1.9488 3.4567, 9.2828 -1.9488 3.4567, -9.6148 -1.9488 0.1083, -9.851 -1.9488 0.1772, -9.7723 -1.9488 0.1772, -10.3412 -1.9488 0.9331, -9.851 -1.9488 0.3543, -10.6345 -1.9488 3.4567, -10.6345 -1.9488 3.2598, -10.8313 -1.9488 2.6142, -11.4219 -1.9488 3.2598, -10.8313 -1.9488 1.5118, -9.7723 -1.9488 0.3543, -9.4573 -1.9488 0.1772, -9.4573 -1.9488 0.3543, -9.3786 -1.9488 0.1772, -9.2211 -1.9488 0.1083, -9.3786 -1.9488 0.3543, -9.0636 -1.9488 0.3543, -8.9849 -1.9488 0.3543, -8.8274 -1.9488 0.1083, -8.9849 -1.9488 0.1772, -9.0636 -1.9488 0.1772, -8.2762 -1.9488 0.3543, -8.1975 -1.9488 0.3543, -8.5912 -1.9488 0.1772, -8.6699 -1.9488 0.1772, -8.6699 -1.9488 0.3543, -8.04 -1.9488 0.1083, -8.1975 -1.9488 0.1772, -8.2762 -1.9488 0.1772, -8.5912 -1.9488 0.3543, -7.8825 -1.9488 0.1772, -7.8825 -1.9488 0.3543, -7.8038 -1.9488 0.1772, -7.6463 -1.9488 0.1083, -7.8038 -1.9488 0.3543, -7.4888 -1.9488 0.3543, -7.4101 -1.9488 0.3543, -7.2526 -1.9488 0.1083, -7.4101 -1.9488 0.1772, -7.4888 -1.9488 0.1772, -7.0951 -1.9488 0.1772, -7.0951 -1.9488 0.3543, -7.0164 -1.9488 0.1772, -6.8589 -1.9488 0.1083, -7.0164 -1.9488 0.3543, -6.7014 -1.9488 0.3543, -6.6227 -1.9488 0.3543, -6.4652 -1.9488 0.1083, -6.6227 -1.9488 0.1772, -6.7014 -1.9488 0.1772, -5.914 -1.9488 0.3543, -5.8353 -1.9488 0.3543, -6.229 -1.9488 0.1772, -6.3077 -1.9488 0.1772, -6.3077 -1.9488 0.3543, -5.6778 -1.9488 0.1083, -5.8353 -1.9488 0.1772, -5.914 -1.9488 0.1772, -6.229 -1.9488 0.3543, -5.5203 -1.9488 0.1772, -5.5203 -1.9488 0.3543, -5.4416 -1.9488 0.1772, -5.2841 -1.9488 0.1083, -5.4416 -1.9488 0.3543, -5.1266 -1.9488 0.3543, -5.0479 -1.9488 0.3543, -4.8904 -1.9488 0.1083, -5.0479 -1.9488 0.1772, -5.1266 -1.9488 0.1772, -4.7329 -1.9488 0.1772, -4.7329 -1.9488 0.3543, -4.6542 -1.9488 0.1772, -4.4967 -1.9488 0.1083, -4.6542 -1.9488 0.3543, -4.3392 -1.9488 0.3543, -4.2605 -1.9488 0.3543, -4.103 -1.9488 0.1083, -4.2605 -1.9488 0.1772, -4.3392 -1.9488 0.1772, -3.5518 -1.9488 0.3543, -3.4731 -1.9488 0.3543, -3.8668 -1.9488 0.1772, -3.9455 -1.9488 0.1772, -3.9455 -1.9488 0.3543, -3.3156 -1.9488 0.1083, -3.4731 -1.9488 0.1772, -3.5518 -1.9488 0.1772, -3.8668 -1.9488 0.3543, -3.1581 -1.9488 0.1772, -3.1581 -1.9488 0.3543, -3.0794 -1.9488 0.1772, -2.9219 -1.9488 0.1083, -3.0794 -1.9488 0.3543, -2.7644 -1.9488 0.3543, -2.6857 -1.9488 0.3543, -2.5282 -1.9488 0.1083, -2.6857 -1.9488 0.1772, -2.7644 -1.9488 0.1772, -2.3707 -1.9488 0.1772, -2.3707 -1.9488 0.3543, -2.292 -1.9488 0.1772, -2.1345 -1.9488 0.1083, -2.292 -1.9488 0.3543, -1.977 -1.9488 0.3543, -1.8983 -1.9488 0.3543, -1.7408 -1.9488 0.1083, -1.8983 -1.9488 0.1772, -1.977 -1.9488 0.1772, -0.5597 -1.9488 0.1083, -0.7172 -1.9488 0.1772, -0.7959 -1.9488 0.1772, -1.5046 -1.9488 0.1772, -1.5833 -1.9488 0.1772, -1.5833 -1.9488 0.3543, -1.5046 -1.9488 0.3543, -0.7172 -1.9488 0.3543, -0.7959 -1.9488 0.3543, -1.1896 -1.9488 0.1772, -1.1109 -1.9488 0.1772, -1.1109 -1.9488 0.3543, -1.1896 -1.9488 0.3543, -0.4022 -1.9488 0.3543, -0.3235 -1.9488 0.3543, -0.166 -1.9488 0.1083, -0.3235 -1.9488 0.1772, -0.4022 -1.9488 0.1772, -0.0085 -1.9488 0.1772, -0.0085 -1.9488 0.3543, 0.0702 -1.9488 0.1772, 0.2277 -1.9488 0.1083, 0.0702 -1.9488 0.3543, 0.3852 -1.9488 0.3543, 0.4639 -1.9488 0.3543, 0.6214 -1.9488 0.1083, 0.4639 -1.9488 0.1772, 0.3852 -1.9488 0.1772, 0.8576 -1.9488 0.1772, 0.7789 -1.9488 0.1772, 0.7789 -1.9488 0.3543, 0.8576 -1.9488 0.3543, 1.4088 -1.9488 0.1083, 1.1726 -1.9488 0.1772, 1.1726 -1.9488 0.3543, 1.2513 -1.9488 0.3543, 1.2513 -1.9488 0.1772, 1.5663 -1.9488 0.3543, 1.645 -1.9488 0.3543, 1.8025 -1.9488 0.1083, 1.645 -1.9488 0.1772, 1.5663 -1.9488 0.1772, 1.96 -1.9488 0.1772, 1.96 -1.9488 0.3543, 2.0387 -1.9488 0.1772, 2.1962 -1.9488 0.1083, 2.0387 -1.9488 0.3543, 2.3537 -1.9488 0.3543, 2.4325 -1.9488 0.3543, 2.5899 -1.9488 0.1083, 2.4325 -1.9488 0.1772, 2.3537 -1.9488 0.1772, 2.7474 -1.9488 0.1772, 2.7474 -1.9488 0.3543, 2.8262 -1.9488 0.1772, 2.9836 -1.9488 0.1083, 2.8262 -1.9488 0.3543, 3.1411 -1.9488 0.3543, 3.2199 -1.9488 0.3543, 3.3773 -1.9488 0.1083, 3.2199 -1.9488 0.1772, 3.1411 -1.9488 0.1772, 3.6136 -1.9488 0.3543, 3.6136 -1.9488 0.1772, 3.9285 -1.9488 0.1772, 4.0073 -1.9488 0.1772, 4.1647 -1.9488 0.1083, 3.5348 -1.9488 0.1772, 3.5348 -1.9488 0.3543, 3.9285 -1.9488 0.3543, 4.0073 -1.9488 0.3543, 4.3222 -1.9488 0.1772, 4.3222 -1.9488 0.3543, 4.401 -1.9488 0.1772, 4.5584 -1.9488 0.1083, 4.401 -1.9488 0.3543, 4.7159 -1.9488 0.3543, 4.7947 -1.9488 0.3543, 5.7199 -1.9488 0.1083, 4.7947 -1.9488 0.1772, 4.7159 -1.9488 0.1772, 6.1332 -1.9488 0.1083, 5.9758 -1.9488 0.1772, 5.8852 -1.9488 0.1083, 5.897 -1.9488 0.1772, 5.897 -1.9488 0.3543, 5.9758 -1.9488 0.3543, 6.3695 -1.9488 0.1772, 6.2907 -1.9488 0.1772, 6.2907 -1.9488 0.3543, 6.3695 -1.9488 0.3543, 6.9206 -1.9488 0.1083, 6.6844 -1.9488 0.1772, 6.6844 -1.9488 0.3543, 6.7632 -1.9488 0.3543, 6.7632 -1.9488 0.1772, 7.0781 -1.9488 0.3543, 7.1569 -1.9488 0.3543, 7.3143 -1.9488 0.1083, 7.1569 -1.9488 0.1772, 7.0781 -1.9488 0.1772, 7.4718 -1.9488 0.1772, 7.4718 -1.9488 0.3543, 7.5506 -1.9488 0.1772, 7.708 -1.9488 0.1083, 7.5506 -1.9488 0.3543, 7.8655 -1.9488 0.3543, 7.9443 -1.9488 0.3543, 8.1017 -1.9488 0.1083, 7.9443 -1.9488 0.1772, 7.8655 -1.9488 0.1772, 8.2592 -1.9488 0.1772, 8.2592 -1.9488 0.3543, 8.338 -1.9488 0.1772, 8.4954 -1.9488 0.1083, 8.338 -1.9488 0.3543, 8.6529 -1.9488 0.3543, 8.7317 -1.9488 0.3543, 8.8891 -1.9488 0.1083, 8.7317 -1.9488 0.1772, 8.6529 -1.9488 0.1772, 9.0466 -1.9488 0.1772, 9.0466 -1.9488 0.3543, 9.1254 -1.9488 0.1772, 9.2828 -1.9488 0.1083, 9.1254 -1.9488 0.3543, 9.5191 -1.9488 0.1772, 9.4403 -1.9488 0.1772, 9.4403 -1.9488 0.3543, 9.5191 -1.9488 0.3543, 11.4718 -1.9488 0.1083, 9.834 -1.9488 0.1772, 9.834 -1.9488 0.3543, 9.9128 -1.9488 0.3543, 9.9128 -1.9488 0.1772, -9.6148 -1.9488 0.0394, -9.2211 -1.9488 0.0394, -8.8274 -1.9488 0.0394, -8.04 -1.9488 0.0394, -7.6463 -1.9488 0.0394, -7.2526 -1.9488 0.0394, -6.8589 -1.9488 0.0394, -6.4652 -1.9488 0.0394, -5.6778 -1.9488 0.0394, -5.2841 -1.9488 0.0394, -4.8904 -1.9488 0.0394, -4.4967 -1.9488 0.0394, -4.103 -1.9488 0.0394, -3.3156 -1.9488 0.0394, -2.9219 -1.9488 0.0394, -2.5282 -1.9488 0.0394, -2.1345 -1.9488 0.0394, -1.7408 -1.9488 0.0394, -0.5597 -1.9488 0.0394, -0.166 -1.9488 0.0394, 0.2277 -1.9488 0.0394, 0.6214 -1.9488 0.0394, 1.4088 -1.9488 0.0394, 1.8025 -1.9488 0.0394, 2.1962 -1.9488 0.0394, 2.5899 -1.9488 0.0394, 2.9836 -1.9488 0.0394, 3.3773 -1.9488 0.0394, 4.1647 -1.9488 0.0394, 4.5584 -1.9488 0.0394, 5.7199 -1.9488 0.0394, 5.8852 -1.9488 0.0394, 6.1332 -1.9488 0.0394, 6.9206 -1.9488 0.0394, 7.3143 -1.9488 0.0394, 7.708 -1.9488 0.0394, 8.1017 -1.9488 0.0394, 8.4954 -1.9488 0.0394, 8.8891 -1.9488 0.0394, 9.2828 -1.9488 0.0394, 11.4718 -1.9488 0.0394, -11.4219 1.9488 3.4567, -11.4219 1.9488 0.0394, -11.4219 0.9842 0.2362, -11.4219 0.9842 0.0394, -11.4219 0.2559 3.4567, -11.4219 0.2559 3.2598, -11.4219 -0.9843 0.2362, -11.4219 -0.9843 0.0394, 6.0584 0.2165 3.4567, 11.4718 1.9488 3.4567, 6.0535 0.2603 3.4567, -10.8313 0.2559 3.4567, -10.6774 0.1818 3.4567, -10.654 0.1444 3.4567, 5.4085 0.3392 3.4567, 5.4396 0.3704 3.4567, 5.8616 0.4134 3.4567, 5.9054 0.4084 3.4567, 5.947 0.3939 3.4567, 5.9843 0.3704 3.4567, 6.0155 0.3392 3.4567, 6.0389 0.3019 3.4567, -10.6394 0.1028 3.4567, -10.6345 0.059 3.4567, -10.7875 0.251 3.4567, -10.7459 0.2364 3.4567, -10.7086 0.2129 3.4567, 5.385 0.3019 3.4567, 5.3705 0.2603 3.4567, 5.477 0.3939 3.4567, 5.5186 0.4084 3.4567, 5.5624 0.4134 3.4567, 5.3655 0.2165 3.4567, 11.4718 -0.9843 0.0394, 11.4718 -0.9843 0.2362, 11.4718 0.9842 0.0394, 11.4718 1.9488 0.0394, 11.4718 0.9842 0.2362, -10.3412 1.9488 0.1083, -11.4219 1.9488 0.1083, -11.4219 1.9488 0.9331, -0.4022 1.9488 0.1772, -0.5597 1.9488 0.1083, -0.5597 1.9488 0.9331, 5.8852 1.9488 0.1083, 5.7199 1.9488 0.1083, 5.7199 1.9488 0.9331, -10.3412 1.9488 2.6142, -10.8313 1.9488 2.6142, 4.5584 1.9488 3.4567, 4.1647 1.9488 2.6142, 4.1647 1.9488 3.4567, 3.3773 1.9488 2.6142, 3.3773 1.9488 3.4567, 2.9836 1.9488 2.6142, 2.9836 1.9488 3.4567, 2.5899 1.9488 2.6142, 2.5899 1.9488 3.4567, 2.1962 1.9488 2.6142, 2.1962 1.9488 3.4567, 1.8025 1.9488 2.6142, 1.8025 1.9488 3.4567, 1.4088 1.9488 2.6142, 1.4088 1.9488 3.4567, 0.6214 1.9488 2.6142, 0.6214 1.9488 3.4567, 0.2277 1.9488 2.6142, 0.2277 1.9488 3.4567, -0.166 1.9488 2.6142, -0.166 1.9488 3.4567, -0.5597 1.9488 2.6142, -0.5597 1.9488 3.4567, -1.7408 1.9488 2.6142, -1.7408 1.9488 3.4567, -2.1345 1.9488 2.6142, -2.1345 1.9488 3.4567, -2.5282 1.9488 2.6142, -2.5282 1.9488 3.4567, -2.9219 1.9488 2.6142, -2.9219 1.9488 3.4567, -3.3156 1.9488 2.6142, -3.3156 1.9488 3.4567, -4.103 1.9488 2.6142, -4.103 1.9488 3.4567, -4.4967 1.9488 2.6142, -4.4967 1.9488 3.4567, -4.8904 1.9488 2.6142, -4.8904 1.9488 3.4567, -5.2841 1.9488 2.6142, -5.2841 1.9488 3.4567, -5.6778 1.9488 2.6142, -5.6778 1.9488 3.4567, -6.4652 1.9488 2.6142, -6.4652 1.9488 3.4567, -6.8589 1.9488 2.6142, -6.8589 1.9488 3.4567, -7.2526 1.9488 2.6142, -7.2526 1.9488 3.4567, -7.6463 1.9488 2.6142, -7.6463 1.9488 3.4567, -8.04 1.9488 2.6142, -8.04 1.9488 3.4567, -8.8274 1.9488 2.6142, -8.8274 1.9488 3.4567, -9.2211 1.9488 2.6142, -9.2211 1.9488 3.4567, -9.6148 1.9488 2.6142, -9.6148 1.9488 3.4567, -10.3412 1.9488 3.4567, 4.5584 1.9488 1.5118, 5.5663 1.9488 1.5118, 5.5663 1.9488 2.6142, 4.5584 1.9488 0.9331, 4.1647 1.9488 0.9331, 4.1647 1.9488 1.5118, 3.3773 1.9488 0.9331, 3.3773 1.9488 1.5118, 2.9836 1.9488 0.9331, 2.9836 1.9488 1.5118, 2.5899 1.9488 0.9331, 2.5899 1.9488 1.5118, 2.1962 1.9488 0.9331, 2.1962 1.9488 1.5118, 1.8025 1.9488 0.9331, 1.8025 1.9488 1.5118, 1.4088 1.9488 0.9331, 1.4088 1.9488 1.5118, 0.6214 1.9488 0.9331, 0.6214 1.9488 1.5118, 0.2277 1.9488 0.9331, 0.2277 1.9488 1.5118, -0.166 1.9488 0.9331, -0.166 1.9488 1.5118, -0.5597 1.9488 1.5118, -10.8313 1.9488 1.5118, -10.3412 1.9488 1.5118, -10.3412 1.9488 0.9331, -9.6148 1.9488 1.5118, -9.6148 1.9488 0.9331, -9.2211 1.9488 1.5118, -9.2211 1.9488 0.9331, -8.8274 1.9488 1.5118, -8.8274 1.9488 0.9331, -8.04 1.9488 1.5118, -8.04 1.9488 0.9331, -7.6463 1.9488 1.5118, -7.6463 1.9488 0.9331, -7.2526 1.9488 1.5118, -7.2526 1.9488 0.9331, -6.8589 1.9488 1.5118, -6.8589 1.9488 0.9331, -6.4652 1.9488 1.5118, -6.4652 1.9488 0.9331, -5.6778 1.9488 1.5118, -5.6778 1.9488 0.9331, -5.2841 1.9488 1.5118, -5.2841 1.9488 0.9331, -4.8904 1.9488 1.5118, -4.8904 1.9488 0.9331, -4.4967 1.9488 1.5118, -4.4967 1.9488 0.9331, -4.103 1.9488 1.5118, -4.103 1.9488 0.9331, -3.3156 1.9488 1.5118, -3.3156 1.9488 0.9331, -2.9219 1.9488 1.5118, -2.9219 1.9488 0.9331, -2.5282 1.9488 1.5118, -2.5282 1.9488 0.9331, -2.1345 1.9488 1.5118, -2.1345 1.9488 0.9331, -1.7408 1.9488 1.5118, -1.7408 1.9488 0.9331, 5.8852 1.9488 2.6142, 5.8734 1.9488 2.6142, 5.7199 1.9488 3.4567, 4.5584 1.9488 2.6142, 5.8852 1.9488 3.4567, 6.1332 1.9488 3.4567, 6.1332 1.9488 2.6142, 6.9206 1.9488 3.4567, 6.9206 1.9488 2.6142, 7.3143 1.9488 3.4567, 7.3143 1.9488 2.6142, 7.708 1.9488 3.4567, 7.708 1.9488 2.6142, 8.1017 1.9488 3.4567, 8.1017 1.9488 2.6142, 8.4954 1.9488 3.4567, 8.4954 1.9488 2.6142, 8.8891 1.9488 3.4567, 8.8891 1.9488 2.6142, 9.2828 1.9488 3.4567, 9.2828 1.9488 2.6142, 5.8734 1.9488 1.5118, 5.8852 1.9488 1.5118, 5.8852 1.9488 0.9331, 6.1332 1.9488 1.5118, 6.1332 1.9488 0.9331, 6.9206 1.9488 1.5118, 6.9206 1.9488 0.9331, 7.3143 1.9488 1.5118, 7.3143 1.9488 0.9331, 7.708 1.9488 1.5118, 7.708 1.9488 0.9331, 8.1017 1.9488 1.5118, 8.1017 1.9488 0.9331, 8.4954 1.9488 1.5118, 8.4954 1.9488 0.9331, 8.8891 1.9488 1.5118, 8.8891 1.9488 0.9331, 9.2828 1.9488 1.5118, 5.7199 1.9488 0.0394, 5.8852 1.9488 0.0394, 6.1332 1.9488 0.0394, 6.1332 1.9488 0.1083, 6.9206 1.9488 0.0394, 6.9206 1.9488 0.1083, 7.3143 1.9488 0.0394, 7.3143 1.9488 0.1083, 7.708 1.9488 0.0394, 7.708 1.9488 0.1083, 8.1017 1.9488 0.0394, 8.1017 1.9488 0.1083, 8.4954 1.9488 0.0394, 8.4954 1.9488 0.1083, 8.8891 1.9488 0.0394, 8.8891 1.9488 0.1083, 9.2828 1.9488 0.0394, 9.2828 1.9488 0.1083, -0.5597 1.9488 0.0394, -0.166 1.9488 0.0394, -0.166 1.9488 0.1083, 0.2277 1.9488 0.0394, 0.2277 1.9488 0.1083, 0.6214 1.9488 0.0394, 0.6214 1.9488 0.1083, 1.4088 1.9488 0.0394, 1.4088 1.9488 0.1083, 1.8025 1.9488 0.0394, 1.8025 1.9488 0.1083, 2.1962 1.9488 0.0394, 2.1962 1.9488 0.1083, 2.5899 1.9488 0.0394, 2.5899 1.9488 0.1083, 2.9836 1.9488 0.0394, 2.9836 1.9488 0.1083, 3.3773 1.9488 0.0394, 3.3773 1.9488 0.1083, 4.1647 1.9488 0.0394, 4.1647 1.9488 0.1083, 4.5584 1.9488 0.0394, 4.5584 1.9488 0.1083, -10.3412 1.9488 0.0394, -9.6148 1.9488 0.0394, -9.6148 1.9488 0.1083, -9.2211 1.9488 0.0394, -9.2211 1.9488 0.1083, -8.8274 1.9488 0.0394, -8.8274 1.9488 0.1083, -8.04 1.9488 0.0394, -8.04 1.9488 0.1083, -7.6463 1.9488 0.0394, -7.6463 1.9488 0.1083, -7.2526 1.9488 0.0394, -7.2526 1.9488 0.1083, -6.8589 1.9488 0.0394, -6.8589 1.9488 0.1083, -6.4652 1.9488 0.0394, -6.4652 1.9488 0.1083, -5.6778 1.9488 0.0394, -5.6778 1.9488 0.1083, -5.2841 1.9488 0.0394, -5.2841 1.9488 0.1083, -4.8904 1.9488 0.0394, -4.8904 1.9488 0.1083, -4.4967 1.9488 0.0394, -4.4967 1.9488 0.1083, -4.103 1.9488 0.0394, -4.103 1.9488 0.1083, -3.3156 1.9488 0.0394, -3.3156 1.9488 0.1083, -2.9219 1.9488 0.0394, -2.9219 1.9488 0.1083, -2.5282 1.9488 0.0394, -2.5282 1.9488 0.1083, -2.1345 1.9488 0.0394, -2.1345 1.9488 0.1083, -1.7408 1.9488 0.0394, -1.7408 1.9488 0.1083, 9.834 1.9488 0.1772, 9.9128 1.9488 0.1772, 9.4403 1.9488 0.3543, 9.4403 1.9488 0.1772, 9.5191 1.9488 0.1772, 9.5191 1.9488 0.3543, 9.2828 1.9488 0.9331, 11.4718 1.9488 0.1083, 11.4718 1.9488 0.9331, 9.9128 1.9488 0.3543, 9.834 1.9488 0.3543, 9.0466 1.9488 0.3543, 9.0466 1.9488 0.1772, 9.1254 1.9488 0.3543, 9.1254 1.9488 0.1772, 10.8813 1.9488 2.6142, 10.8813 1.9488 1.5118, 8.7317 1.9488 0.1772, 8.7317 1.9488 0.3543, 8.6529 1.9488 0.3543, 8.6529 1.9488 0.1772, 8.338 1.9488 0.1772, 8.338 1.9488 0.3543, 8.2592 1.9488 0.3543, 8.2592 1.9488 0.1772, 7.9443 1.9488 0.1772, 7.9443 1.9488 0.3543, 7.8655 1.9488 0.3543, 7.8655 1.9488 0.1772, 7.5506 1.9488 0.1772, 7.5506 1.9488 0.3543, 7.4718 1.9488 0.3543, 7.4718 1.9488 0.1772, 7.1569 1.9488 0.1772, 7.1569 1.9488 0.3543, 7.0781 1.9488 0.3543, 7.0781 1.9488 0.1772, 6.6844 1.9488 0.1772, 6.7632 1.9488 0.1772, 6.7632 1.9488 0.3543, 6.2907 1.9488 0.3543, 6.2907 1.9488 0.1772, 6.3695 1.9488 0.1772, 6.3695 1.9488 0.3543, 6.6844 1.9488 0.3543, 5.9758 1.9488 0.3543, 5.897 1.9488 0.3543, 5.897 1.9488 0.1772, 5.9758 1.9488 0.1772, 4.7159 1.9488 0.1772, 4.7947 1.9488 0.1772, 4.7947 1.9488 0.3543, 4.7159 1.9488 0.3543, 4.401 1.9488 0.1772, 4.401 1.9488 0.3543, 4.3222 1.9488 0.3543, 4.3222 1.9488 0.1772, 3.9285 1.9488 0.1772, 4.0073 1.9488 0.1772, 4.0073 1.9488 0.3543, 3.5348 1.9488 0.3543, 3.5348 1.9488 0.1772, 3.6136 1.9488 0.1772, 3.6136 1.9488 0.3543, 3.9285 1.9488 0.3543, 3.2199 1.9488 0.1772, 3.2199 1.9488 0.3543, 3.1411 1.9488 0.3543, 3.1411 1.9488 0.1772, 2.8262 1.9488 0.1772, 2.8262 1.9488 0.3543, 2.7474 1.9488 0.3543, 2.7474 1.9488 0.1772, 2.4325 1.9488 0.1772, 2.4325 1.9488 0.3543, 2.3537 1.9488 0.3543, 2.3537 1.9488 0.1772, 2.0387 1.9488 0.1772, 2.0387 1.9488 0.3543, 1.96 1.9488 0.3543, 1.96 1.9488 0.1772, 1.645 1.9488 0.1772, 1.645 1.9488 0.3543, 1.5663 1.9488 0.3543, 1.5663 1.9488 0.1772, 1.1726 1.9488 0.1772, 1.2513 1.9488 0.1772, 1.2513 1.9488 0.3543, 0.7789 1.9488 0.3543, 0.7789 1.9488 0.1772, 0.8576 1.9488 0.1772, 0.8576 1.9488 0.3543, 1.1726 1.9488 0.3543, 0.4639 1.9488 0.1772, 0.4639 1.9488 0.3543, 0.3852 1.9488 0.3543, 0.3852 1.9488 0.1772, 0.0702 1.9488 0.1772, 0.0702 1.9488 0.3543, -0.0085 1.9488 0.3543, -0.0085 1.9488 0.1772, -0.3235 1.9488 0.1772, -0.3235 1.9488 0.3543, -0.4022 1.9488 0.3543, -0.7959 1.9488 0.1772, -1.1109 1.9488 0.3543, -1.1896 1.9488 0.3543, -1.5833 1.9488 0.3543, -1.5833 1.9488 0.1772, -1.5046 1.9488 0.1772, -0.7172 1.9488 0.1772, -0.7172 1.9488 0.3543, -0.7959 1.9488 0.3543, -1.1109 1.9488 0.1772, -1.5046 1.9488 0.3543, -1.1896 1.9488 0.1772, -1.8983 1.9488 0.1772, -1.8983 1.9488 0.3543, -1.977 1.9488 0.3543, -1.977 1.9488 0.1772, -2.292 1.9488 0.1772, -2.292 1.9488 0.3543, -2.3707 1.9488 0.3543, -2.3707 1.9488 0.1772, -2.6857 1.9488 0.1772, -2.6857 1.9488 0.3543, -2.7644 1.9488 0.3543, -2.7644 1.9488 0.1772, -3.0794 1.9488 0.1772, -3.0794 1.9488 0.3543, -3.1581 1.9488 0.3543, -3.1581 1.9488 0.1772, -3.5518 1.9488 0.1772, -3.4731 1.9488 0.1772, -3.4731 1.9488 0.3543, -3.9455 1.9488 0.3543, -3.9455 1.9488 0.1772, -3.8668 1.9488 0.1772, -3.8668 1.9488 0.3543, -3.5518 1.9488 0.3543, -4.2605 1.9488 0.1772, -4.2605 1.9488 0.3543, -4.3392 1.9488 0.3543, -4.3392 1.9488 0.1772, -4.6542 1.9488 0.1772, -4.6542 1.9488 0.3543, -4.7329 1.9488 0.3543, -4.7329 1.9488 0.1772, -5.0479 1.9488 0.1772, -5.0479 1.9488 0.3543, -5.1266 1.9488 0.3543, -5.1266 1.9488 0.1772, -5.4416 1.9488 0.1772, -5.4416 1.9488 0.3543, -5.5203 1.9488 0.3543, -5.5203 1.9488 0.1772, -5.914 1.9488 0.1772, -5.8353 1.9488 0.1772, -5.8353 1.9488 0.3543, -6.3077 1.9488 0.3543, -6.3077 1.9488 0.1772, -6.229 1.9488 0.1772, -6.229 1.9488 0.3543, -5.914 1.9488 0.3543, -6.6227 1.9488 0.1772, -6.6227 1.9488 0.3543, -6.7014 1.9488 0.3543, -6.7014 1.9488 0.1772, -7.0164 1.9488 0.1772, -7.0164 1.9488 0.3543, -7.0951 1.9488 0.3543, -7.0951 1.9488 0.1772, -7.4101 1.9488 0.1772, -7.4101 1.9488 0.3543, -7.4888 1.9488 0.3543, -7.4888 1.9488 0.1772, -7.8038 1.9488 0.1772, -7.8038 1.9488 0.3543, -7.8825 1.9488 0.3543, -7.8825 1.9488 0.1772, -8.2762 1.9488 0.1772, -8.1975 1.9488 0.1772, -8.1975 1.9488 0.3543, -8.6699 1.9488 0.3543, -8.6699 1.9488 0.1772, -8.5912 1.9488 0.1772, -8.5912 1.9488 0.3543, -8.2762 1.9488 0.3543, -8.9849 1.9488 0.1772, -8.9849 1.9488 0.3543, -9.0636 1.9488 0.3543, -9.0636 1.9488 0.1772, -9.3786 1.9488 0.1772, -9.3786 1.9488 0.3543, -9.4573 1.9488 0.3543, -9.4573 1.9488 0.1772, -9.7723 1.9488 0.3543, -9.851 1.9488 0.3543, -9.851 1.9488 0.1772, -9.7723 1.9488 0.1772, -10.2408 0.9842 0.0394, 10.2907 -0.9843 0.0394, 10.2907 0.9842 0.0394, -10.2408 -0.9843 0.0394, -10.6345 -1.752 1.7087, -10.6345 -1.1614 1.7087, -10.6345 -1.752 2.4173, -10.6345 -1.1614 2.4173, 5.3695 -1.752 2.4173, 5.3695 -1.1614 2.4173, 5.3695 -1.752 1.7087, 5.3695 -1.1614 1.7087, 10.6844 -1.752 1.7087, 10.6844 -1.1614 1.7087, 6.0702 -1.752 1.7087, 6.0702 -1.1614 1.7087, 6.0702 -1.752 2.4173, 6.0702 -1.1614 2.4173, 10.6844 -1.752 2.4173, 10.6844 -1.1614 2.4173, 10.6844 1.7519 2.4173, 10.6844 1.1614 2.4173, 6.0702 1.7519 2.4173, 6.0702 1.1614 2.4173, 6.0702 1.7519 1.7087, 6.0702 1.1614 1.7087, 10.6844 1.7519 1.7087, 10.6844 1.1614 1.7087, -10.6345 1.7519 2.4173, -10.6345 1.1614 2.4173, -10.6345 1.7519 1.7087, -10.6345 1.1614 1.7087, 5.3695 1.7519 1.7087, 5.3695 1.1614 1.7087, 5.3695 1.7519 2.4173, 5.3695 1.1614 2.4173, -10.6345 0.059 3.2598, -10.6394 0.1028 3.2598, -10.654 0.1444 3.2598, -10.6774 0.1818 3.2598, -10.7086 0.2129 3.2598, -10.7459 0.2364 3.2598, -10.7875 0.251 3.2598, -10.8313 0.2559 3.2598, 6.0584 0.2165 3.2598, 6.0535 0.2603 3.2598, 6.0389 0.3019 3.2598, 6.0155 0.3392 3.2598, 5.9843 0.3704 3.2598, 5.947 0.3939 3.2598, 5.9054 0.4084 3.2598, 5.8616 0.4134 3.2598, 5.3655 0.2165 3.2598, 5.5624 0.4134 3.2598, 5.5186 0.4084 3.2598, 5.477 0.3939 3.2598, 5.4396 0.3704 3.2598, 5.4085 0.3392 3.2598, 5.385 0.3019 3.2598, 5.3705 0.2603 3.2598
            ]
        }
        coordIndex [
            0,1,2,-1,3,0,4,-1,5,6,7,-1,8,9,10,-1,11,12,13,-1,14,15,16,-1,17,18,19,-1,19,18,20,-1,19,20,21,-1,14,16,22,-1,22,16,23,-1,22,23,24,-1,25,26,27,-1,27,26,28,-1,11,13,29,-1,29,13,30,-1,29,30,31,-1,32,33,34,-1,34,33,35,-1,8,10,36,-1,36,10,37,-1,36,37,38,-1,39,40,41,-1,41,40,42,-1,43,44,45,-1,45,44,46,-1,47,48,49,-1,49,48,50,-1,51,52,53,-1,53,52,54,-1,55,56,57,-1,57,56,58,-1,59,60,61,-1,61,60,62,-1,63,64,65,-1,65,64,66,-1,65,66,67,-1,67,66,68,-1,67,68,69,-1,5,70,71,-1,71,70,72,-1,5,7,70,-1,70,7,73,-1,70,73,74,-1,74,73,75,-1,74,75,76,-1,76,75,77,-1,76,77,78,-1,78,77,79,-1,78,79,80,-1,80,79,81,-1,80,81,82,-1,82,81,83,-1,82,83,84,-1,84,83,85,-1,84,85,86,-1,86,85,87,-1,86,87,88,-1,88,87,89,-1,88,89,90,-1,90,89,91,-1,90,91,92,-1,92,91,93,-1,92,93,94,-1,94,93,95,-1,94,95,96,-1,96,95,97,-1,96,97,98,-1,98,97,99,-1,98,99,100,-1,100,99,101,-1,100,101,102,-1,102,101,103,-1,102,103,104,-1,104,103,105,-1,104,105,106,-1,106,105,107,-1,106,107,108,-1,108,107,109,-1,108,109,110,-1,110,109,111,-1,110,111,112,-1,112,111,113,-1,112,113,114,-1,114,113,115,-1,114,115,116,-1,116,115,117,-1,116,117,118,-1,118,117,119,-1,118,119,120,-1,120,119,121,-1,120,121,122,-1,122,121,123,-1,122,123,124,-1,124,123,125,-1,124,125,126,-1,126,125,127,-1,126,127,128,-1,128,127,129,-1,128,129,130,-1,130,129,131,-1,130,131,132,-1,133,134,135,-1,135,134,136,-1,135,137,133,-1,133,137,138,-1,133,138,139,-1,139,138,140,-1,139,140,141,-1,142,143,144,-1,144,143,145,-1,146,147,148,-1,148,147,149,-1,150,151,152,-1,152,151,153,-1,153,151,154,-1,154,151,155,-1,154,155,156,-1,156,155,157,-1,156,157,158,-1,159,160,161,-1,72,135,71,-1,71,135,136,-1,71,136,162,-1,162,136,163,-1,162,163,161,-1,161,163,164,-1,161,164,159,-1,159,164,165,-1,159,165,166,-1,166,165,167,-1,166,167,168,-1,168,167,169,-1,168,169,170,-1,170,169,171,-1,170,171,172,-1,172,171,173,-1,172,173,174,-1,174,173,175,-1,174,175,176,-1,176,175,158,-1,176,158,177,-1,177,158,157,-1,4,178,179,-1,179,178,180,-1,3,4,181,-1,181,4,179,-1,181,179,182,-1,131,183,132,-1,132,183,184,-1,132,184,185,-1,185,184,186,-1,185,186,187,-1,187,186,3,-1,187,3,17,-1,17,3,181,-1,17,181,18,-1,18,181,182,-1,18,182,188,-1,178,189,190,-1,189,178,191,-1,191,178,192,-1,191,192,193,-1,193,192,20,-1,193,20,190,-1,190,20,18,-1,190,18,178,-1,178,18,188,-1,178,188,180,-1,194,195,15,-1,192,196,197,-1,197,198,192,-1,192,198,194,-1,192,194,20,-1,20,194,15,-1,20,15,21,-1,21,15,14,-1,199,200,16,-1,201,202,196,-1,196,202,203,-1,204,205,206,-1,196,204,201,-1,201,204,206,-1,201,206,207,-1,206,199,207,-1,207,199,16,-1,207,16,203,-1,203,16,15,-1,203,15,196,-1,196,15,195,-1,196,195,197,-1,204,208,209,-1,208,204,210,-1,210,204,211,-1,210,211,212,-1,212,211,23,-1,212,23,209,-1,209,23,16,-1,209,16,204,-1,204,16,200,-1,204,200,205,-1,213,214,25,-1,211,215,216,-1,216,217,211,-1,211,217,213,-1,211,213,23,-1,23,213,25,-1,23,25,24,-1,24,25,27,-1,215,218,219,-1,218,215,220,-1,220,215,221,-1,220,221,222,-1,222,221,26,-1,222,26,219,-1,219,26,25,-1,219,25,215,-1,215,25,214,-1,215,214,216,-1,223,224,12,-1,221,225,226,-1,226,227,221,-1,221,227,223,-1,221,223,26,-1,26,223,12,-1,26,12,28,-1,28,12,11,-1,228,229,13,-1,230,231,225,-1,225,231,232,-1,233,234,235,-1,225,233,230,-1,230,233,235,-1,230,235,236,-1,235,228,236,-1,236,228,13,-1,236,13,232,-1,232,13,12,-1,232,12,225,-1,225,12,224,-1,225,224,226,-1,233,237,238,-1,237,233,239,-1,239,233,240,-1,239,240,241,-1,241,240,30,-1,241,30,238,-1,238,30,13,-1,238,13,233,-1,233,13,229,-1,233,229,234,-1,242,243,32,-1,240,244,245,-1,245,246,240,-1,240,246,242,-1,240,242,30,-1,30,242,32,-1,30,32,31,-1,31,32,34,-1,244,247,248,-1,247,244,249,-1,249,244,250,-1,249,250,251,-1,251,250,33,-1,251,33,248,-1,248,33,32,-1,248,32,244,-1,244,32,243,-1,244,243,245,-1,252,253,9,-1,250,254,255,-1,255,256,250,-1,250,256,252,-1,250,252,33,-1,33,252,9,-1,33,9,35,-1,35,9,8,-1,257,258,10,-1,259,260,254,-1,254,260,261,-1,262,263,264,-1,254,262,259,-1,259,262,264,-1,259,264,265,-1,264,257,265,-1,265,257,10,-1,265,10,261,-1,261,10,9,-1,261,9,254,-1,254,9,253,-1,254,253,255,-1,262,266,267,-1,266,262,268,-1,268,262,269,-1,268,269,270,-1,270,269,37,-1,270,37,267,-1,267,37,10,-1,267,10,262,-1,262,10,258,-1,262,258,263,-1,271,272,39,-1,269,273,274,-1,274,275,269,-1,269,275,271,-1,269,271,37,-1,37,271,39,-1,37,39,38,-1,38,39,41,-1,273,276,277,-1,276,273,278,-1,278,273,279,-1,278,279,280,-1,280,279,40,-1,280,40,277,-1,277,40,39,-1,277,39,273,-1,273,39,272,-1,273,272,274,-1,281,282,43,-1,279,283,284,-1,284,285,279,-1,279,285,281,-1,279,281,40,-1,40,281,43,-1,40,43,42,-1,42,43,45,-1,286,287,288,-1,289,290,283,-1,283,290,291,-1,292,44,291,-1,291,44,43,-1,291,43,283,-1,283,43,282,-1,283,282,284,-1,287,286,293,-1,293,286,44,-1,293,44,294,-1,295,286,296,-1,296,286,288,-1,296,288,297,-1,288,294,297,-1,297,294,44,-1,297,44,298,-1,298,44,292,-1,298,292,295,-1,295,292,289,-1,295,289,286,-1,286,289,283,-1,299,300,47,-1,286,301,302,-1,302,303,286,-1,286,303,299,-1,286,299,44,-1,44,299,47,-1,44,47,46,-1,46,47,49,-1,301,304,305,-1,304,301,306,-1,306,301,307,-1,306,307,308,-1,308,307,48,-1,308,48,305,-1,305,48,47,-1,305,47,301,-1,301,47,300,-1,301,300,302,-1,309,310,51,-1,307,311,312,-1,312,313,307,-1,307,313,309,-1,307,309,48,-1,48,309,51,-1,48,51,50,-1,50,51,53,-1,314,315,311,-1,311,315,316,-1,317,52,316,-1,316,52,51,-1,316,51,311,-1,311,51,310,-1,311,310,312,-1,311,318,314,-1,314,318,319,-1,314,319,317,-1,317,319,320,-1,317,320,52,-1,52,320,321,-1,52,321,318,-1,318,321,322,-1,318,322,319,-1,323,324,55,-1,318,325,326,-1,326,327,318,-1,318,327,323,-1,318,323,52,-1,52,323,55,-1,52,55,54,-1,54,55,57,-1,325,328,329,-1,328,325,330,-1,330,325,331,-1,330,331,332,-1,332,331,56,-1,332,56,329,-1,329,56,55,-1,329,55,325,-1,325,55,324,-1,325,324,326,-1,333,334,59,-1,331,335,336,-1,336,337,331,-1,331,337,333,-1,331,333,56,-1,56,333,59,-1,56,59,58,-1,58,59,61,-1,335,338,339,-1,338,335,340,-1,340,335,341,-1,340,341,342,-1,342,341,60,-1,342,60,339,-1,339,60,59,-1,339,59,335,-1,335,59,334,-1,335,334,336,-1,343,344,69,-1,341,345,346,-1,346,347,341,-1,341,347,343,-1,341,343,60,-1,60,343,69,-1,60,69,62,-1,62,69,68,-1,348,349,350,-1,351,350,352,-1,352,350,349,-1,352,349,345,-1,345,349,353,-1,345,353,354,-1,355,356,67,-1,350,355,348,-1,348,355,67,-1,348,67,354,-1,354,67,69,-1,354,69,345,-1,345,69,344,-1,345,344,346,-1,352,357,358,-1,357,352,359,-1,359,352,360,-1,359,360,361,-1,361,360,65,-1,361,65,358,-1,358,65,67,-1,358,67,352,-1,352,67,356,-1,352,356,351,-1,362,363,135,-1,360,364,365,-1,365,366,360,-1,360,366,362,-1,360,362,65,-1,65,362,135,-1,65,135,63,-1,63,135,72,-1,367,368,369,-1,369,368,370,-1,369,370,371,-1,372,138,371,-1,371,138,137,-1,371,137,369,-1,369,137,135,-1,369,135,364,-1,364,135,363,-1,364,363,365,-1,373,374,367,-1,367,374,375,-1,376,140,375,-1,375,140,138,-1,375,138,367,-1,367,138,372,-1,367,372,368,-1,367,377,373,-1,373,377,378,-1,373,378,376,-1,376,378,379,-1,376,379,140,-1,140,379,380,-1,140,380,377,-1,377,380,381,-1,377,381,378,-1,382,383,142,-1,377,384,385,-1,385,386,377,-1,377,386,382,-1,377,382,140,-1,140,382,142,-1,140,142,141,-1,141,142,144,-1,384,387,388,-1,387,384,389,-1,389,384,390,-1,389,390,391,-1,391,390,143,-1,391,143,388,-1,388,143,142,-1,388,142,384,-1,384,142,383,-1,384,383,385,-1,392,393,146,-1,390,394,395,-1,395,396,390,-1,390,396,392,-1,390,392,143,-1,143,392,146,-1,143,146,145,-1,145,146,148,-1,394,397,398,-1,397,394,399,-1,399,394,400,-1,399,400,401,-1,401,400,147,-1,401,147,398,-1,398,147,146,-1,398,146,394,-1,394,146,393,-1,394,393,395,-1,402,403,150,-1,400,404,405,-1,405,406,400,-1,400,406,402,-1,400,402,147,-1,147,402,150,-1,147,150,149,-1,149,150,152,-1,404,407,408,-1,407,404,409,-1,409,404,410,-1,409,410,411,-1,411,410,151,-1,411,151,408,-1,408,151,150,-1,408,150,404,-1,404,150,403,-1,404,403,405,-1,412,413,410,-1,410,413,414,-1,410,414,151,-1,151,414,415,-1,151,415,155,-1,410,416,412,-1,412,416,417,-1,412,417,415,-1,415,417,418,-1,415,418,155,-1,155,418,419,-1,155,419,416,-1,416,419,420,-1,416,420,417,-1,0,2,4,-1,4,2,421,-1,4,421,178,-1,178,421,422,-1,178,422,192,-1,192,422,423,-1,192,423,196,-1,196,423,424,-1,196,424,204,-1,204,424,425,-1,204,425,211,-1,211,425,426,-1,211,426,215,-1,215,426,427,-1,215,427,221,-1,221,427,428,-1,221,428,225,-1,225,428,429,-1,225,429,233,-1,233,429,430,-1,233,430,240,-1,240,430,431,-1,240,431,244,-1,244,431,432,-1,244,432,250,-1,250,432,433,-1,250,433,254,-1,254,433,434,-1,254,434,262,-1,262,434,435,-1,262,435,269,-1,269,435,436,-1,269,436,273,-1,273,436,437,-1,273,437,279,-1,279,437,438,-1,279,438,283,-1,283,438,439,-1,283,439,286,-1,286,439,440,-1,286,440,301,-1,301,440,441,-1,301,441,307,-1,307,441,442,-1,307,442,311,-1,311,442,443,-1,311,443,318,-1,318,443,444,-1,318,444,325,-1,325,444,445,-1,325,445,331,-1,331,445,446,-1,331,446,335,-1,335,446,447,-1,335,447,341,-1,341,447,448,-1,341,448,345,-1,345,448,449,-1,345,449,352,-1,352,449,450,-1,352,450,360,-1,360,450,451,-1,360,451,364,-1,364,451,452,-1,364,452,369,-1,369,452,453,-1,369,453,367,-1,367,453,454,-1,367,454,377,-1,377,454,455,-1,377,455,384,-1,384,455,456,-1,384,456,390,-1,390,456,457,-1,390,457,394,-1,394,457,458,-1,394,458,400,-1,400,458,459,-1,400,459,404,-1,404,459,460,-1,404,460,410,-1,410,460,461,-1,410,461,416,-1,462,463,464,-1,464,463,465,-1,466,462,467,-1,467,462,464,-1,467,464,186,-1,186,464,468,-1,186,468,1,-1,1,468,469,-1,160,157,470,-1,470,157,471,-1,470,471,472,-1,462,466,473,-1,474,475,6,-1,462,476,477,-1,478,479,471,-1,471,479,480,-1,471,480,481,-1,481,482,471,-1,471,482,483,-1,471,483,472,-1,475,484,6,-1,6,484,485,-1,6,485,183,-1,473,486,462,-1,462,486,487,-1,462,487,476,-1,476,487,488,-1,476,488,489,-1,489,488,490,-1,477,491,462,-1,462,491,492,-1,462,492,471,-1,471,492,493,-1,471,493,478,-1,474,6,488,-1,488,6,494,-1,488,494,490,-1,461,495,496,-1,497,498,499,-1,499,498,471,-1,499,471,496,-1,496,471,157,-1,496,157,461,-1,500,501,502,-1,503,504,505,-1,506,507,508,-1,509,510,462,-1,462,510,502,-1,511,512,513,-1,513,512,514,-1,513,514,515,-1,515,514,516,-1,515,516,517,-1,517,516,518,-1,517,518,519,-1,519,518,520,-1,519,520,521,-1,521,520,522,-1,521,522,523,-1,523,522,524,-1,523,524,525,-1,525,524,526,-1,525,526,527,-1,527,526,528,-1,527,528,529,-1,529,528,530,-1,529,530,531,-1,531,530,532,-1,531,532,533,-1,533,532,534,-1,533,534,535,-1,535,534,536,-1,535,536,537,-1,537,536,538,-1,537,538,539,-1,539,538,540,-1,539,540,541,-1,541,540,542,-1,541,542,543,-1,543,542,544,-1,543,544,545,-1,545,544,546,-1,545,546,547,-1,547,546,548,-1,547,548,549,-1,549,548,550,-1,549,550,551,-1,551,550,552,-1,551,552,553,-1,553,552,554,-1,553,554,555,-1,555,554,556,-1,555,556,557,-1,557,556,558,-1,557,558,559,-1,559,558,560,-1,559,560,561,-1,561,560,562,-1,561,562,563,-1,563,562,564,-1,563,564,565,-1,565,564,566,-1,565,566,567,-1,567,566,568,-1,567,568,569,-1,569,568,509,-1,569,509,570,-1,570,509,462,-1,571,572,508,-1,508,572,573,-1,508,574,571,-1,571,574,575,-1,571,575,576,-1,576,575,577,-1,576,577,578,-1,578,577,579,-1,578,579,580,-1,580,579,581,-1,580,581,582,-1,582,581,583,-1,582,583,584,-1,584,583,585,-1,584,585,586,-1,586,585,587,-1,586,587,588,-1,588,587,589,-1,588,589,590,-1,590,589,591,-1,590,591,592,-1,592,591,593,-1,592,593,594,-1,594,593,505,-1,594,505,595,-1,596,597,598,-1,598,597,599,-1,598,599,600,-1,600,599,601,-1,600,601,602,-1,602,601,603,-1,602,603,604,-1,604,603,605,-1,604,605,606,-1,606,605,607,-1,606,607,608,-1,608,607,609,-1,608,609,610,-1,610,609,611,-1,610,611,612,-1,612,611,613,-1,612,613,614,-1,614,613,615,-1,614,615,616,-1,616,615,617,-1,616,617,618,-1,618,617,619,-1,618,619,620,-1,620,619,621,-1,620,621,622,-1,622,621,623,-1,622,623,624,-1,624,623,625,-1,624,625,626,-1,626,625,627,-1,626,627,628,-1,628,627,629,-1,628,629,630,-1,630,629,631,-1,630,631,632,-1,632,631,633,-1,632,633,634,-1,634,633,595,-1,635,636,637,-1,636,508,637,-1,637,508,573,-1,637,573,511,-1,511,573,638,-1,511,638,512,-1,637,639,635,-1,635,639,640,-1,635,640,641,-1,641,640,642,-1,641,642,643,-1,643,642,644,-1,643,644,645,-1,645,644,646,-1,645,646,647,-1,647,646,648,-1,647,648,649,-1,649,648,650,-1,649,650,651,-1,651,650,652,-1,651,652,653,-1,653,652,654,-1,653,654,655,-1,656,657,658,-1,658,657,659,-1,658,659,660,-1,660,659,661,-1,660,661,662,-1,662,661,663,-1,662,663,664,-1,664,663,665,-1,664,665,666,-1,666,665,667,-1,666,667,668,-1,668,667,669,-1,668,669,670,-1,670,669,671,-1,670,671,672,-1,672,671,673,-1,674,507,675,-1,675,507,506,-1,675,506,676,-1,676,506,677,-1,676,677,678,-1,678,677,679,-1,678,679,680,-1,680,679,681,-1,680,681,682,-1,682,681,683,-1,682,683,684,-1,684,683,685,-1,684,685,686,-1,686,685,687,-1,686,687,688,-1,688,687,689,-1,688,689,690,-1,690,689,691,-1,690,691,498,-1,692,504,693,-1,693,504,694,-1,693,694,695,-1,695,694,696,-1,695,696,697,-1,697,696,698,-1,697,698,699,-1,699,698,700,-1,699,700,701,-1,701,700,702,-1,701,702,703,-1,703,702,704,-1,703,704,705,-1,705,704,706,-1,705,706,707,-1,707,706,708,-1,707,708,709,-1,709,708,710,-1,709,710,711,-1,711,710,712,-1,711,712,713,-1,713,712,714,-1,713,714,674,-1,463,501,715,-1,715,501,500,-1,715,500,716,-1,716,500,717,-1,716,717,718,-1,718,717,719,-1,718,719,720,-1,720,719,721,-1,720,721,722,-1,722,721,723,-1,722,723,724,-1,724,723,725,-1,724,725,726,-1,726,725,727,-1,726,727,728,-1,728,727,729,-1,728,729,730,-1,730,729,731,-1,730,731,732,-1,732,731,733,-1,732,733,734,-1,734,733,735,-1,734,735,736,-1,736,735,737,-1,736,737,738,-1,738,737,739,-1,738,739,740,-1,740,739,741,-1,740,741,742,-1,742,741,743,-1,742,743,744,-1,744,743,745,-1,744,745,746,-1,746,745,747,-1,746,747,748,-1,748,747,749,-1,748,749,750,-1,750,749,751,-1,691,752,753,-1,754,755,691,-1,691,755,756,-1,691,756,752,-1,752,756,757,-1,752,757,758,-1,498,691,759,-1,759,691,753,-1,759,753,760,-1,760,753,761,-1,760,761,758,-1,758,761,762,-1,758,762,752,-1,763,764,672,-1,757,754,758,-1,758,754,691,-1,758,691,765,-1,765,691,766,-1,655,654,767,-1,767,654,471,-1,767,471,768,-1,768,471,760,-1,768,760,673,-1,673,760,758,-1,673,758,672,-1,672,758,765,-1,672,765,763,-1,689,769,770,-1,766,691,764,-1,764,691,689,-1,764,689,672,-1,672,689,770,-1,672,770,670,-1,670,770,771,-1,670,771,772,-1,687,773,774,-1,769,689,772,-1,772,689,687,-1,772,687,670,-1,670,687,774,-1,670,774,668,-1,668,774,775,-1,668,775,776,-1,685,777,778,-1,773,687,776,-1,776,687,685,-1,776,685,668,-1,668,685,778,-1,668,778,666,-1,666,778,779,-1,666,779,780,-1,683,781,782,-1,777,685,780,-1,780,685,683,-1,780,683,666,-1,666,683,782,-1,666,782,664,-1,664,782,783,-1,664,783,784,-1,681,785,786,-1,781,683,784,-1,784,683,681,-1,784,681,664,-1,664,681,786,-1,664,786,662,-1,662,786,787,-1,662,787,788,-1,677,789,679,-1,679,789,790,-1,679,790,791,-1,792,793,677,-1,677,793,794,-1,677,794,789,-1,789,794,795,-1,789,795,660,-1,660,795,792,-1,785,681,788,-1,788,681,679,-1,788,679,662,-1,662,679,791,-1,662,791,660,-1,660,791,796,-1,660,796,789,-1,792,677,660,-1,660,677,797,-1,660,797,658,-1,658,797,798,-1,658,798,799,-1,636,656,508,-1,508,656,658,-1,508,658,506,-1,506,658,799,-1,506,799,677,-1,677,799,800,-1,677,800,797,-1,714,801,802,-1,674,714,507,-1,507,714,802,-1,507,802,508,-1,508,802,803,-1,508,803,574,-1,574,803,804,-1,574,804,801,-1,714,805,806,-1,801,714,574,-1,574,714,806,-1,574,806,575,-1,575,806,807,-1,575,807,808,-1,710,809,712,-1,712,809,810,-1,712,810,811,-1,812,813,710,-1,710,813,814,-1,710,814,809,-1,809,814,815,-1,809,815,577,-1,577,815,812,-1,805,714,808,-1,808,714,712,-1,808,712,575,-1,575,712,811,-1,575,811,577,-1,577,811,816,-1,577,816,809,-1,710,817,818,-1,812,710,577,-1,577,710,818,-1,577,818,579,-1,579,818,819,-1,579,819,820,-1,708,821,822,-1,817,710,820,-1,820,710,708,-1,820,708,579,-1,579,708,822,-1,579,822,581,-1,581,822,823,-1,581,823,824,-1,706,825,826,-1,821,708,824,-1,824,708,706,-1,824,706,581,-1,581,706,826,-1,581,826,583,-1,583,826,827,-1,583,827,828,-1,704,829,830,-1,825,706,828,-1,828,706,704,-1,828,704,583,-1,583,704,830,-1,583,830,585,-1,585,830,831,-1,585,831,832,-1,702,833,834,-1,829,704,832,-1,832,704,702,-1,832,702,585,-1,585,702,834,-1,585,834,587,-1,587,834,835,-1,587,835,836,-1,698,837,700,-1,700,837,838,-1,700,838,839,-1,840,841,698,-1,698,841,842,-1,698,842,837,-1,837,842,843,-1,837,843,589,-1,589,843,840,-1,833,702,836,-1,836,702,700,-1,836,700,587,-1,587,700,839,-1,587,839,589,-1,589,839,844,-1,589,844,837,-1,698,845,846,-1,840,698,589,-1,589,698,846,-1,589,846,591,-1,591,846,847,-1,591,847,848,-1,696,849,850,-1,845,698,848,-1,848,698,696,-1,848,696,591,-1,591,696,850,-1,591,850,593,-1,593,850,851,-1,593,851,852,-1,504,503,694,-1,694,503,853,-1,694,853,854,-1,849,696,852,-1,852,696,694,-1,852,694,593,-1,593,694,854,-1,593,854,505,-1,505,854,855,-1,505,855,503,-1,856,504,751,-1,751,504,692,-1,751,692,750,-1,595,505,634,-1,634,505,857,-1,634,857,858,-1,859,860,751,-1,751,860,861,-1,856,862,504,-1,504,862,863,-1,504,863,505,-1,505,863,864,-1,505,864,857,-1,857,864,865,-1,859,634,866,-1,866,634,858,-1,866,858,861,-1,861,858,867,-1,861,867,751,-1,751,867,865,-1,751,865,856,-1,856,865,864,-1,751,868,869,-1,859,751,634,-1,634,751,869,-1,634,869,632,-1,632,869,870,-1,632,870,871,-1,749,872,873,-1,868,751,871,-1,871,751,749,-1,871,749,632,-1,632,749,873,-1,632,873,630,-1,630,873,874,-1,630,874,875,-1,747,876,877,-1,872,749,875,-1,875,749,747,-1,875,747,630,-1,630,747,877,-1,630,877,628,-1,628,877,878,-1,628,878,879,-1,745,880,881,-1,876,747,879,-1,879,747,745,-1,879,745,628,-1,628,745,881,-1,628,881,626,-1,626,881,882,-1,626,882,883,-1,741,884,743,-1,743,884,885,-1,743,885,886,-1,887,888,741,-1,741,888,889,-1,741,889,884,-1,884,889,890,-1,884,890,624,-1,624,890,887,-1,880,745,883,-1,883,745,743,-1,883,743,626,-1,626,743,886,-1,626,886,624,-1,624,886,891,-1,624,891,884,-1,741,892,893,-1,887,741,624,-1,624,741,893,-1,624,893,622,-1,622,893,894,-1,622,894,895,-1,739,896,897,-1,892,741,895,-1,895,741,739,-1,895,739,622,-1,622,739,897,-1,622,897,620,-1,620,897,898,-1,620,898,899,-1,737,900,901,-1,896,739,899,-1,899,739,737,-1,899,737,620,-1,620,737,901,-1,620,901,618,-1,618,901,902,-1,618,902,903,-1,735,904,905,-1,900,737,903,-1,903,737,735,-1,903,735,618,-1,618,735,905,-1,618,905,616,-1,616,905,906,-1,616,906,907,-1,731,908,733,-1,733,908,909,-1,733,909,910,-1,911,912,731,-1,731,912,913,-1,731,913,908,-1,908,913,914,-1,908,914,614,-1,614,914,911,-1,904,735,907,-1,907,735,733,-1,907,733,616,-1,616,733,910,-1,616,910,614,-1,614,910,915,-1,614,915,908,-1,731,916,917,-1,911,731,614,-1,614,731,917,-1,614,917,612,-1,612,917,918,-1,612,918,919,-1,729,920,921,-1,916,731,919,-1,919,731,729,-1,919,729,612,-1,612,729,921,-1,612,921,610,-1,610,921,922,-1,610,922,923,-1,727,924,925,-1,920,729,923,-1,923,729,727,-1,923,727,610,-1,610,727,925,-1,610,925,608,-1,608,925,926,-1,608,926,927,-1,725,928,929,-1,924,727,927,-1,927,727,725,-1,927,725,608,-1,608,725,929,-1,608,929,606,-1,606,929,930,-1,606,930,931,-1,721,932,723,-1,723,932,933,-1,723,933,934,-1,935,936,721,-1,721,936,937,-1,721,937,932,-1,932,937,938,-1,932,938,604,-1,604,938,935,-1,928,725,931,-1,931,725,723,-1,931,723,606,-1,606,723,934,-1,606,934,604,-1,604,934,939,-1,604,939,932,-1,721,940,941,-1,935,721,604,-1,604,721,941,-1,604,941,602,-1,602,941,942,-1,602,942,943,-1,719,944,945,-1,940,721,943,-1,943,721,719,-1,943,719,602,-1,602,719,945,-1,602,945,600,-1,600,945,946,-1,600,946,947,-1,944,719,947,-1,947,719,717,-1,947,717,600,-1,600,717,948,-1,600,948,598,-1,598,948,949,-1,598,949,950,-1,510,596,502,-1,502,596,598,-1,502,598,500,-1,500,598,950,-1,500,950,717,-1,717,950,951,-1,717,951,948,-1,952,465,463,-1,953,495,461,-1,498,497,954,-1,1,469,955,-1,463,498,952,-1,952,498,954,-1,952,954,955,-1,955,954,953,-1,955,953,1,-1,1,953,461,-1,956,957,958,-1,958,957,959,-1,958,959,960,-1,960,959,961,-1,960,961,962,-1,962,961,963,-1,962,963,956,-1,956,963,957,-1,963,961,957,-1,957,961,959,-1,964,965,966,-1,966,965,967,-1,966,967,968,-1,968,967,969,-1,968,969,970,-1,970,969,971,-1,970,971,964,-1,964,971,965,-1,971,969,965,-1,965,969,967,-1,134,966,136,-1,136,966,968,-1,154,964,134,-1,134,964,966,-1,970,156,968,-1,968,156,136,-1,156,970,154,-1,154,970,964,-1,187,956,185,-1,185,956,958,-1,63,962,187,-1,187,962,956,-1,960,72,958,-1,958,72,185,-1,72,960,63,-1,63,960,962,-1,972,973,974,-1,974,973,975,-1,974,975,976,-1,976,975,977,-1,976,977,978,-1,978,977,979,-1,978,979,972,-1,972,979,973,-1,979,977,973,-1,973,977,975,-1,980,981,982,-1,982,981,983,-1,982,983,984,-1,984,983,985,-1,984,985,986,-1,986,985,987,-1,986,987,980,-1,980,987,981,-1,987,985,981,-1,981,985,983,-1,636,974,656,-1,656,974,976,-1,767,972,636,-1,636,972,974,-1,978,768,976,-1,976,768,656,-1,768,978,767,-1,767,978,972,-1,510,980,596,-1,596,980,982,-1,573,986,510,-1,510,986,980,-1,984,572,982,-1,982,572,596,-1,572,984,573,-1,573,984,986,-1,988,485,484,-1,988,484,989,-1,989,484,475,-1,989,475,990,-1,990,475,474,-1,990,474,991,-1,991,474,488,-1,991,488,992,-1,992,488,487,-1,992,487,993,-1,993,487,486,-1,993,486,994,-1,994,486,473,-1,994,473,995,-1,988,184,485,-1,485,184,183,-1,467,995,466,-1,466,995,473,-1,467,186,995,-1,995,186,184,-1,995,184,988,-1,988,989,995,-1,995,989,990,-1,995,990,991,-1,991,992,995,-1,995,992,993,-1,995,993,994,-1,996,470,472,-1,996,472,997,-1,997,472,483,-1,997,483,998,-1,998,483,482,-1,998,482,999,-1,999,482,481,-1,999,481,1000,-1,1000,481,480,-1,1000,480,1001,-1,1001,480,479,-1,1001,479,1002,-1,1002,479,478,-1,1002,478,1003,-1,996,161,470,-1,470,161,160,-1,5,1004,6,-1,6,1004,494,-1,1005,493,492,-1,1005,492,1006,-1,1006,492,491,-1,1006,491,1007,-1,1007,491,477,-1,1007,477,1008,-1,1008,477,476,-1,1008,476,1009,-1,1009,476,489,-1,1009,489,1010,-1,1010,489,490,-1,1010,490,1011,-1,1011,490,494,-1,1011,494,1004,-1,1005,1003,493,-1,493,1003,478,-1,161,1003,5,-1,5,1003,1005,-1,161,996,1003,-1,1003,996,997,-1,1003,997,998,-1,1010,1005,1006,-1,1010,1011,1005,-1,1005,1011,1004,-1,1005,1004,5,-1,998,999,1003,-1,1003,999,1000,-1,1003,1000,1002,-1,1002,1000,1001,-1,1006,1007,1010,-1,1010,1007,1008,-1,1010,1008,1009,-1,
        ]
    }
}
Shape{
    appearance Appearance {
        material  Material 	{
            diffuseColor 1.0 1.0 1.0
            specularColor 0.8784313725490196 0.8784313725490196 0.8784313725490196
            ambientIntensity 1.0
            transparency 0.0
            shininess 0.5
        }
    }
    geometry IndexedFaceSet {
        ccw TRUE
        solid FALSE
        coord DEF co Coordinate {
            point [
                10.2907 -0.9843 0.2362, 11.4718 -0.9843 0.2362, 10.2907 -0.9843 0.0394, 11.4718 -0.9843 0.0394, 11.4718 0.9842 0.2362, 10.2907 0.9842 0.2362, 11.4718 0.9842 0.0394, 10.2907 0.9842 0.0394, -10.2408 0.9842 0.2362, -11.4219 0.9842 0.2362, -10.2408 0.9842 0.0394, -11.4219 0.9842 0.0394, -11.4219 -0.9843 0.2362, -10.2408 -0.9843 0.2362, -11.4219 -0.9843 0.0394, -10.2408 -0.9843 0.0394
            ]
        }
        coordIndex [
            0,1,2,-1,2,1,3,-1,4,5,6,-1,6,5,7,-1,5,0,7,-1,7,0,2,-1,5,4,0,-1,0,4,1,-1,8,9,10,-1,10,9,11,-1,12,13,14,-1,14,13,15,-1,13,8,15,-1,15,8,10,-1,13,12,8,-1,8,12,9,-1,
        ]
    }
}
Shape{
    appearance Appearance {
        material  Material 	{
            diffuseColor 0.6470588235294118 0.6196078431372549 0.5882352941176471
            specularColor 0.45098039215686275 0.43529411764705883 0.4117647058823529
            ambientIntensity 0.6242
            transparency 0.0
            shininess 0.5
        }
    }
    geometry IndexedFaceSet {
        ccw TRUE
        solid FALSE
        coord DEF co Coordinate {
            point [
                9.9128 1.9488 0.3543, 9.9128 2.2244 0.3543, 9.834 1.9488 0.3543, 9.834 2.2244 0.3543, 9.834 1.9488 0.1772, 9.834 2.0866 0.1772, 9.9128 1.9488 0.1772, 9.9128 2.0866 0.1772, 9.9128 2.3243 0.2231, 9.9128 2.3228 0.2362, 9.9128 2.1398 0.1437, 9.9128 2.1234 0.1643, 9.9128 2.2499 0.351, 9.9128 2.1122 0.1713, 9.9128 2.0997 0.1757, 9.9128 2.3195 0.2814, 9.9128 2.3096 0.3051, 9.9128 2.1328 0.1549, 9.9128 2.294 0.3255, 9.9128 2.2736 0.3411, 9.9128 2.3228 0.2559, 9.9128 2.1456 0.1181, 9.9128 2.1456 0.0591, 9.9128 2.3287 0.2106, 9.9128 2.3357 0.1994, 9.9128 2.1442 0.1313, 9.9128 2.1679 0.0129, 9.9128 2.1791 0.0058, 9.9128 2.345 0.19, 9.9128 2.1916 0.0015, 9.9128 2.3562 0.183, 9.9128 2.2047 0.0, 9.9128 2.3687 0.1786, 9.9128 2.6279 0.0, 9.9128 2.6279 0.1772, 9.9128 2.3819 0.1772, 9.9128 2.1471 0.0459, 9.9128 2.1515 0.0334, 9.9128 2.1585 0.0222, 9.834 2.3096 0.3051, 9.834 2.1328 0.1549, 9.834 2.294 0.3255, 9.834 2.1234 0.1643, 9.834 2.2736 0.3411, 9.834 2.2499 0.351, 9.834 2.1122 0.1713, 9.834 2.1398 0.1437, 9.834 2.3243 0.2231, 9.834 2.1442 0.1313, 9.834 2.3287 0.2106, 9.834 2.3195 0.2814, 9.834 2.3228 0.2559, 9.834 2.3228 0.2362, 9.834 2.345 0.19, 9.834 2.3562 0.183, 9.834 2.2047 0.0, 9.834 2.0997 0.1757, 9.834 2.3357 0.1994, 9.834 2.1456 0.0591, 9.834 2.1456 0.1181, 9.834 2.1916 0.0015, 9.834 2.1791 0.0058, 9.834 2.1679 0.0129, 9.834 2.1585 0.0222, 9.834 2.1515 0.0334, 9.834 2.1471 0.0459, 9.834 2.6279 0.1772, 9.834 2.6279 0.0, 9.834 2.3819 0.1772, 9.834 2.3687 0.1786, 9.9128 -1.9488 0.1772, 9.9128 -2.0866 0.1772, 9.834 -1.9488 0.1772, 9.834 -2.0866 0.1772, 9.834 -1.9488 0.3543, 9.834 -2.2244 0.3543, 9.9128 -1.9488 0.3543, 9.9128 -2.2244 0.3543, 9.9128 -2.3097 0.3051, 9.9128 -2.1328 0.1549, 9.9128 -2.294 0.3255, 9.9128 -2.1235 0.1643, 9.9128 -2.2736 0.3411, 9.9128 -2.2499 0.351, 9.9128 -2.1123 0.1713, 9.9128 -2.1398 0.1437, 9.9128 -2.3243 0.2231, 9.9128 -2.1442 0.1313, 9.9128 -2.3287 0.2106, 9.9128 -2.3451 0.19, 9.9128 -2.3563 0.183, 9.9128 -2.2047 0.0, 9.9128 -2.3195 0.2814, 9.9128 -2.3229 0.2559, 9.9128 -2.3229 0.2362, 9.9128 -2.3357 0.1994, 9.9128 -2.1457 0.0591, 9.9128 -2.1457 0.1181, 9.9128 -2.0998 0.1757, 9.9128 -2.1916 0.0015, 9.9128 -2.1791 0.0058, 9.9128 -2.1679 0.0129, 9.9128 -2.1586 0.0222, 9.9128 -2.1515 0.0334, 9.9128 -2.1472 0.0459, 9.9128 -2.628 0.1772, 9.9128 -2.628 0.0, 9.9128 -2.3819 0.1772, 9.9128 -2.3688 0.1786, 9.834 -2.3243 0.2231, 9.834 -2.3229 0.2362, 9.834 -2.1398 0.1437, 9.834 -2.1235 0.1643, 9.834 -2.2499 0.351, 9.834 -2.1123 0.1713, 9.834 -2.0998 0.1757, 9.834 -2.3195 0.2814, 9.834 -2.3097 0.3051, 9.834 -2.1328 0.1549, 9.834 -2.294 0.3255, 9.834 -2.2736 0.3411, 9.834 -2.3229 0.2559, 9.834 -2.1457 0.1181, 9.834 -2.1457 0.0591, 9.834 -2.3287 0.2106, 9.834 -2.3357 0.1994, 9.834 -2.1442 0.1313, 9.834 -2.1679 0.0129, 9.834 -2.1791 0.0058, 9.834 -2.3451 0.19, 9.834 -2.1916 0.0015, 9.834 -2.3563 0.183, 9.834 -2.2047 0.0, 9.834 -2.3688 0.1786, 9.834 -2.628 0.0, 9.834 -2.628 0.1772, 9.834 -2.3819 0.1772, 9.834 -2.1472 0.0459, 9.834 -2.1515 0.0334, 9.834 -2.1586 0.0222, 9.5191 1.9488 0.3543, 9.5191 2.2244 0.3543, 9.4403 1.9488 0.3543, 9.4403 2.2244 0.3543, 9.4403 1.9488 0.1772, 9.4403 2.0866 0.1772, 9.5191 1.9488 0.1772, 9.5191 2.0866 0.1772, 9.5191 2.3243 0.2231, 9.5191 2.3228 0.2362, 9.5191 2.1398 0.1437, 9.5191 2.1234 0.1643, 9.5191 2.2499 0.351, 9.5191 2.1122 0.1713, 9.5191 2.0997 0.1757, 9.5191 2.3195 0.2814, 9.5191 2.3096 0.3051, 9.5191 2.1328 0.1549, 9.5191 2.294 0.3255, 9.5191 2.2736 0.3411, 9.5191 2.3228 0.2559, 9.5191 2.1456 0.1181, 9.5191 2.1456 0.0591, 9.5191 2.3287 0.2106, 9.5191 2.3357 0.1994, 9.5191 2.1442 0.1313, 9.5191 2.1679 0.0129, 9.5191 2.1791 0.0058, 9.5191 2.345 0.19, 9.5191 2.1916 0.0015, 9.5191 2.3562 0.183, 9.5191 2.2047 0.0, 9.5191 2.3687 0.1786, 9.5191 2.6279 0.0, 9.5191 2.6279 0.1772, 9.5191 2.3819 0.1772, 9.5191 2.1471 0.0459, 9.5191 2.1515 0.0334, 9.5191 2.1585 0.0222, 9.4403 2.3096 0.3051, 9.4403 2.1328 0.1549, 9.4403 2.294 0.3255, 9.4403 2.1234 0.1643, 9.4403 2.2736 0.3411, 9.4403 2.2499 0.351, 9.4403 2.1122 0.1713, 9.4403 2.1398 0.1437, 9.4403 2.3243 0.2231, 9.4403 2.1442 0.1313, 9.4403 2.3287 0.2106, 9.4403 2.3195 0.2814, 9.4403 2.3228 0.2559, 9.4403 2.3228 0.2362, 9.4403 2.345 0.19, 9.4403 2.3562 0.183, 9.4403 2.2047 0.0, 9.4403 2.0997 0.1757, 9.4403 2.3357 0.1994, 9.4403 2.1456 0.0591, 9.4403 2.1456 0.1181, 9.4403 2.1916 0.0015, 9.4403 2.1791 0.0058, 9.4403 2.1679 0.0129, 9.4403 2.1585 0.0222, 9.4403 2.1515 0.0334, 9.4403 2.1471 0.0459, 9.4403 2.6279 0.1772, 9.4403 2.6279 0.0, 9.4403 2.3819 0.1772, 9.4403 2.3687 0.1786, 9.5191 -1.9488 0.1772, 9.5191 -2.0866 0.1772, 9.4403 -1.9488 0.1772, 9.4403 -2.0866 0.1772, 9.4403 -1.9488 0.3543, 9.4403 -2.2244 0.3543, 9.5191 -1.9488 0.3543, 9.5191 -2.2244 0.3543, 9.5191 -2.3097 0.3051, 9.5191 -2.1328 0.1549, 9.5191 -2.294 0.3255, 9.5191 -2.1235 0.1643, 9.5191 -2.2736 0.3411, 9.5191 -2.2499 0.351, 9.5191 -2.1123 0.1713, 9.5191 -2.1398 0.1437, 9.5191 -2.3243 0.2231, 9.5191 -2.1442 0.1313, 9.5191 -2.3287 0.2106, 9.5191 -2.3451 0.19, 9.5191 -2.3563 0.183, 9.5191 -2.2047 0.0, 9.5191 -2.3195 0.2814, 9.5191 -2.3229 0.2559, 9.5191 -2.3229 0.2362, 9.5191 -2.3357 0.1994, 9.5191 -2.1457 0.0591, 9.5191 -2.1457 0.1181, 9.5191 -2.0998 0.1757, 9.5191 -2.1916 0.0015, 9.5191 -2.1791 0.0058, 9.5191 -2.1679 0.0129, 9.5191 -2.1586 0.0222, 9.5191 -2.1515 0.0334, 9.5191 -2.1472 0.0459, 9.5191 -2.628 0.1772, 9.5191 -2.628 0.0, 9.5191 -2.3819 0.1772, 9.5191 -2.3688 0.1786, 9.4403 -2.3243 0.2231, 9.4403 -2.3229 0.2362, 9.4403 -2.1398 0.1437, 9.4403 -2.1235 0.1643, 9.4403 -2.2499 0.351, 9.4403 -2.1123 0.1713, 9.4403 -2.0998 0.1757, 9.4403 -2.3195 0.2814, 9.4403 -2.3097 0.3051, 9.4403 -2.1328 0.1549, 9.4403 -2.294 0.3255, 9.4403 -2.2736 0.3411, 9.4403 -2.3229 0.2559, 9.4403 -2.1457 0.1181, 9.4403 -2.1457 0.0591, 9.4403 -2.3287 0.2106, 9.4403 -2.3357 0.1994, 9.4403 -2.1442 0.1313, 9.4403 -2.1679 0.0129, 9.4403 -2.1791 0.0058, 9.4403 -2.3451 0.19, 9.4403 -2.1916 0.0015, 9.4403 -2.3563 0.183, 9.4403 -2.2047 0.0, 9.4403 -2.3688 0.1786, 9.4403 -2.628 0.0, 9.4403 -2.628 0.1772, 9.4403 -2.3819 0.1772, 9.4403 -2.1472 0.0459, 9.4403 -2.1515 0.0334, 9.4403 -2.1586 0.0222, 9.1254 1.9488 0.3543, 9.1254 2.2244 0.3543, 9.0466 1.9488 0.3543, 9.0466 2.2244 0.3543, 9.0466 1.9488 0.1772, 9.0466 2.0866 0.1772, 9.1254 1.9488 0.1772, 9.1254 2.0866 0.1772, 9.1254 2.3243 0.2231, 9.1254 2.3228 0.2362, 9.1254 2.1398 0.1437, 9.1254 2.1234 0.1643, 9.1254 2.2499 0.351, 9.1254 2.1122 0.1713, 9.1254 2.0997 0.1757, 9.1254 2.3195 0.2814, 9.1254 2.3096 0.3051, 9.1254 2.1328 0.1549, 9.1254 2.294 0.3255, 9.1254 2.2736 0.3411, 9.1254 2.3228 0.2559, 9.1254 2.1456 0.1181, 9.1254 2.1456 0.0591, 9.1254 2.3287 0.2106, 9.1254 2.3357 0.1994, 9.1254 2.1442 0.1313, 9.1254 2.1679 0.0129, 9.1254 2.1791 0.0058, 9.1254 2.345 0.19, 9.1254 2.1916 0.0015, 9.1254 2.3562 0.183, 9.1254 2.2047 0.0, 9.1254 2.3687 0.1786, 9.1254 2.6279 0.0, 9.1254 2.6279 0.1772, 9.1254 2.3819 0.1772, 9.1254 2.1471 0.0459, 9.1254 2.1515 0.0334, 9.1254 2.1585 0.0222, 9.0466 2.3096 0.3051, 9.0466 2.1328 0.1549, 9.0466 2.294 0.3255, 9.0466 2.1234 0.1643, 9.0466 2.2736 0.3411, 9.0466 2.2499 0.351, 9.0466 2.1122 0.1713, 9.0466 2.1398 0.1437, 9.0466 2.3243 0.2231, 9.0466 2.1442 0.1313, 9.0466 2.3287 0.2106, 9.0466 2.3195 0.2814, 9.0466 2.3228 0.2559, 9.0466 2.3228 0.2362, 9.0466 2.345 0.19, 9.0466 2.3562 0.183, 9.0466 2.2047 0.0, 9.0466 2.0997 0.1757, 9.0466 2.3357 0.1994, 9.0466 2.1456 0.0591, 9.0466 2.1456 0.1181, 9.0466 2.1916 0.0015, 9.0466 2.1791 0.0058, 9.0466 2.1679 0.0129, 9.0466 2.1585 0.0222, 9.0466 2.1515 0.0334, 9.0466 2.1471 0.0459, 9.0466 2.6279 0.1772, 9.0466 2.6279 0.0, 9.0466 2.3819 0.1772, 9.0466 2.3687 0.1786, 9.1254 -1.9488 0.1772, 9.1254 -2.0866 0.1772, 9.0466 -1.9488 0.1772, 9.0466 -2.0866 0.1772, 9.0466 -1.9488 0.3543, 9.0466 -2.2244 0.3543, 9.1254 -1.9488 0.3543, 9.1254 -2.2244 0.3543, 9.1254 -2.3097 0.3051, 9.1254 -2.1328 0.1549, 9.1254 -2.294 0.3255, 9.1254 -2.1235 0.1643, 9.1254 -2.2736 0.3411, 9.1254 -2.2499 0.351, 9.1254 -2.1123 0.1713, 9.1254 -2.1398 0.1437, 9.1254 -2.3243 0.2231, 9.1254 -2.1442 0.1313, 9.1254 -2.3287 0.2106, 9.1254 -2.3451 0.19, 9.1254 -2.3563 0.183, 9.1254 -2.2047 0.0, 9.1254 -2.3195 0.2814, 9.1254 -2.3229 0.2559, 9.1254 -2.3229 0.2362, 9.1254 -2.3357 0.1994, 9.1254 -2.1457 0.0591, 9.1254 -2.1457 0.1181, 9.1254 -2.0998 0.1757, 9.1254 -2.1916 0.0015, 9.1254 -2.1791 0.0058, 9.1254 -2.1679 0.0129, 9.1254 -2.1586 0.0222, 9.1254 -2.1515 0.0334, 9.1254 -2.1472 0.0459, 9.1254 -2.628 0.1772, 9.1254 -2.628 0.0, 9.1254 -2.3819 0.1772, 9.1254 -2.3688 0.1786, 9.0466 -2.3243 0.2231, 9.0466 -2.3229 0.2362, 9.0466 -2.1398 0.1437, 9.0466 -2.1235 0.1643, 9.0466 -2.2499 0.351, 9.0466 -2.1123 0.1713, 9.0466 -2.0998 0.1757, 9.0466 -2.3195 0.2814, 9.0466 -2.3097 0.3051, 9.0466 -2.1328 0.1549, 9.0466 -2.294 0.3255, 9.0466 -2.2736 0.3411, 9.0466 -2.3229 0.2559, 9.0466 -2.1457 0.1181, 9.0466 -2.1457 0.0591, 9.0466 -2.3287 0.2106, 9.0466 -2.3357 0.1994, 9.0466 -2.1442 0.1313, 9.0466 -2.1679 0.0129, 9.0466 -2.1791 0.0058, 9.0466 -2.3451 0.19, 9.0466 -2.1916 0.0015, 9.0466 -2.3563 0.183, 9.0466 -2.2047 0.0, 9.0466 -2.3688 0.1786, 9.0466 -2.628 0.0, 9.0466 -2.628 0.1772, 9.0466 -2.3819 0.1772, 9.0466 -2.1472 0.0459, 9.0466 -2.1515 0.0334, 9.0466 -2.1586 0.0222, 8.7317 1.9488 0.3543, 8.7317 2.2244 0.3543, 8.6529 1.9488 0.3543, 8.6529 2.2244 0.3543, 8.6529 1.9488 0.1772, 8.6529 2.0866 0.1772, 8.7317 1.9488 0.1772, 8.7317 2.0866 0.1772, 8.7317 2.3243 0.2231, 8.7317 2.3228 0.2362, 8.7317 2.1398 0.1437, 8.7317 2.1234 0.1643, 8.7317 2.2499 0.351, 8.7317 2.1122 0.1713, 8.7317 2.0997 0.1757, 8.7317 2.3195 0.2814, 8.7317 2.3096 0.3051, 8.7317 2.1328 0.1549, 8.7317 2.294 0.3255, 8.7317 2.2736 0.3411, 8.7317 2.3228 0.2559, 8.7317 2.1456 0.1181, 8.7317 2.1456 0.0591, 8.7317 2.3287 0.2106, 8.7317 2.3357 0.1994, 8.7317 2.1442 0.1313, 8.7317 2.1679 0.0129, 8.7317 2.1791 0.0058, 8.7317 2.345 0.19, 8.7317 2.1916 0.0015, 8.7317 2.3562 0.183, 8.7317 2.2047 0.0, 8.7317 2.3687 0.1786, 8.7317 2.6279 0.0, 8.7317 2.6279 0.1772, 8.7317 2.3819 0.1772, 8.7317 2.1471 0.0459, 8.7317 2.1515 0.0334, 8.7317 2.1585 0.0222, 8.6529 2.3096 0.3051, 8.6529 2.1328 0.1549, 8.6529 2.294 0.3255, 8.6529 2.1234 0.1643, 8.6529 2.2736 0.3411, 8.6529 2.2499 0.351, 8.6529 2.1122 0.1713, 8.6529 2.1398 0.1437, 8.6529 2.3243 0.2231, 8.6529 2.1442 0.1313, 8.6529 2.3287 0.2106, 8.6529 2.3195 0.2814, 8.6529 2.3228 0.2559, 8.6529 2.3228 0.2362, 8.6529 2.345 0.19, 8.6529 2.3562 0.183, 8.6529 2.2047 0.0, 8.6529 2.0997 0.1757, 8.6529 2.3357 0.1994, 8.6529 2.1456 0.0591, 8.6529 2.1456 0.1181, 8.6529 2.1916 0.0015, 8.6529 2.1791 0.0058, 8.6529 2.1679 0.0129, 8.6529 2.1585 0.0222, 8.6529 2.1515 0.0334, 8.6529 2.1471 0.0459, 8.6529 2.6279 0.1772, 8.6529 2.6279 0.0, 8.6529 2.3819 0.1772, 8.6529 2.3687 0.1786, 8.7317 -1.9488 0.1772, 8.7317 -2.0866 0.1772, 8.6529 -1.9488 0.1772, 8.6529 -2.0866 0.1772, 8.6529 -1.9488 0.3543, 8.6529 -2.2244 0.3543, 8.7317 -1.9488 0.3543, 8.7317 -2.2244 0.3543, 8.7317 -2.3097 0.3051, 8.7317 -2.1328 0.1549, 8.7317 -2.294 0.3255, 8.7317 -2.1235 0.1643, 8.7317 -2.2736 0.3411, 8.7317 -2.2499 0.351, 8.7317 -2.1123 0.1713, 8.7317 -2.1398 0.1437, 8.7317 -2.3243 0.2231, 8.7317 -2.1442 0.1313, 8.7317 -2.3287 0.2106, 8.7317 -2.3451 0.19, 8.7317 -2.3563 0.183, 8.7317 -2.2047 0.0, 8.7317 -2.3195 0.2814, 8.7317 -2.3229 0.2559, 8.7317 -2.3229 0.2362, 8.7317 -2.3357 0.1994, 8.7317 -2.1457 0.0591, 8.7317 -2.1457 0.1181, 8.7317 -2.0998 0.1757, 8.7317 -2.1916 0.0015, 8.7317 -2.1791 0.0058, 8.7317 -2.1679 0.0129, 8.7317 -2.1586 0.0222, 8.7317 -2.1515 0.0334, 8.7317 -2.1472 0.0459, 8.7317 -2.628 0.1772, 8.7317 -2.628 0.0, 8.7317 -2.3819 0.1772, 8.7317 -2.3688 0.1786, 8.6529 -2.3243 0.2231, 8.6529 -2.3229 0.2362, 8.6529 -2.1398 0.1437, 8.6529 -2.1235 0.1643, 8.6529 -2.2499 0.351, 8.6529 -2.1123 0.1713, 8.6529 -2.0998 0.1757, 8.6529 -2.3195 0.2814, 8.6529 -2.3097 0.3051, 8.6529 -2.1328 0.1549, 8.6529 -2.294 0.3255, 8.6529 -2.2736 0.3411, 8.6529 -2.3229 0.2559, 8.6529 -2.1457 0.1181, 8.6529 -2.1457 0.0591, 8.6529 -2.3287 0.2106, 8.6529 -2.3357 0.1994, 8.6529 -2.1442 0.1313, 8.6529 -2.1679 0.0129, 8.6529 -2.1791 0.0058, 8.6529 -2.3451 0.19, 8.6529 -2.1916 0.0015, 8.6529 -2.3563 0.183, 8.6529 -2.2047 0.0, 8.6529 -2.3688 0.1786, 8.6529 -2.628 0.0, 8.6529 -2.628 0.1772, 8.6529 -2.3819 0.1772, 8.6529 -2.1472 0.0459, 8.6529 -2.1515 0.0334, 8.6529 -2.1586 0.0222, 8.338 1.9488 0.3543, 8.338 2.2244 0.3543, 8.2592 1.9488 0.3543, 8.2592 2.2244 0.3543, 8.2592 1.9488 0.1772, 8.2592 2.0866 0.1772, 8.338 1.9488 0.1772, 8.338 2.0866 0.1772, 8.338 2.3243 0.2231, 8.338 2.3228 0.2362, 8.338 2.1398 0.1437, 8.338 2.1234 0.1643, 8.338 2.2499 0.351, 8.338 2.1122 0.1713, 8.338 2.0997 0.1757, 8.338 2.3195 0.2814, 8.338 2.3096 0.3051, 8.338 2.1328 0.1549, 8.338 2.294 0.3255, 8.338 2.2736 0.3411, 8.338 2.3228 0.2559, 8.338 2.1456 0.1181, 8.338 2.1456 0.0591, 8.338 2.3287 0.2106, 8.338 2.3357 0.1994, 8.338 2.1442 0.1313, 8.338 2.1679 0.0129, 8.338 2.1791 0.0058, 8.338 2.345 0.19, 8.338 2.1916 0.0015, 8.338 2.3562 0.183, 8.338 2.2047 0.0, 8.338 2.3687 0.1786, 8.338 2.6279 0.0, 8.338 2.6279 0.1772, 8.338 2.3819 0.1772, 8.338 2.1471 0.0459, 8.338 2.1515 0.0334, 8.338 2.1585 0.0222, 8.2592 2.3096 0.3051, 8.2592 2.1328 0.1549, 8.2592 2.294 0.3255, 8.2592 2.1234 0.1643, 8.2592 2.2736 0.3411, 8.2592 2.2499 0.351, 8.2592 2.1122 0.1713, 8.2592 2.1398 0.1437, 8.2592 2.3243 0.2231, 8.2592 2.1442 0.1313, 8.2592 2.3287 0.2106, 8.2592 2.3195 0.2814, 8.2592 2.3228 0.2559, 8.2592 2.3228 0.2362, 8.2592 2.345 0.19, 8.2592 2.3562 0.183, 8.2592 2.2047 0.0, 8.2592 2.0997 0.1757, 8.2592 2.3357 0.1994, 8.2592 2.1456 0.0591, 8.2592 2.1456 0.1181, 8.2592 2.1916 0.0015, 8.2592 2.1791 0.0058, 8.2592 2.1679 0.0129, 8.2592 2.1585 0.0222, 8.2592 2.1515 0.0334, 8.2592 2.1471 0.0459, 8.2592 2.6279 0.1772, 8.2592 2.6279 0.0, 8.2592 2.3819 0.1772, 8.2592 2.3687 0.1786, 8.338 -1.9488 0.1772, 8.338 -2.0866 0.1772, 8.2592 -1.9488 0.1772, 8.2592 -2.0866 0.1772, 8.2592 -1.9488 0.3543, 8.2592 -2.2244 0.3543, 8.338 -1.9488 0.3543, 8.338 -2.2244 0.3543, 8.338 -2.3097 0.3051, 8.338 -2.1328 0.1549, 8.338 -2.294 0.3255, 8.338 -2.1235 0.1643, 8.338 -2.2736 0.3411, 8.338 -2.2499 0.351, 8.338 -2.1123 0.1713, 8.338 -2.1398 0.1437, 8.338 -2.3243 0.2231, 8.338 -2.1442 0.1313, 8.338 -2.3287 0.2106, 8.338 -2.3451 0.19, 8.338 -2.3563 0.183, 8.338 -2.2047 0.0, 8.338 -2.3195 0.2814, 8.338 -2.3229 0.2559, 8.338 -2.3229 0.2362, 8.338 -2.3357 0.1994, 8.338 -2.1457 0.0591, 8.338 -2.1457 0.1181, 8.338 -2.0998 0.1757, 8.338 -2.1916 0.0015, 8.338 -2.1791 0.0058, 8.338 -2.1679 0.0129, 8.338 -2.1586 0.0222, 8.338 -2.1515 0.0334, 8.338 -2.1472 0.0459, 8.338 -2.628 0.1772, 8.338 -2.628 0.0, 8.338 -2.3819 0.1772, 8.338 -2.3688 0.1786, 8.2592 -2.3243 0.2231, 8.2592 -2.3229 0.2362, 8.2592 -2.1398 0.1437, 8.2592 -2.1235 0.1643, 8.2592 -2.2499 0.351, 8.2592 -2.1123 0.1713, 8.2592 -2.0998 0.1757, 8.2592 -2.3195 0.2814, 8.2592 -2.3097 0.3051, 8.2592 -2.1328 0.1549, 8.2592 -2.294 0.3255, 8.2592 -2.2736 0.3411, 8.2592 -2.3229 0.2559, 8.2592 -2.1457 0.1181, 8.2592 -2.1457 0.0591, 8.2592 -2.3287 0.2106, 8.2592 -2.3357 0.1994, 8.2592 -2.1442 0.1313, 8.2592 -2.1679 0.0129, 8.2592 -2.1791 0.0058, 8.2592 -2.3451 0.19, 8.2592 -2.1916 0.0015, 8.2592 -2.3563 0.183, 8.2592 -2.2047 0.0, 8.2592 -2.3688 0.1786, 8.2592 -2.628 0.0, 8.2592 -2.628 0.1772, 8.2592 -2.3819 0.1772, 8.2592 -2.1472 0.0459, 8.2592 -2.1515 0.0334, 8.2592 -2.1586 0.0222, 7.9443 1.9488 0.3543, 7.9443 2.2244 0.3543, 7.8655 1.9488 0.3543, 7.8655 2.2244 0.3543, 7.8655 1.9488 0.1772, 7.8655 2.0866 0.1772, 7.9443 1.9488 0.1772, 7.9443 2.0866 0.1772, 7.9443 2.3243 0.2231, 7.9443 2.3228 0.2362, 7.9443 2.1398 0.1437, 7.9443 2.1234 0.1643, 7.9443 2.2499 0.351, 7.9443 2.1122 0.1713, 7.9443 2.0997 0.1757, 7.9443 2.3195 0.2814, 7.9443 2.3096 0.3051, 7.9443 2.1328 0.1549, 7.9443 2.294 0.3255, 7.9443 2.2736 0.3411, 7.9443 2.3228 0.2559, 7.9443 2.1456 0.1181, 7.9443 2.1456 0.0591, 7.9443 2.3287 0.2106, 7.9443 2.3357 0.1994, 7.9443 2.1442 0.1313, 7.9443 2.1679 0.0129, 7.9443 2.1791 0.0058, 7.9443 2.345 0.19, 7.9443 2.1916 0.0015, 7.9443 2.3562 0.183, 7.9443 2.2047 0.0, 7.9443 2.3687 0.1786, 7.9443 2.6279 0.0, 7.9443 2.6279 0.1772, 7.9443 2.3819 0.1772, 7.9443 2.1471 0.0459, 7.9443 2.1515 0.0334, 7.9443 2.1585 0.0222, 7.8655 2.3096 0.3051, 7.8655 2.1328 0.1549, 7.8655 2.294 0.3255, 7.8655 2.1234 0.1643, 7.8655 2.2736 0.3411, 7.8655 2.2499 0.351, 7.8655 2.1122 0.1713, 7.8655 2.1398 0.1437, 7.8655 2.3243 0.2231, 7.8655 2.1442 0.1313, 7.8655 2.3287 0.2106, 7.8655 2.3195 0.2814, 7.8655 2.3228 0.2559, 7.8655 2.3228 0.2362, 7.8655 2.345 0.19, 7.8655 2.3562 0.183, 7.8655 2.2047 0.0, 7.8655 2.0997 0.1757, 7.8655 2.3357 0.1994, 7.8655 2.1456 0.0591, 7.8655 2.1456 0.1181, 7.8655 2.1916 0.0015, 7.8655 2.1791 0.0058, 7.8655 2.1679 0.0129, 7.8655 2.1585 0.0222, 7.8655 2.1515 0.0334, 7.8655 2.1471 0.0459, 7.8655 2.6279 0.1772, 7.8655 2.6279 0.0, 7.8655 2.3819 0.1772, 7.8655 2.3687 0.1786, 7.9443 -1.9488 0.1772, 7.9443 -2.0866 0.1772, 7.8655 -1.9488 0.1772, 7.8655 -2.0866 0.1772, 7.8655 -1.9488 0.3543, 7.8655 -2.2244 0.3543, 7.9443 -1.9488 0.3543, 7.9443 -2.2244 0.3543, 7.9443 -2.3097 0.3051, 7.9443 -2.1328 0.1549, 7.9443 -2.294 0.3255, 7.9443 -2.1235 0.1643, 7.9443 -2.2736 0.3411, 7.9443 -2.2499 0.351, 7.9443 -2.1123 0.1713, 7.9443 -2.1398 0.1437, 7.9443 -2.3243 0.2231, 7.9443 -2.1442 0.1313, 7.9443 -2.3287 0.2106, 7.9443 -2.3451 0.19, 7.9443 -2.3563 0.183, 7.9443 -2.2047 0.0, 7.9443 -2.3195 0.2814, 7.9443 -2.3229 0.2559, 7.9443 -2.3229 0.2362, 7.9443 -2.3357 0.1994, 7.9443 -2.1457 0.0591, 7.9443 -2.1457 0.1181, 7.9443 -2.0998 0.1757, 7.9443 -2.1916 0.0015, 7.9443 -2.1791 0.0058, 7.9443 -2.1679 0.0129, 7.9443 -2.1586 0.0222, 7.9443 -2.1515 0.0334, 7.9443 -2.1472 0.0459, 7.9443 -2.628 0.1772, 7.9443 -2.628 0.0, 7.9443 -2.3819 0.1772, 7.9443 -2.3688 0.1786, 7.8655 -2.3243 0.2231, 7.8655 -2.3229 0.2362, 7.8655 -2.1398 0.1437, 7.8655 -2.1235 0.1643, 7.8655 -2.2499 0.351, 7.8655 -2.1123 0.1713, 7.8655 -2.0998 0.1757, 7.8655 -2.3195 0.2814, 7.8655 -2.3097 0.3051, 7.8655 -2.1328 0.1549, 7.8655 -2.294 0.3255, 7.8655 -2.2736 0.3411, 7.8655 -2.3229 0.2559, 7.8655 -2.1457 0.1181, 7.8655 -2.1457 0.0591, 7.8655 -2.3287 0.2106, 7.8655 -2.3357 0.1994, 7.8655 -2.1442 0.1313, 7.8655 -2.1679 0.0129, 7.8655 -2.1791 0.0058, 7.8655 -2.3451 0.19, 7.8655 -2.1916 0.0015, 7.8655 -2.3563 0.183, 7.8655 -2.2047 0.0, 7.8655 -2.3688 0.1786, 7.8655 -2.628 0.0, 7.8655 -2.628 0.1772, 7.8655 -2.3819 0.1772, 7.8655 -2.1472 0.0459, 7.8655 -2.1515 0.0334, 7.8655 -2.1586 0.0222, 7.5506 1.9488 0.3543, 7.5506 2.2244 0.3543, 7.4718 1.9488 0.3543, 7.4718 2.2244 0.3543, 7.4718 1.9488 0.1772, 7.4718 2.0866 0.1772, 7.5506 1.9488 0.1772, 7.5506 2.0866 0.1772, 7.5506 2.3243 0.2231, 7.5506 2.3228 0.2362, 7.5506 2.1398 0.1437, 7.5506 2.1234 0.1643, 7.5506 2.2499 0.351, 7.5506 2.1122 0.1713, 7.5506 2.0997 0.1757, 7.5506 2.3195 0.2814, 7.5506 2.3096 0.3051, 7.5506 2.1328 0.1549, 7.5506 2.294 0.3255, 7.5506 2.2736 0.3411, 7.5506 2.3228 0.2559, 7.5506 2.1456 0.1181, 7.5506 2.1456 0.0591, 7.5506 2.3287 0.2106, 7.5506 2.3357 0.1994, 7.5506 2.1442 0.1313, 7.5506 2.1679 0.0129, 7.5506 2.1791 0.0058, 7.5506 2.345 0.19, 7.5506 2.1916 0.0015, 7.5506 2.3562 0.183, 7.5506 2.2047 0.0, 7.5506 2.3687 0.1786, 7.5506 2.6279 0.0, 7.5506 2.6279 0.1772, 7.5506 2.3819 0.1772, 7.5506 2.1471 0.0459, 7.5506 2.1515 0.0334, 7.5506 2.1585 0.0222, 7.4718 2.3096 0.3051, 7.4718 2.1328 0.1549, 7.4718 2.294 0.3255, 7.4718 2.1234 0.1643, 7.4718 2.2736 0.3411, 7.4718 2.2499 0.351, 7.4718 2.1122 0.1713, 7.4718 2.1398 0.1437, 7.4718 2.3243 0.2231, 7.4718 2.1442 0.1313, 7.4718 2.3287 0.2106, 7.4718 2.3195 0.2814, 7.4718 2.3228 0.2559, 7.4718 2.3228 0.2362, 7.4718 2.345 0.19, 7.4718 2.3562 0.183, 7.4718 2.2047 0.0, 7.4718 2.0997 0.1757, 7.4718 2.3357 0.1994, 7.4718 2.1456 0.0591, 7.4718 2.1456 0.1181, 7.4718 2.1916 0.0015, 7.4718 2.1791 0.0058, 7.4718 2.1679 0.0129, 7.4718 2.1585 0.0222, 7.4718 2.1515 0.0334, 7.4718 2.1471 0.0459, 7.4718 2.6279 0.1772, 7.4718 2.6279 0.0, 7.4718 2.3819 0.1772, 7.4718 2.3687 0.1786, 7.5506 -1.9488 0.1772, 7.5506 -2.0866 0.1772, 7.4718 -1.9488 0.1772, 7.4718 -2.0866 0.1772, 7.4718 -1.9488 0.3543, 7.4718 -2.2244 0.3543, 7.5506 -1.9488 0.3543, 7.5506 -2.2244 0.3543, 7.5506 -2.3097 0.3051, 7.5506 -2.1328 0.1549, 7.5506 -2.294 0.3255, 7.5506 -2.1235 0.1643, 7.5506 -2.2736 0.3411, 7.5506 -2.2499 0.351, 7.5506 -2.1123 0.1713, 7.5506 -2.1398 0.1437, 7.5506 -2.3243 0.2231, 7.5506 -2.1442 0.1313, 7.5506 -2.3287 0.2106, 7.5506 -2.3451 0.19, 7.5506 -2.3563 0.183, 7.5506 -2.2047 0.0, 7.5506 -2.3195 0.2814, 7.5506 -2.3229 0.2559, 7.5506 -2.3229 0.2362, 7.5506 -2.3357 0.1994, 7.5506 -2.1457 0.0591, 7.5506 -2.1457 0.1181, 7.5506 -2.0998 0.1757, 7.5506 -2.1916 0.0015, 7.5506 -2.1791 0.0058, 7.5506 -2.1679 0.0129, 7.5506 -2.1586 0.0222, 7.5506 -2.1515 0.0334, 7.5506 -2.1472 0.0459, 7.5506 -2.628 0.1772, 7.5506 -2.628 0.0, 7.5506 -2.3819 0.1772, 7.5506 -2.3688 0.1786, 7.4718 -2.3243 0.2231, 7.4718 -2.3229 0.2362, 7.4718 -2.1398 0.1437, 7.4718 -2.1235 0.1643, 7.4718 -2.2499 0.351, 7.4718 -2.1123 0.1713, 7.4718 -2.0998 0.1757, 7.4718 -2.3195 0.2814, 7.4718 -2.3097 0.3051, 7.4718 -2.1328 0.1549, 7.4718 -2.294 0.3255, 7.4718 -2.2736 0.3411, 7.4718 -2.3229 0.2559, 7.4718 -2.1457 0.1181, 7.4718 -2.1457 0.0591, 7.4718 -2.3287 0.2106, 7.4718 -2.3357 0.1994, 7.4718 -2.1442 0.1313, 7.4718 -2.1679 0.0129, 7.4718 -2.1791 0.0058, 7.4718 -2.3451 0.19, 7.4718 -2.1916 0.0015, 7.4718 -2.3563 0.183, 7.4718 -2.2047 0.0, 7.4718 -2.3688 0.1786, 7.4718 -2.628 0.0, 7.4718 -2.628 0.1772, 7.4718 -2.3819 0.1772, 7.4718 -2.1472 0.0459, 7.4718 -2.1515 0.0334, 7.4718 -2.1586 0.0222, 7.1569 1.9488 0.3543, 7.1569 2.2244 0.3543, 7.0781 1.9488 0.3543, 7.0781 2.2244 0.3543, 7.0781 1.9488 0.1772, 7.0781 2.0866 0.1772, 7.1569 1.9488 0.1772, 7.1569 2.0866 0.1772, 7.1569 2.3243 0.2231, 7.1569 2.3228 0.2362, 7.1569 2.1398 0.1437, 7.1569 2.1234 0.1643, 7.1569 2.2499 0.351, 7.1569 2.1122 0.1713, 7.1569 2.0997 0.1757, 7.1569 2.3195 0.2814, 7.1569 2.3096 0.3051, 7.1569 2.1328 0.1549, 7.1569 2.294 0.3255, 7.1569 2.2736 0.3411, 7.1569 2.3228 0.2559, 7.1569 2.1456 0.1181, 7.1569 2.1456 0.0591, 7.1569 2.3287 0.2106, 7.1569 2.3357 0.1994, 7.1569 2.1442 0.1313, 7.1569 2.1679 0.0129, 7.1569 2.1791 0.0058, 7.1569 2.345 0.19, 7.1569 2.1916 0.0015, 7.1569 2.3562 0.183, 7.1569 2.2047 0.0, 7.1569 2.3687 0.1786, 7.1569 2.6279 0.0, 7.1569 2.6279 0.1772, 7.1569 2.3819 0.1772, 7.1569 2.1471 0.0459, 7.1569 2.1515 0.0334, 7.1569 2.1585 0.0222, 7.0781 2.3096 0.3051, 7.0781 2.1328 0.1549, 7.0781 2.294 0.3255, 7.0781 2.1234 0.1643, 7.0781 2.2736 0.3411, 7.0781 2.2499 0.351, 7.0781 2.1122 0.1713, 7.0781 2.1398 0.1437, 7.0781 2.3243 0.2231, 7.0781 2.1442 0.1313, 7.0781 2.3287 0.2106, 7.0781 2.3195 0.2814, 7.0781 2.3228 0.2559, 7.0781 2.3228 0.2362, 7.0781 2.345 0.19, 7.0781 2.3562 0.183, 7.0781 2.2047 0.0, 7.0781 2.0997 0.1757, 7.0781 2.3357 0.1994, 7.0781 2.1456 0.0591, 7.0781 2.1456 0.1181, 7.0781 2.1916 0.0015, 7.0781 2.1791 0.0058, 7.0781 2.1679 0.0129, 7.0781 2.1585 0.0222, 7.0781 2.1515 0.0334, 7.0781 2.1471 0.0459, 7.0781 2.6279 0.1772, 7.0781 2.6279 0.0, 7.0781 2.3819 0.1772, 7.0781 2.3687 0.1786, 7.1569 -1.9488 0.1772, 7.1569 -2.0866 0.1772, 7.0781 -1.9488 0.1772, 7.0781 -2.0866 0.1772, 7.0781 -1.9488 0.3543, 7.0781 -2.2244 0.3543, 7.1569 -1.9488 0.3543, 7.1569 -2.2244 0.3543, 7.1569 -2.3097 0.3051, 7.1569 -2.1328 0.1549, 7.1569 -2.294 0.3255, 7.1569 -2.1235 0.1643, 7.1569 -2.2736 0.3411, 7.1569 -2.2499 0.351, 7.1569 -2.1123 0.1713, 7.1569 -2.1398 0.1437, 7.1569 -2.3243 0.2231, 7.1569 -2.1442 0.1313, 7.1569 -2.3287 0.2106, 7.1569 -2.3451 0.19, 7.1569 -2.3563 0.183, 7.1569 -2.2047 0.0, 7.1569 -2.3195 0.2814, 7.1569 -2.3229 0.2559, 7.1569 -2.3229 0.2362, 7.1569 -2.3357 0.1994, 7.1569 -2.1457 0.0591, 7.1569 -2.1457 0.1181, 7.1569 -2.0998 0.1757, 7.1569 -2.1916 0.0015, 7.1569 -2.1791 0.0058, 7.1569 -2.1679 0.0129, 7.1569 -2.1586 0.0222, 7.1569 -2.1515 0.0334, 7.1569 -2.1472 0.0459, 7.1569 -2.628 0.1772, 7.1569 -2.628 0.0, 7.1569 -2.3819 0.1772, 7.1569 -2.3688 0.1786, 7.0781 -2.3243 0.2231, 7.0781 -2.3229 0.2362, 7.0781 -2.1398 0.1437, 7.0781 -2.1235 0.1643, 7.0781 -2.2499 0.351, 7.0781 -2.1123 0.1713, 7.0781 -2.0998 0.1757, 7.0781 -2.3195 0.2814, 7.0781 -2.3097 0.3051, 7.0781 -2.1328 0.1549, 7.0781 -2.294 0.3255, 7.0781 -2.2736 0.3411, 7.0781 -2.3229 0.2559, 7.0781 -2.1457 0.1181, 7.0781 -2.1457 0.0591, 7.0781 -2.3287 0.2106, 7.0781 -2.3357 0.1994, 7.0781 -2.1442 0.1313, 7.0781 -2.1679 0.0129, 7.0781 -2.1791 0.0058, 7.0781 -2.3451 0.19, 7.0781 -2.1916 0.0015, 7.0781 -2.3563 0.183, 7.0781 -2.2047 0.0, 7.0781 -2.3688 0.1786, 7.0781 -2.628 0.0, 7.0781 -2.628 0.1772, 7.0781 -2.3819 0.1772, 7.0781 -2.1472 0.0459, 7.0781 -2.1515 0.0334, 7.0781 -2.1586 0.0222, 6.7632 1.9488 0.3543, 6.7632 2.2244 0.3543, 6.6844 1.9488 0.3543, 6.6844 2.2244 0.3543, 6.6844 1.9488 0.1772, 6.6844 2.0866 0.1772, 6.7632 1.9488 0.1772, 6.7632 2.0866 0.1772, 6.7632 2.3243 0.2231, 6.7632 2.3228 0.2362, 6.7632 2.1398 0.1437, 6.7632 2.1234 0.1643, 6.7632 2.2499 0.351, 6.7632 2.1122 0.1713, 6.7632 2.0997 0.1757, 6.7632 2.3195 0.2814, 6.7632 2.3096 0.3051, 6.7632 2.1328 0.1549, 6.7632 2.294 0.3255, 6.7632 2.2736 0.3411, 6.7632 2.3228 0.2559, 6.7632 2.1456 0.1181, 6.7632 2.1456 0.0591, 6.7632 2.3287 0.2106, 6.7632 2.3357 0.1994, 6.7632 2.1442 0.1313, 6.7632 2.1679 0.0129, 6.7632 2.1791 0.0058, 6.7632 2.345 0.19, 6.7632 2.1916 0.0015, 6.7632 2.3562 0.183, 6.7632 2.2047 0.0, 6.7632 2.3687 0.1786, 6.7632 2.6279 0.0, 6.7632 2.6279 0.1772, 6.7632 2.3819 0.1772, 6.7632 2.1471 0.0459, 6.7632 2.1515 0.0334, 6.7632 2.1585 0.0222, 6.6844 2.3096 0.3051, 6.6844 2.1328 0.1549, 6.6844 2.294 0.3255, 6.6844 2.1234 0.1643, 6.6844 2.2736 0.3411, 6.6844 2.2499 0.351, 6.6844 2.1122 0.1713, 6.6844 2.1398 0.1437, 6.6844 2.3243 0.2231, 6.6844 2.1442 0.1313, 6.6844 2.3287 0.2106, 6.6844 2.3195 0.2814, 6.6844 2.3228 0.2559, 6.6844 2.3228 0.2362, 6.6844 2.345 0.19, 6.6844 2.3562 0.183, 6.6844 2.2047 0.0, 6.6844 2.0997 0.1757, 6.6844 2.3357 0.1994, 6.6844 2.1456 0.0591, 6.6844 2.1456 0.1181, 6.6844 2.1916 0.0015, 6.6844 2.1791 0.0058, 6.6844 2.1679 0.0129, 6.6844 2.1585 0.0222, 6.6844 2.1515 0.0334, 6.6844 2.1471 0.0459, 6.6844 2.6279 0.1772, 6.6844 2.6279 0.0, 6.6844 2.3819 0.1772, 6.6844 2.3687 0.1786, 6.7632 -1.9488 0.1772, 6.7632 -2.0866 0.1772, 6.6844 -1.9488 0.1772, 6.6844 -2.0866 0.1772, 6.6844 -1.9488 0.3543, 6.6844 -2.2244 0.3543, 6.7632 -1.9488 0.3543, 6.7632 -2.2244 0.3543, 6.7632 -2.3097 0.3051, 6.7632 -2.1328 0.1549, 6.7632 -2.294 0.3255, 6.7632 -2.1235 0.1643, 6.7632 -2.2736 0.3411, 6.7632 -2.2499 0.351, 6.7632 -2.1123 0.1713, 6.7632 -2.1398 0.1437, 6.7632 -2.3243 0.2231, 6.7632 -2.1442 0.1313, 6.7632 -2.3287 0.2106, 6.7632 -2.3451 0.19, 6.7632 -2.3563 0.183, 6.7632 -2.2047 0.0, 6.7632 -2.3195 0.2814, 6.7632 -2.3229 0.2559, 6.7632 -2.3229 0.2362, 6.7632 -2.3357 0.1994, 6.7632 -2.1457 0.0591, 6.7632 -2.1457 0.1181, 6.7632 -2.0998 0.1757, 6.7632 -2.1916 0.0015, 6.7632 -2.1791 0.0058, 6.7632 -2.1679 0.0129, 6.7632 -2.1586 0.0222, 6.7632 -2.1515 0.0334, 6.7632 -2.1472 0.0459, 6.7632 -2.628 0.1772, 6.7632 -2.628 0.0, 6.7632 -2.3819 0.1772, 6.7632 -2.3688 0.1786, 6.6844 -2.3243 0.2231, 6.6844 -2.3229 0.2362, 6.6844 -2.1398 0.1437, 6.6844 -2.1235 0.1643, 6.6844 -2.2499 0.351, 6.6844 -2.1123 0.1713, 6.6844 -2.0998 0.1757, 6.6844 -2.3195 0.2814, 6.6844 -2.3097 0.3051, 6.6844 -2.1328 0.1549, 6.6844 -2.294 0.3255, 6.6844 -2.2736 0.3411, 6.6844 -2.3229 0.2559, 6.6844 -2.1457 0.1181, 6.6844 -2.1457 0.0591, 6.6844 -2.3287 0.2106, 6.6844 -2.3357 0.1994, 6.6844 -2.1442 0.1313, 6.6844 -2.1679 0.0129, 6.6844 -2.1791 0.0058, 6.6844 -2.3451 0.19, 6.6844 -2.1916 0.0015, 6.6844 -2.3563 0.183, 6.6844 -2.2047 0.0, 6.6844 -2.3688 0.1786, 6.6844 -2.628 0.0, 6.6844 -2.628 0.1772, 6.6844 -2.3819 0.1772, 6.6844 -2.1472 0.0459, 6.6844 -2.1515 0.0334, 6.6844 -2.1586 0.0222, 6.3695 1.9488 0.3543, 6.3695 2.2244 0.3543, 6.2907 1.9488 0.3543, 6.2907 2.2244 0.3543, 6.2907 1.9488 0.1772, 6.2907 2.0866 0.1772, 6.3695 1.9488 0.1772, 6.3695 2.0866 0.1772, 6.3695 2.3243 0.2231, 6.3695 2.3228 0.2362, 6.3695 2.1398 0.1437, 6.3695 2.1234 0.1643, 6.3695 2.2499 0.351, 6.3695 2.1122 0.1713, 6.3695 2.0997 0.1757, 6.3695 2.3195 0.2814, 6.3695 2.3096 0.3051, 6.3695 2.1328 0.1549, 6.3695 2.294 0.3255, 6.3695 2.2736 0.3411, 6.3695 2.3228 0.2559, 6.3695 2.1456 0.1181, 6.3695 2.1456 0.0591, 6.3695 2.3287 0.2106, 6.3695 2.3357 0.1994, 6.3695 2.1442 0.1313, 6.3695 2.1679 0.0129, 6.3695 2.1791 0.0058, 6.3695 2.345 0.19, 6.3695 2.1916 0.0015, 6.3695 2.3562 0.183, 6.3695 2.2047 0.0, 6.3695 2.3687 0.1786, 6.3695 2.6279 0.0, 6.3695 2.6279 0.1772, 6.3695 2.3819 0.1772, 6.3695 2.1471 0.0459, 6.3695 2.1515 0.0334, 6.3695 2.1585 0.0222, 6.2907 2.3096 0.3051, 6.2907 2.1328 0.1549, 6.2907 2.294 0.3255, 6.2907 2.1234 0.1643, 6.2907 2.2736 0.3411, 6.2907 2.2499 0.351, 6.2907 2.1122 0.1713, 6.2907 2.1398 0.1437, 6.2907 2.3243 0.2231, 6.2907 2.1442 0.1313, 6.2907 2.3287 0.2106, 6.2907 2.3195 0.2814, 6.2907 2.3228 0.2559, 6.2907 2.3228 0.2362, 6.2907 2.345 0.19, 6.2907 2.3562 0.183, 6.2907 2.2047 0.0, 6.2907 2.0997 0.1757, 6.2907 2.3357 0.1994, 6.2907 2.1456 0.0591, 6.2907 2.1456 0.1181, 6.2907 2.1916 0.0015, 6.2907 2.1791 0.0058, 6.2907 2.1679 0.0129, 6.2907 2.1585 0.0222, 6.2907 2.1515 0.0334, 6.2907 2.1471 0.0459, 6.2907 2.6279 0.1772, 6.2907 2.6279 0.0, 6.2907 2.3819 0.1772, 6.2907 2.3687 0.1786, 6.3695 -1.9488 0.1772, 6.3695 -2.0866 0.1772, 6.2907 -1.9488 0.1772, 6.2907 -2.0866 0.1772, 6.2907 -1.9488 0.3543, 6.2907 -2.2244 0.3543, 6.3695 -1.9488 0.3543, 6.3695 -2.2244 0.3543, 6.3695 -2.3097 0.3051, 6.3695 -2.1328 0.1549, 6.3695 -2.294 0.3255, 6.3695 -2.1235 0.1643, 6.3695 -2.2736 0.3411, 6.3695 -2.2499 0.351, 6.3695 -2.1123 0.1713, 6.3695 -2.1398 0.1437, 6.3695 -2.3243 0.2231, 6.3695 -2.1442 0.1313, 6.3695 -2.3287 0.2106, 6.3695 -2.3451 0.19, 6.3695 -2.3563 0.183, 6.3695 -2.2047 0.0, 6.3695 -2.3195 0.2814, 6.3695 -2.3229 0.2559, 6.3695 -2.3229 0.2362, 6.3695 -2.3357 0.1994, 6.3695 -2.1457 0.0591, 6.3695 -2.1457 0.1181, 6.3695 -2.0998 0.1757, 6.3695 -2.1916 0.0015, 6.3695 -2.1791 0.0058, 6.3695 -2.1679 0.0129, 6.3695 -2.1586 0.0222, 6.3695 -2.1515 0.0334, 6.3695 -2.1472 0.0459, 6.3695 -2.628 0.1772, 6.3695 -2.628 0.0, 6.3695 -2.3819 0.1772, 6.3695 -2.3688 0.1786, 6.2907 -2.3243 0.2231, 6.2907 -2.3229 0.2362, 6.2907 -2.1398 0.1437, 6.2907 -2.1235 0.1643, 6.2907 -2.2499 0.351, 6.2907 -2.1123 0.1713, 6.2907 -2.0998 0.1757, 6.2907 -2.3195 0.2814, 6.2907 -2.3097 0.3051, 6.2907 -2.1328 0.1549, 6.2907 -2.294 0.3255, 6.2907 -2.2736 0.3411, 6.2907 -2.3229 0.2559, 6.2907 -2.1457 0.1181, 6.2907 -2.1457 0.0591, 6.2907 -2.3287 0.2106, 6.2907 -2.3357 0.1994, 6.2907 -2.1442 0.1313, 6.2907 -2.1679 0.0129, 6.2907 -2.1791 0.0058, 6.2907 -2.3451 0.19, 6.2907 -2.1916 0.0015, 6.2907 -2.3563 0.183, 6.2907 -2.2047 0.0, 6.2907 -2.3688 0.1786, 6.2907 -2.628 0.0, 6.2907 -2.628 0.1772, 6.2907 -2.3819 0.1772, 6.2907 -2.1472 0.0459, 6.2907 -2.1515 0.0334, 6.2907 -2.1586 0.0222, 5.9758 1.9488 0.3543, 5.9758 2.2244 0.3543, 5.897 1.9488 0.3543, 5.897 2.2244 0.3543, 5.897 1.9488 0.1772, 5.897 2.0866 0.1772, 5.9758 1.9488 0.1772, 5.9758 2.0866 0.1772, 5.9758 2.3243 0.2231, 5.9758 2.3228 0.2362, 5.9758 2.1398 0.1437, 5.9758 2.1234 0.1643, 5.9758 2.2499 0.351, 5.9758 2.1122 0.1713, 5.9758 2.0997 0.1757, 5.9758 2.3195 0.2814, 5.9758 2.3096 0.3051, 5.9758 2.1328 0.1549, 5.9758 2.294 0.3255, 5.9758 2.2736 0.3411, 5.9758 2.3228 0.2559, 5.9758 2.1456 0.1181, 5.9758 2.1456 0.0591, 5.9758 2.3287 0.2106, 5.9758 2.3357 0.1994, 5.9758 2.1442 0.1313, 5.9758 2.1679 0.0129, 5.9758 2.1791 0.0058, 5.9758 2.345 0.19, 5.9758 2.1916 0.0015, 5.9758 2.3562 0.183, 5.9758 2.2047 0.0, 5.9758 2.3687 0.1786, 5.9758 2.6279 0.0, 5.9758 2.6279 0.1772, 5.9758 2.3819 0.1772, 5.9758 2.1471 0.0459, 5.9758 2.1515 0.0334, 5.9758 2.1585 0.0222, 5.897 2.3096 0.3051, 5.897 2.1328 0.1549, 5.897 2.294 0.3255, 5.897 2.1234 0.1643, 5.897 2.2736 0.3411, 5.897 2.2499 0.351, 5.897 2.1122 0.1713, 5.897 2.1398 0.1437, 5.897 2.3243 0.2231, 5.897 2.1442 0.1313, 5.897 2.3287 0.2106, 5.897 2.3195 0.2814, 5.897 2.3228 0.2559, 5.897 2.3228 0.2362, 5.897 2.345 0.19, 5.897 2.3562 0.183, 5.897 2.2047 0.0, 5.897 2.0997 0.1757, 5.897 2.3357 0.1994, 5.897 2.1456 0.0591, 5.897 2.1456 0.1181, 5.897 2.1916 0.0015, 5.897 2.1791 0.0058, 5.897 2.1679 0.0129, 5.897 2.1585 0.0222, 5.897 2.1515 0.0334, 5.897 2.1471 0.0459, 5.897 2.6279 0.1772, 5.897 2.6279 0.0, 5.897 2.3819 0.1772, 5.897 2.3687 0.1786, 5.9758 -1.9488 0.1772, 5.9758 -2.0866 0.1772, 5.897 -1.9488 0.1772, 5.897 -2.0866 0.1772, 5.897 -1.9488 0.3543, 5.897 -2.2244 0.3543, 5.9758 -1.9488 0.3543, 5.9758 -2.2244 0.3543, 5.9758 -2.3097 0.3051, 5.9758 -2.1328 0.1549, 5.9758 -2.294 0.3255, 5.9758 -2.1235 0.1643, 5.9758 -2.2736 0.3411, 5.9758 -2.2499 0.351, 5.9758 -2.1123 0.1713, 5.9758 -2.1398 0.1437, 5.9758 -2.3243 0.2231, 5.9758 -2.1442 0.1313, 5.9758 -2.3287 0.2106, 5.9758 -2.3451 0.19, 5.9758 -2.3563 0.183, 5.9758 -2.2047 0.0, 5.9758 -2.3195 0.2814, 5.9758 -2.3229 0.2559, 5.9758 -2.3229 0.2362, 5.9758 -2.3357 0.1994, 5.9758 -2.1457 0.0591, 5.9758 -2.1457 0.1181, 5.9758 -2.0998 0.1757, 5.9758 -2.1916 0.0015, 5.9758 -2.1791 0.0058, 5.9758 -2.1679 0.0129, 5.9758 -2.1586 0.0222, 5.9758 -2.1515 0.0334, 5.9758 -2.1472 0.0459, 5.9758 -2.628 0.1772, 5.9758 -2.628 0.0, 5.9758 -2.3819 0.1772, 5.9758 -2.3688 0.1786, 5.897 -2.3243 0.2231, 5.897 -2.3229 0.2362, 5.897 -2.1398 0.1437, 5.897 -2.1235 0.1643, 5.897 -2.2499 0.351, 5.897 -2.1123 0.1713, 5.897 -2.0998 0.1757, 5.897 -2.3195 0.2814, 5.897 -2.3097 0.3051, 5.897 -2.1328 0.1549, 5.897 -2.294 0.3255, 5.897 -2.2736 0.3411, 5.897 -2.3229 0.2559, 5.897 -2.1457 0.1181, 5.897 -2.1457 0.0591, 5.897 -2.3287 0.2106, 5.897 -2.3357 0.1994, 5.897 -2.1442 0.1313, 5.897 -2.1679 0.0129, 5.897 -2.1791 0.0058, 5.897 -2.3451 0.19, 5.897 -2.1916 0.0015, 5.897 -2.3563 0.183, 5.897 -2.2047 0.0, 5.897 -2.3688 0.1786, 5.897 -2.628 0.0, 5.897 -2.628 0.1772, 5.897 -2.3819 0.1772, 5.897 -2.1472 0.0459, 5.897 -2.1515 0.0334, 5.897 -2.1586 0.0222, 4.7947 1.9488 0.3543, 4.7947 2.2244 0.3543, 4.7159 1.9488 0.3543, 4.7159 2.2244 0.3543, 4.7159 1.9488 0.1772, 4.7159 2.0866 0.1772, 4.7947 1.9488 0.1772, 4.7947 2.0866 0.1772, 4.7947 2.3243 0.2231, 4.7947 2.3228 0.2362, 4.7947 2.1398 0.1437, 4.7947 2.1234 0.1643, 4.7947 2.2499 0.351, 4.7947 2.1122 0.1713, 4.7947 2.0997 0.1757, 4.7947 2.3195 0.2814, 4.7947 2.3096 0.3051, 4.7947 2.1328 0.1549, 4.7947 2.294 0.3255, 4.7947 2.2736 0.3411, 4.7947 2.3228 0.2559, 4.7947 2.1456 0.1181, 4.7947 2.1456 0.0591, 4.7947 2.3287 0.2106, 4.7947 2.3357 0.1994, 4.7947 2.1442 0.1313, 4.7947 2.1679 0.0129, 4.7947 2.1791 0.0058, 4.7947 2.345 0.19, 4.7947 2.1916 0.0015, 4.7947 2.3562 0.183, 4.7947 2.2047 0.0, 4.7947 2.3687 0.1786, 4.7947 2.6279 0.0, 4.7947 2.6279 0.1772, 4.7947 2.3819 0.1772, 4.7947 2.1471 0.0459, 4.7947 2.1515 0.0334, 4.7947 2.1585 0.0222, 4.7159 2.3096 0.3051, 4.7159 2.1328 0.1549, 4.7159 2.294 0.3255, 4.7159 2.1234 0.1643, 4.7159 2.2736 0.3411, 4.7159 2.2499 0.351, 4.7159 2.1122 0.1713, 4.7159 2.1398 0.1437, 4.7159 2.3243 0.2231, 4.7159 2.1442 0.1313, 4.7159 2.3287 0.2106, 4.7159 2.3195 0.2814, 4.7159 2.3228 0.2559, 4.7159 2.3228 0.2362, 4.7159 2.345 0.19, 4.7159 2.3562 0.183, 4.7159 2.2047 0.0, 4.7159 2.0997 0.1757, 4.7159 2.3357 0.1994, 4.7159 2.1456 0.0591, 4.7159 2.1456 0.1181, 4.7159 2.1916 0.0015, 4.7159 2.1791 0.0058, 4.7159 2.1679 0.0129, 4.7159 2.1585 0.0222, 4.7159 2.1515 0.0334, 4.7159 2.1471 0.0459, 4.7159 2.6279 0.1772, 4.7159 2.6279 0.0, 4.7159 2.3819 0.1772, 4.7159 2.3687 0.1786, 4.7947 -1.9488 0.1772, 4.7947 -2.0866 0.1772, 4.7159 -1.9488 0.1772, 4.7159 -2.0866 0.1772, 4.7159 -1.9488 0.3543, 4.7159 -2.2244 0.3543, 4.7947 -1.9488 0.3543, 4.7947 -2.2244 0.3543, 4.7947 -2.3097 0.3051, 4.7947 -2.1328 0.1549, 4.7947 -2.294 0.3255, 4.7947 -2.1235 0.1643, 4.7947 -2.2736 0.3411, 4.7947 -2.2499 0.351, 4.7947 -2.1123 0.1713, 4.7947 -2.1398 0.1437, 4.7947 -2.3243 0.2231, 4.7947 -2.1442 0.1313, 4.7947 -2.3287 0.2106, 4.7947 -2.3451 0.19, 4.7947 -2.3563 0.183, 4.7947 -2.2047 0.0, 4.7947 -2.3195 0.2814, 4.7947 -2.3229 0.2559, 4.7947 -2.3229 0.2362, 4.7947 -2.3357 0.1994, 4.7947 -2.1457 0.0591, 4.7947 -2.1457 0.1181, 4.7947 -2.0998 0.1757, 4.7947 -2.1916 0.0015, 4.7947 -2.1791 0.0058, 4.7947 -2.1679 0.0129, 4.7947 -2.1586 0.0222, 4.7947 -2.1515 0.0334, 4.7947 -2.1472 0.0459, 4.7947 -2.628 0.1772, 4.7947 -2.628 0.0, 4.7947 -2.3819 0.1772, 4.7947 -2.3688 0.1786, 4.7159 -2.3243 0.2231, 4.7159 -2.3229 0.2362, 4.7159 -2.1398 0.1437, 4.7159 -2.1235 0.1643, 4.7159 -2.2499 0.351, 4.7159 -2.1123 0.1713, 4.7159 -2.0998 0.1757, 4.7159 -2.3195 0.2814, 4.7159 -2.3097 0.3051, 4.7159 -2.1328 0.1549, 4.7159 -2.294 0.3255, 4.7159 -2.2736 0.3411, 4.7159 -2.3229 0.2559, 4.7159 -2.1457 0.1181, 4.7159 -2.1457 0.0591, 4.7159 -2.3287 0.2106, 4.7159 -2.3357 0.1994, 4.7159 -2.1442 0.1313, 4.7159 -2.1679 0.0129, 4.7159 -2.1791 0.0058, 4.7159 -2.3451 0.19, 4.7159 -2.1916 0.0015, 4.7159 -2.3563 0.183, 4.7159 -2.2047 0.0, 4.7159 -2.3688 0.1786, 4.7159 -2.628 0.0, 4.7159 -2.628 0.1772, 4.7159 -2.3819 0.1772, 4.7159 -2.1472 0.0459, 4.7159 -2.1515 0.0334, 4.7159 -2.1586 0.0222, 4.401 1.9488 0.3543, 4.401 2.2244 0.3543, 4.3222 1.9488 0.3543, 4.3222 2.2244 0.3543, 4.3222 1.9488 0.1772, 4.3222 2.0866 0.1772, 4.401 1.9488 0.1772, 4.401 2.0866 0.1772, 4.401 2.3243 0.2231, 4.401 2.3228 0.2362, 4.401 2.1398 0.1437, 4.401 2.1234 0.1643, 4.401 2.2499 0.351, 4.401 2.1122 0.1713, 4.401 2.0997 0.1757, 4.401 2.3195 0.2814, 4.401 2.3096 0.3051, 4.401 2.1328 0.1549, 4.401 2.294 0.3255, 4.401 2.2736 0.3411, 4.401 2.3228 0.2559, 4.401 2.1456 0.1181, 4.401 2.1456 0.0591, 4.401 2.3287 0.2106, 4.401 2.3357 0.1994, 4.401 2.1442 0.1313, 4.401 2.1679 0.0129, 4.401 2.1791 0.0058, 4.401 2.345 0.19, 4.401 2.1916 0.0015, 4.401 2.3562 0.183, 4.401 2.2047 0.0, 4.401 2.3687 0.1786, 4.401 2.6279 0.0, 4.401 2.6279 0.1772, 4.401 2.3819 0.1772, 4.401 2.1471 0.0459, 4.401 2.1515 0.0334, 4.401 2.1585 0.0222, 4.3222 2.3096 0.3051, 4.3222 2.1328 0.1549, 4.3222 2.294 0.3255, 4.3222 2.1234 0.1643, 4.3222 2.2736 0.3411, 4.3222 2.2499 0.351, 4.3222 2.1122 0.1713, 4.3222 2.1398 0.1437, 4.3222 2.3243 0.2231, 4.3222 2.1442 0.1313, 4.3222 2.3287 0.2106, 4.3222 2.3195 0.2814, 4.3222 2.3228 0.2559, 4.3222 2.3228 0.2362, 4.3222 2.345 0.19, 4.3222 2.3562 0.183, 4.3222 2.2047 0.0, 4.3222 2.0997 0.1757, 4.3222 2.3357 0.1994, 4.3222 2.1456 0.0591, 4.3222 2.1456 0.1181, 4.3222 2.1916 0.0015, 4.3222 2.1791 0.0058, 4.3222 2.1679 0.0129, 4.3222 2.1585 0.0222, 4.3222 2.1515 0.0334, 4.3222 2.1471 0.0459, 4.3222 2.6279 0.1772, 4.3222 2.6279 0.0, 4.3222 2.3819 0.1772, 4.3222 2.3687 0.1786, 4.401 -1.9488 0.1772, 4.401 -2.0866 0.1772, 4.3222 -1.9488 0.1772, 4.3222 -2.0866 0.1772, 4.3222 -1.9488 0.3543, 4.3222 -2.2244 0.3543, 4.401 -1.9488 0.3543, 4.401 -2.2244 0.3543, 4.401 -2.3097 0.3051, 4.401 -2.1328 0.1549, 4.401 -2.294 0.3255, 4.401 -2.1235 0.1643, 4.401 -2.2736 0.3411, 4.401 -2.2499 0.351, 4.401 -2.1123 0.1713, 4.401 -2.1398 0.1437, 4.401 -2.3243 0.2231, 4.401 -2.1442 0.1313, 4.401 -2.3287 0.2106, 4.401 -2.3451 0.19, 4.401 -2.3563 0.183, 4.401 -2.2047 0.0, 4.401 -2.3195 0.2814, 4.401 -2.3229 0.2559, 4.401 -2.3229 0.2362, 4.401 -2.3357 0.1994, 4.401 -2.1457 0.0591, 4.401 -2.1457 0.1181, 4.401 -2.0998 0.1757, 4.401 -2.1916 0.0015, 4.401 -2.1791 0.0058, 4.401 -2.1679 0.0129, 4.401 -2.1586 0.0222, 4.401 -2.1515 0.0334, 4.401 -2.1472 0.0459, 4.401 -2.628 0.1772, 4.401 -2.628 0.0, 4.401 -2.3819 0.1772, 4.401 -2.3688 0.1786, 4.3222 -2.3243 0.2231, 4.3222 -2.3229 0.2362, 4.3222 -2.1398 0.1437, 4.3222 -2.1235 0.1643, 4.3222 -2.2499 0.351, 4.3222 -2.1123 0.1713, 4.3222 -2.0998 0.1757, 4.3222 -2.3195 0.2814, 4.3222 -2.3097 0.3051, 4.3222 -2.1328 0.1549, 4.3222 -2.294 0.3255, 4.3222 -2.2736 0.3411, 4.3222 -2.3229 0.2559, 4.3222 -2.1457 0.1181, 4.3222 -2.1457 0.0591, 4.3222 -2.3287 0.2106, 4.3222 -2.3357 0.1994, 4.3222 -2.1442 0.1313, 4.3222 -2.1679 0.0129, 4.3222 -2.1791 0.0058, 4.3222 -2.3451 0.19, 4.3222 -2.1916 0.0015, 4.3222 -2.3563 0.183, 4.3222 -2.2047 0.0, 4.3222 -2.3688 0.1786, 4.3222 -2.628 0.0, 4.3222 -2.628 0.1772, 4.3222 -2.3819 0.1772, 4.3222 -2.1472 0.0459, 4.3222 -2.1515 0.0334, 4.3222 -2.1586 0.0222, 4.0073 1.9488 0.3543, 4.0073 2.2244 0.3543, 3.9285 1.9488 0.3543, 3.9285 2.2244 0.3543, 3.9285 1.9488 0.1772, 3.9285 2.0866 0.1772, 4.0073 1.9488 0.1772, 4.0073 2.0866 0.1772, 4.0073 2.3243 0.2231, 4.0073 2.3228 0.2362, 4.0073 2.1398 0.1437, 4.0073 2.1234 0.1643, 4.0073 2.2499 0.351, 4.0073 2.1122 0.1713, 4.0073 2.0997 0.1757, 4.0073 2.3195 0.2814, 4.0073 2.3096 0.3051, 4.0073 2.1328 0.1549, 4.0073 2.294 0.3255, 4.0073 2.2736 0.3411, 4.0073 2.3228 0.2559, 4.0073 2.1456 0.1181, 4.0073 2.1456 0.0591, 4.0073 2.3287 0.2106, 4.0073 2.3357 0.1994, 4.0073 2.1442 0.1313, 4.0073 2.1679 0.0129, 4.0073 2.1791 0.0058, 4.0073 2.345 0.19, 4.0073 2.1916 0.0015, 4.0073 2.3562 0.183, 4.0073 2.2047 0.0, 4.0073 2.3687 0.1786, 4.0073 2.6279 0.0, 4.0073 2.6279 0.1772, 4.0073 2.3819 0.1772, 4.0073 2.1471 0.0459, 4.0073 2.1515 0.0334, 4.0073 2.1585 0.0222, 3.9285 2.3096 0.3051, 3.9285 2.1328 0.1549, 3.9285 2.294 0.3255, 3.9285 2.1234 0.1643, 3.9285 2.2736 0.3411, 3.9285 2.2499 0.351, 3.9285 2.1122 0.1713, 3.9285 2.1398 0.1437, 3.9285 2.3243 0.2231, 3.9285 2.1442 0.1313, 3.9285 2.3287 0.2106, 3.9285 2.3195 0.2814, 3.9285 2.3228 0.2559, 3.9285 2.3228 0.2362, 3.9285 2.345 0.19, 3.9285 2.3562 0.183, 3.9285 2.2047 0.0, 3.9285 2.0997 0.1757, 3.9285 2.3357 0.1994, 3.9285 2.1456 0.0591, 3.9285 2.1456 0.1181, 3.9285 2.1916 0.0015, 3.9285 2.1791 0.0058, 3.9285 2.1679 0.0129, 3.9285 2.1585 0.0222, 3.9285 2.1515 0.0334, 3.9285 2.1471 0.0459, 3.9285 2.6279 0.1772, 3.9285 2.6279 0.0, 3.9285 2.3819 0.1772, 3.9285 2.3687 0.1786, 4.0073 -1.9488 0.1772, 4.0073 -2.0866 0.1772, 3.9285 -1.9488 0.1772, 3.9285 -2.0866 0.1772, 3.9285 -1.9488 0.3543, 3.9285 -2.2244 0.3543, 4.0073 -1.9488 0.3543, 4.0073 -2.2244 0.3543, 4.0073 -2.3097 0.3051, 4.0073 -2.1328 0.1549, 4.0073 -2.294 0.3255, 4.0073 -2.1235 0.1643, 4.0073 -2.2736 0.3411, 4.0073 -2.2499 0.351, 4.0073 -2.1123 0.1713, 4.0073 -2.1398 0.1437, 4.0073 -2.3243 0.2231, 4.0073 -2.1442 0.1313, 4.0073 -2.3287 0.2106, 4.0073 -2.3451 0.19, 4.0073 -2.3563 0.183, 4.0073 -2.2047 0.0, 4.0073 -2.3195 0.2814, 4.0073 -2.3229 0.2559, 4.0073 -2.3229 0.2362, 4.0073 -2.3357 0.1994, 4.0073 -2.1457 0.0591, 4.0073 -2.1457 0.1181, 4.0073 -2.0998 0.1757, 4.0073 -2.1916 0.0015, 4.0073 -2.1791 0.0058, 4.0073 -2.1679 0.0129, 4.0073 -2.1586 0.0222, 4.0073 -2.1515 0.0334, 4.0073 -2.1472 0.0459, 4.0073 -2.628 0.1772, 4.0073 -2.628 0.0, 4.0073 -2.3819 0.1772, 4.0073 -2.3688 0.1786, 3.9285 -2.3243 0.2231, 3.9285 -2.3229 0.2362, 3.9285 -2.1398 0.1437, 3.9285 -2.1235 0.1643, 3.9285 -2.2499 0.351, 3.9285 -2.1123 0.1713, 3.9285 -2.0998 0.1757, 3.9285 -2.3195 0.2814, 3.9285 -2.3097 0.3051, 3.9285 -2.1328 0.1549, 3.9285 -2.294 0.3255, 3.9285 -2.2736 0.3411, 3.9285 -2.3229 0.2559, 3.9285 -2.1457 0.1181, 3.9285 -2.1457 0.0591, 3.9285 -2.3287 0.2106, 3.9285 -2.3357 0.1994, 3.9285 -2.1442 0.1313, 3.9285 -2.1679 0.0129, 3.9285 -2.1791 0.0058, 3.9285 -2.3451 0.19, 3.9285 -2.1916 0.0015, 3.9285 -2.3563 0.183, 3.9285 -2.2047 0.0, 3.9285 -2.3688 0.1786, 3.9285 -2.628 0.0, 3.9285 -2.628 0.1772, 3.9285 -2.3819 0.1772, 3.9285 -2.1472 0.0459, 3.9285 -2.1515 0.0334, 3.9285 -2.1586 0.0222, 3.6136 1.9488 0.3543, 3.6136 2.2244 0.3543, 3.5348 1.9488 0.3543, 3.5348 2.2244 0.3543, 3.5348 1.9488 0.1772, 3.5348 2.0866 0.1772, 3.6136 1.9488 0.1772, 3.6136 2.0866 0.1772, 3.6136 2.3243 0.2231, 3.6136 2.3228 0.2362, 3.6136 2.1398 0.1437, 3.6136 2.1234 0.1643, 3.6136 2.2499 0.351, 3.6136 2.1122 0.1713, 3.6136 2.0997 0.1757, 3.6136 2.3195 0.2814, 3.6136 2.3096 0.3051, 3.6136 2.1328 0.1549, 3.6136 2.294 0.3255, 3.6136 2.2736 0.3411, 3.6136 2.3228 0.2559, 3.6136 2.1456 0.1181, 3.6136 2.1456 0.0591, 3.6136 2.3287 0.2106, 3.6136 2.3357 0.1994, 3.6136 2.1442 0.1313, 3.6136 2.1679 0.0129, 3.6136 2.1791 0.0058, 3.6136 2.345 0.19, 3.6136 2.1916 0.0015, 3.6136 2.3562 0.183, 3.6136 2.2047 0.0, 3.6136 2.3687 0.1786, 3.6136 2.6279 0.0, 3.6136 2.6279 0.1772, 3.6136 2.3819 0.1772, 3.6136 2.1471 0.0459, 3.6136 2.1515 0.0334, 3.6136 2.1585 0.0222, 3.5348 2.3096 0.3051, 3.5348 2.1328 0.1549, 3.5348 2.294 0.3255, 3.5348 2.1234 0.1643, 3.5348 2.2736 0.3411, 3.5348 2.2499 0.351, 3.5348 2.1122 0.1713, 3.5348 2.1398 0.1437, 3.5348 2.3243 0.2231, 3.5348 2.1442 0.1313, 3.5348 2.3287 0.2106, 3.5348 2.3195 0.2814, 3.5348 2.3228 0.2559, 3.5348 2.3228 0.2362, 3.5348 2.345 0.19, 3.5348 2.3562 0.183, 3.5348 2.2047 0.0, 3.5348 2.0997 0.1757, 3.5348 2.3357 0.1994, 3.5348 2.1456 0.0591, 3.5348 2.1456 0.1181, 3.5348 2.1916 0.0015, 3.5348 2.1791 0.0058, 3.5348 2.1679 0.0129, 3.5348 2.1585 0.0222, 3.5348 2.1515 0.0334, 3.5348 2.1471 0.0459, 3.5348 2.6279 0.1772, 3.5348 2.6279 0.0, 3.5348 2.3819 0.1772, 3.5348 2.3687 0.1786, 3.6136 -1.9488 0.1772, 3.6136 -2.0866 0.1772, 3.5348 -1.9488 0.1772, 3.5348 -2.0866 0.1772, 3.5348 -1.9488 0.3543, 3.5348 -2.2244 0.3543, 3.6136 -1.9488 0.3543, 3.6136 -2.2244 0.3543, 3.6136 -2.3097 0.3051, 3.6136 -2.1328 0.1549, 3.6136 -2.294 0.3255, 3.6136 -2.1235 0.1643, 3.6136 -2.2736 0.3411, 3.6136 -2.2499 0.351, 3.6136 -2.1123 0.1713, 3.6136 -2.1398 0.1437, 3.6136 -2.3243 0.2231, 3.6136 -2.1442 0.1313, 3.6136 -2.3287 0.2106, 3.6136 -2.3451 0.19, 3.6136 -2.3563 0.183, 3.6136 -2.2047 0.0, 3.6136 -2.3195 0.2814, 3.6136 -2.3229 0.2559, 3.6136 -2.3229 0.2362, 3.6136 -2.3357 0.1994, 3.6136 -2.1457 0.0591, 3.6136 -2.1457 0.1181, 3.6136 -2.0998 0.1757, 3.6136 -2.1916 0.0015, 3.6136 -2.1791 0.0058, 3.6136 -2.1679 0.0129, 3.6136 -2.1586 0.0222, 3.6136 -2.1515 0.0334, 3.6136 -2.1472 0.0459, 3.6136 -2.628 0.1772, 3.6136 -2.628 0.0, 3.6136 -2.3819 0.1772, 3.6136 -2.3688 0.1786, 3.5348 -2.3243 0.2231, 3.5348 -2.3229 0.2362, 3.5348 -2.1398 0.1437, 3.5348 -2.1235 0.1643, 3.5348 -2.2499 0.351, 3.5348 -2.1123 0.1713, 3.5348 -2.0998 0.1757, 3.5348 -2.3195 0.2814, 3.5348 -2.3097 0.3051, 3.5348 -2.1328 0.1549, 3.5348 -2.294 0.3255, 3.5348 -2.2736 0.3411, 3.5348 -2.3229 0.2559, 3.5348 -2.1457 0.1181, 3.5348 -2.1457 0.0591, 3.5348 -2.3287 0.2106, 3.5348 -2.3357 0.1994, 3.5348 -2.1442 0.1313, 3.5348 -2.1679 0.0129, 3.5348 -2.1791 0.0058, 3.5348 -2.3451 0.19, 3.5348 -2.1916 0.0015, 3.5348 -2.3563 0.183, 3.5348 -2.2047 0.0, 3.5348 -2.3688 0.1786, 3.5348 -2.628 0.0, 3.5348 -2.628 0.1772, 3.5348 -2.3819 0.1772, 3.5348 -2.1472 0.0459, 3.5348 -2.1515 0.0334, 3.5348 -2.1586 0.0222, 3.2199 1.9488 0.3543, 3.2199 2.2244 0.3543, 3.1411 1.9488 0.3543, 3.1411 2.2244 0.3543, 3.1411 1.9488 0.1772, 3.1411 2.0866 0.1772, 3.2199 1.9488 0.1772, 3.2199 2.0866 0.1772, 3.2199 2.3243 0.2231, 3.2199 2.3228 0.2362, 3.2199 2.1398 0.1437, 3.2199 2.1234 0.1643, 3.2199 2.2499 0.351, 3.2199 2.1122 0.1713, 3.2199 2.0997 0.1757, 3.2199 2.3195 0.2814, 3.2199 2.3096 0.3051, 3.2199 2.1328 0.1549, 3.2199 2.294 0.3255, 3.2199 2.2736 0.3411, 3.2199 2.3228 0.2559, 3.2199 2.1456 0.1181, 3.2199 2.1456 0.0591, 3.2199 2.3287 0.2106, 3.2199 2.3357 0.1994, 3.2199 2.1442 0.1313, 3.2199 2.1679 0.0129, 3.2199 2.1791 0.0058, 3.2199 2.345 0.19, 3.2199 2.1916 0.0015, 3.2199 2.3562 0.183, 3.2199 2.2047 0.0, 3.2199 2.3687 0.1786, 3.2199 2.6279 0.0, 3.2199 2.6279 0.1772, 3.2199 2.3819 0.1772, 3.2199 2.1471 0.0459, 3.2199 2.1515 0.0334, 3.2199 2.1585 0.0222, 3.1411 2.3096 0.3051, 3.1411 2.1328 0.1549, 3.1411 2.294 0.3255, 3.1411 2.1234 0.1643, 3.1411 2.2736 0.3411, 3.1411 2.2499 0.351, 3.1411 2.1122 0.1713, 3.1411 2.1398 0.1437, 3.1411 2.3243 0.2231, 3.1411 2.1442 0.1313, 3.1411 2.3287 0.2106, 3.1411 2.3195 0.2814, 3.1411 2.3228 0.2559, 3.1411 2.3228 0.2362, 3.1411 2.345 0.19, 3.1411 2.3562 0.183, 3.1411 2.2047 0.0, 3.1411 2.0997 0.1757, 3.1411 2.3357 0.1994, 3.1411 2.1456 0.0591, 3.1411 2.1456 0.1181, 3.1411 2.1916 0.0015, 3.1411 2.1791 0.0058, 3.1411 2.1679 0.0129, 3.1411 2.1585 0.0222, 3.1411 2.1515 0.0334, 3.1411 2.1471 0.0459, 3.1411 2.6279 0.1772, 3.1411 2.6279 0.0, 3.1411 2.3819 0.1772, 3.1411 2.3687 0.1786, 3.2199 -1.9488 0.1772, 3.2199 -2.0866 0.1772, 3.1411 -1.9488 0.1772, 3.1411 -2.0866 0.1772, 3.1411 -1.9488 0.3543, 3.1411 -2.2244 0.3543, 3.2199 -1.9488 0.3543, 3.2199 -2.2244 0.3543, 3.2199 -2.3097 0.3051, 3.2199 -2.1328 0.1549, 3.2199 -2.294 0.3255, 3.2199 -2.1235 0.1643, 3.2199 -2.2736 0.3411, 3.2199 -2.2499 0.351, 3.2199 -2.1123 0.1713, 3.2199 -2.1398 0.1437, 3.2199 -2.3243 0.2231, 3.2199 -2.1442 0.1313, 3.2199 -2.3287 0.2106, 3.2199 -2.3451 0.19, 3.2199 -2.3563 0.183, 3.2199 -2.2047 0.0, 3.2199 -2.3195 0.2814, 3.2199 -2.3229 0.2559, 3.2199 -2.3229 0.2362, 3.2199 -2.3357 0.1994, 3.2199 -2.1457 0.0591, 3.2199 -2.1457 0.1181, 3.2199 -2.0998 0.1757, 3.2199 -2.1916 0.0015, 3.2199 -2.1791 0.0058, 3.2199 -2.1679 0.0129, 3.2199 -2.1586 0.0222, 3.2199 -2.1515 0.0334, 3.2199 -2.1472 0.0459, 3.2199 -2.628 0.1772, 3.2199 -2.628 0.0, 3.2199 -2.3819 0.1772, 3.2199 -2.3688 0.1786, 3.1411 -2.3243 0.2231, 3.1411 -2.3229 0.2362, 3.1411 -2.1398 0.1437, 3.1411 -2.1235 0.1643, 3.1411 -2.2499 0.351, 3.1411 -2.1123 0.1713, 3.1411 -2.0998 0.1757, 3.1411 -2.3195 0.2814, 3.1411 -2.3097 0.3051, 3.1411 -2.1328 0.1549, 3.1411 -2.294 0.3255, 3.1411 -2.2736 0.3411, 3.1411 -2.3229 0.2559, 3.1411 -2.1457 0.1181, 3.1411 -2.1457 0.0591, 3.1411 -2.3287 0.2106, 3.1411 -2.3357 0.1994, 3.1411 -2.1442 0.1313, 3.1411 -2.1679 0.0129, 3.1411 -2.1791 0.0058, 3.1411 -2.3451 0.19, 3.1411 -2.1916 0.0015, 3.1411 -2.3563 0.183, 3.1411 -2.2047 0.0, 3.1411 -2.3688 0.1786, 3.1411 -2.628 0.0, 3.1411 -2.628 0.1772, 3.1411 -2.3819 0.1772, 3.1411 -2.1472 0.0459, 3.1411 -2.1515 0.0334, 3.1411 -2.1586 0.0222, 2.8262 1.9488 0.3543, 2.8262 2.2244 0.3543, 2.7474 1.9488 0.3543, 2.7474 2.2244 0.3543, 2.7474 1.9488 0.1772, 2.7474 2.0866 0.1772, 2.8262 1.9488 0.1772, 2.8262 2.0866 0.1772, 2.8262 2.3243 0.2231, 2.8262 2.3228 0.2362, 2.8262 2.1398 0.1437, 2.8262 2.1234 0.1643, 2.8262 2.2499 0.351, 2.8262 2.1122 0.1713, 2.8262 2.0997 0.1757, 2.8262 2.3195 0.2814, 2.8262 2.3096 0.3051, 2.8262 2.1328 0.1549, 2.8262 2.294 0.3255, 2.8262 2.2736 0.3411, 2.8262 2.3228 0.2559, 2.8262 2.1456 0.1181, 2.8262 2.1456 0.0591, 2.8262 2.3287 0.2106, 2.8262 2.3357 0.1994, 2.8262 2.1442 0.1313, 2.8262 2.1679 0.0129, 2.8262 2.1791 0.0058, 2.8262 2.345 0.19, 2.8262 2.1916 0.0015, 2.8262 2.3562 0.183, 2.8262 2.2047 0.0, 2.8262 2.3687 0.1786, 2.8262 2.6279 0.0, 2.8262 2.6279 0.1772, 2.8262 2.3819 0.1772, 2.8262 2.1471 0.0459, 2.8262 2.1515 0.0334, 2.8262 2.1585 0.0222, 2.7474 2.3096 0.3051, 2.7474 2.1328 0.1549, 2.7474 2.294 0.3255, 2.7474 2.1234 0.1643, 2.7474 2.2736 0.3411, 2.7474 2.2499 0.351, 2.7474 2.1122 0.1713, 2.7474 2.1398 0.1437, 2.7474 2.3243 0.2231, 2.7474 2.1442 0.1313, 2.7474 2.3287 0.2106, 2.7474 2.3195 0.2814, 2.7474 2.3228 0.2559, 2.7474 2.3228 0.2362, 2.7474 2.345 0.19, 2.7474 2.3562 0.183, 2.7474 2.2047 0.0, 2.7474 2.0997 0.1757, 2.7474 2.3357 0.1994, 2.7474 2.1456 0.0591, 2.7474 2.1456 0.1181, 2.7474 2.1916 0.0015, 2.7474 2.1791 0.0058, 2.7474 2.1679 0.0129, 2.7474 2.1585 0.0222, 2.7474 2.1515 0.0334, 2.7474 2.1471 0.0459, 2.7474 2.6279 0.1772, 2.7474 2.6279 0.0, 2.7474 2.3819 0.1772, 2.7474 2.3687 0.1786, 2.8262 -1.9488 0.1772, 2.8262 -2.0866 0.1772, 2.7474 -1.9488 0.1772, 2.7474 -2.0866 0.1772, 2.7474 -1.9488 0.3543, 2.7474 -2.2244 0.3543, 2.8262 -1.9488 0.3543, 2.8262 -2.2244 0.3543, 2.8262 -2.3097 0.3051, 2.8262 -2.1328 0.1549, 2.8262 -2.294 0.3255, 2.8262 -2.1235 0.1643, 2.8262 -2.2736 0.3411, 2.8262 -2.2499 0.351, 2.8262 -2.1123 0.1713, 2.8262 -2.1398 0.1437, 2.8262 -2.3243 0.2231, 2.8262 -2.1442 0.1313, 2.8262 -2.3287 0.2106, 2.8262 -2.3451 0.19, 2.8262 -2.3563 0.183, 2.8262 -2.2047 0.0, 2.8262 -2.3195 0.2814, 2.8262 -2.3229 0.2559, 2.8262 -2.3229 0.2362, 2.8262 -2.3357 0.1994, 2.8262 -2.1457 0.0591, 2.8262 -2.1457 0.1181, 2.8262 -2.0998 0.1757, 2.8262 -2.1916 0.0015, 2.8262 -2.1791 0.0058, 2.8262 -2.1679 0.0129, 2.8262 -2.1586 0.0222, 2.8262 -2.1515 0.0334, 2.8262 -2.1472 0.0459, 2.8262 -2.628 0.1772, 2.8262 -2.628 0.0, 2.8262 -2.3819 0.1772, 2.8262 -2.3688 0.1786, 2.7474 -2.3243 0.2231, 2.7474 -2.3229 0.2362, 2.7474 -2.1398 0.1437, 2.7474 -2.1235 0.1643, 2.7474 -2.2499 0.351, 2.7474 -2.1123 0.1713, 2.7474 -2.0998 0.1757, 2.7474 -2.3195 0.2814, 2.7474 -2.3097 0.3051, 2.7474 -2.1328 0.1549, 2.7474 -2.294 0.3255, 2.7474 -2.2736 0.3411, 2.7474 -2.3229 0.2559, 2.7474 -2.1457 0.1181, 2.7474 -2.1457 0.0591, 2.7474 -2.3287 0.2106, 2.7474 -2.3357 0.1994, 2.7474 -2.1442 0.1313, 2.7474 -2.1679 0.0129, 2.7474 -2.1791 0.0058, 2.7474 -2.3451 0.19, 2.7474 -2.1916 0.0015, 2.7474 -2.3563 0.183, 2.7474 -2.2047 0.0, 2.7474 -2.3688 0.1786, 2.7474 -2.628 0.0, 2.7474 -2.628 0.1772, 2.7474 -2.3819 0.1772, 2.7474 -2.1472 0.0459, 2.7474 -2.1515 0.0334, 2.7474 -2.1586 0.0222, 2.4325 1.9488 0.3543, 2.4325 2.2244 0.3543, 2.3537 1.9488 0.3543, 2.3537 2.2244 0.3543, 2.3537 1.9488 0.1772, 2.3537 2.0866 0.1772, 2.4325 1.9488 0.1772, 2.4325 2.0866 0.1772, 2.4325 2.3243 0.2231, 2.4325 2.3228 0.2362, 2.4325 2.1398 0.1437, 2.4325 2.1234 0.1643, 2.4325 2.2499 0.351, 2.4325 2.1122 0.1713, 2.4325 2.0997 0.1757, 2.4325 2.3195 0.2814, 2.4325 2.3096 0.3051, 2.4325 2.1328 0.1549, 2.4325 2.294 0.3255, 2.4325 2.2736 0.3411, 2.4325 2.3228 0.2559, 2.4325 2.1456 0.1181, 2.4325 2.1456 0.0591, 2.4325 2.3287 0.2106, 2.4325 2.3357 0.1994, 2.4325 2.1442 0.1313, 2.4325 2.1679 0.0129, 2.4325 2.1791 0.0058, 2.4325 2.345 0.19, 2.4325 2.1916 0.0015, 2.4325 2.3562 0.183, 2.4325 2.2047 0.0, 2.4325 2.3687 0.1786, 2.4325 2.6279 0.0, 2.4325 2.6279 0.1772, 2.4325 2.3819 0.1772, 2.4325 2.1471 0.0459, 2.4325 2.1515 0.0334, 2.4325 2.1585 0.0222, 2.3537 2.3096 0.3051, 2.3537 2.1328 0.1549, 2.3537 2.294 0.3255, 2.3537 2.1234 0.1643, 2.3537 2.2736 0.3411, 2.3537 2.2499 0.351, 2.3537 2.1122 0.1713, 2.3537 2.1398 0.1437, 2.3537 2.3243 0.2231, 2.3537 2.1442 0.1313, 2.3537 2.3287 0.2106, 2.3537 2.3195 0.2814, 2.3537 2.3228 0.2559, 2.3537 2.3228 0.2362, 2.3537 2.345 0.19, 2.3537 2.3562 0.183, 2.3537 2.2047 0.0, 2.3537 2.0997 0.1757, 2.3537 2.3357 0.1994, 2.3537 2.1456 0.0591, 2.3537 2.1456 0.1181, 2.3537 2.1916 0.0015, 2.3537 2.1791 0.0058, 2.3537 2.1679 0.0129, 2.3537 2.1585 0.0222, 2.3537 2.1515 0.0334, 2.3537 2.1471 0.0459, 2.3537 2.6279 0.1772, 2.3537 2.6279 0.0, 2.3537 2.3819 0.1772, 2.3537 2.3687 0.1786, 2.4325 -1.9488 0.1772, 2.4325 -2.0866 0.1772, 2.3537 -1.9488 0.1772, 2.3537 -2.0866 0.1772, 2.3537 -1.9488 0.3543, 2.3537 -2.2244 0.3543, 2.4325 -1.9488 0.3543, 2.4325 -2.2244 0.3543, 2.4325 -2.3097 0.3051, 2.4325 -2.1328 0.1549, 2.4325 -2.294 0.3255, 2.4325 -2.1235 0.1643, 2.4325 -2.2736 0.3411, 2.4325 -2.2499 0.351, 2.4325 -2.1123 0.1713, 2.4325 -2.1398 0.1437, 2.4325 -2.3243 0.2231, 2.4325 -2.1442 0.1313, 2.4325 -2.3287 0.2106, 2.4325 -2.3451 0.19, 2.4325 -2.3563 0.183, 2.4325 -2.2047 0.0, 2.4325 -2.3195 0.2814, 2.4325 -2.3229 0.2559, 2.4325 -2.3229 0.2362, 2.4325 -2.3357 0.1994, 2.4325 -2.1457 0.0591, 2.4325 -2.1457 0.1181, 2.4325 -2.0998 0.1757, 2.4325 -2.1916 0.0015, 2.4325 -2.1791 0.0058, 2.4325 -2.1679 0.0129, 2.4325 -2.1586 0.0222, 2.4325 -2.1515 0.0334, 2.4325 -2.1472 0.0459, 2.4325 -2.628 0.1772, 2.4325 -2.628 0.0, 2.4325 -2.3819 0.1772, 2.4325 -2.3688 0.1786, 2.3537 -2.3243 0.2231, 2.3537 -2.3229 0.2362, 2.3537 -2.1398 0.1437, 2.3537 -2.1235 0.1643, 2.3537 -2.2499 0.351, 2.3537 -2.1123 0.1713, 2.3537 -2.0998 0.1757, 2.3537 -2.3195 0.2814, 2.3537 -2.3097 0.3051, 2.3537 -2.1328 0.1549, 2.3537 -2.294 0.3255, 2.3537 -2.2736 0.3411, 2.3537 -2.3229 0.2559, 2.3537 -2.1457 0.1181, 2.3537 -2.1457 0.0591, 2.3537 -2.3287 0.2106, 2.3537 -2.3357 0.1994, 2.3537 -2.1442 0.1313, 2.3537 -2.1679 0.0129, 2.3537 -2.1791 0.0058, 2.3537 -2.3451 0.19, 2.3537 -2.1916 0.0015, 2.3537 -2.3563 0.183, 2.3537 -2.2047 0.0, 2.3537 -2.3688 0.1786, 2.3537 -2.628 0.0, 2.3537 -2.628 0.1772, 2.3537 -2.3819 0.1772, 2.3537 -2.1472 0.0459, 2.3537 -2.1515 0.0334, 2.3537 -2.1586 0.0222, 2.0387 1.9488 0.3543, 2.0387 2.2244 0.3543, 1.96 1.9488 0.3543, 1.96 2.2244 0.3543, 1.96 1.9488 0.1772, 1.96 2.0866 0.1772, 2.0387 1.9488 0.1772, 2.0387 2.0866 0.1772, 2.0387 2.3243 0.2231, 2.0387 2.3228 0.2362, 2.0387 2.1398 0.1437, 2.0387 2.1234 0.1643, 2.0387 2.2499 0.351, 2.0387 2.1122 0.1713, 2.0387 2.0997 0.1757, 2.0387 2.3195 0.2814, 2.0387 2.3096 0.3051, 2.0387 2.1328 0.1549, 2.0387 2.294 0.3255, 2.0387 2.2736 0.3411, 2.0387 2.3228 0.2559, 2.0387 2.1456 0.1181, 2.0387 2.1456 0.0591, 2.0387 2.3287 0.2106, 2.0387 2.3357 0.1994, 2.0387 2.1442 0.1313, 2.0387 2.1679 0.0129, 2.0387 2.1791 0.0058, 2.0387 2.345 0.19, 2.0387 2.1916 0.0015, 2.0387 2.3562 0.183, 2.0387 2.2047 0.0, 2.0387 2.3687 0.1786, 2.0387 2.6279 0.0, 2.0387 2.6279 0.1772, 2.0387 2.3819 0.1772, 2.0387 2.1471 0.0459, 2.0387 2.1515 0.0334, 2.0387 2.1585 0.0222, 1.96 2.3096 0.3051, 1.96 2.1328 0.1549, 1.96 2.294 0.3255, 1.96 2.1234 0.1643, 1.96 2.2736 0.3411, 1.96 2.2499 0.351, 1.96 2.1122 0.1713, 1.96 2.1398 0.1437, 1.96 2.3243 0.2231, 1.96 2.1442 0.1313, 1.96 2.3287 0.2106, 1.96 2.3195 0.2814, 1.96 2.3228 0.2559, 1.96 2.3228 0.2362, 1.96 2.345 0.19, 1.96 2.3562 0.183, 1.96 2.2047 0.0, 1.96 2.0997 0.1757, 1.96 2.3357 0.1994, 1.96 2.1456 0.0591, 1.96 2.1456 0.1181, 1.96 2.1916 0.0015, 1.96 2.1791 0.0058, 1.96 2.1679 0.0129, 1.96 2.1585 0.0222, 1.96 2.1515 0.0334, 1.96 2.1471 0.0459, 1.96 2.6279 0.1772, 1.96 2.6279 0.0, 1.96 2.3819 0.1772, 1.96 2.3687 0.1786, 2.0387 -1.9488 0.1772, 2.0387 -2.0866 0.1772, 1.96 -1.9488 0.1772, 1.96 -2.0866 0.1772, 1.96 -1.9488 0.3543, 1.96 -2.2244 0.3543, 2.0387 -1.9488 0.3543, 2.0387 -2.2244 0.3543, 2.0387 -2.3097 0.3051, 2.0387 -2.1328 0.1549, 2.0387 -2.294 0.3255, 2.0387 -2.1235 0.1643, 2.0387 -2.2736 0.3411, 2.0387 -2.2499 0.351, 2.0387 -2.1123 0.1713, 2.0387 -2.1398 0.1437, 2.0387 -2.3243 0.2231, 2.0387 -2.1442 0.1313, 2.0387 -2.3287 0.2106, 2.0387 -2.3451 0.19, 2.0387 -2.3563 0.183, 2.0387 -2.2047 0.0, 2.0387 -2.3195 0.2814, 2.0387 -2.3229 0.2559, 2.0387 -2.3229 0.2362, 2.0387 -2.3357 0.1994, 2.0387 -2.1457 0.0591, 2.0387 -2.1457 0.1181, 2.0387 -2.0998 0.1757, 2.0387 -2.1916 0.0015, 2.0387 -2.1791 0.0058, 2.0387 -2.1679 0.0129, 2.0387 -2.1586 0.0222, 2.0387 -2.1515 0.0334, 2.0387 -2.1472 0.0459, 2.0387 -2.628 0.1772, 2.0387 -2.628 0.0, 2.0387 -2.3819 0.1772, 2.0387 -2.3688 0.1786, 1.96 -2.3243 0.2231, 1.96 -2.3229 0.2362, 1.96 -2.1398 0.1437, 1.96 -2.1235 0.1643, 1.96 -2.2499 0.351, 1.96 -2.1123 0.1713, 1.96 -2.0998 0.1757, 1.96 -2.3195 0.2814, 1.96 -2.3097 0.3051, 1.96 -2.1328 0.1549, 1.96 -2.294 0.3255, 1.96 -2.2736 0.3411, 1.96 -2.3229 0.2559, 1.96 -2.1457 0.1181, 1.96 -2.1457 0.0591, 1.96 -2.3287 0.2106, 1.96 -2.3357 0.1994, 1.96 -2.1442 0.1313, 1.96 -2.1679 0.0129, 1.96 -2.1791 0.0058, 1.96 -2.3451 0.19, 1.96 -2.1916 0.0015, 1.96 -2.3563 0.183, 1.96 -2.2047 0.0, 1.96 -2.3688 0.1786, 1.96 -2.628 0.0, 1.96 -2.628 0.1772, 1.96 -2.3819 0.1772, 1.96 -2.1472 0.0459, 1.96 -2.1515 0.0334, 1.96 -2.1586 0.0222, 1.645 1.9488 0.3543, 1.645 2.2244 0.3543, 1.5663 1.9488 0.3543, 1.5663 2.2244 0.3543, 1.5663 1.9488 0.1772, 1.5663 2.0866 0.1772, 1.645 1.9488 0.1772, 1.645 2.0866 0.1772, 1.645 2.3243 0.2231, 1.645 2.3228 0.2362, 1.645 2.1398 0.1437, 1.645 2.1234 0.1643, 1.645 2.2499 0.351, 1.645 2.1122 0.1713, 1.645 2.0997 0.1757, 1.645 2.3195 0.2814, 1.645 2.3096 0.3051, 1.645 2.1328 0.1549, 1.645 2.294 0.3255, 1.645 2.2736 0.3411, 1.645 2.3228 0.2559, 1.645 2.1456 0.1181, 1.645 2.1456 0.0591, 1.645 2.3287 0.2106, 1.645 2.3357 0.1994, 1.645 2.1442 0.1313, 1.645 2.1679 0.0129, 1.645 2.1791 0.0058, 1.645 2.345 0.19, 1.645 2.1916 0.0015, 1.645 2.3562 0.183, 1.645 2.2047 0.0, 1.645 2.3687 0.1786, 1.645 2.6279 0.0, 1.645 2.6279 0.1772, 1.645 2.3819 0.1772, 1.645 2.1471 0.0459, 1.645 2.1515 0.0334, 1.645 2.1585 0.0222, 1.5663 2.3096 0.3051, 1.5663 2.1328 0.1549, 1.5663 2.294 0.3255, 1.5663 2.1234 0.1643, 1.5663 2.2736 0.3411, 1.5663 2.2499 0.351, 1.5663 2.1122 0.1713, 1.5663 2.1398 0.1437, 1.5663 2.3243 0.2231, 1.5663 2.1442 0.1313, 1.5663 2.3287 0.2106, 1.5663 2.3195 0.2814, 1.5663 2.3228 0.2559, 1.5663 2.3228 0.2362, 1.5663 2.345 0.19, 1.5663 2.3562 0.183, 1.5663 2.2047 0.0, 1.5663 2.0997 0.1757, 1.5663 2.3357 0.1994, 1.5663 2.1456 0.0591, 1.5663 2.1456 0.1181, 1.5663 2.1916 0.0015, 1.5663 2.1791 0.0058, 1.5663 2.1679 0.0129, 1.5663 2.1585 0.0222, 1.5663 2.1515 0.0334, 1.5663 2.1471 0.0459, 1.5663 2.6279 0.1772, 1.5663 2.6279 0.0, 1.5663 2.3819 0.1772, 1.5663 2.3687 0.1786, 1.645 -1.9488 0.1772, 1.645 -2.0866 0.1772, 1.5663 -1.9488 0.1772, 1.5663 -2.0866 0.1772, 1.5663 -1.9488 0.3543, 1.5663 -2.2244 0.3543, 1.645 -1.9488 0.3543, 1.645 -2.2244 0.3543, 1.645 -2.3097 0.3051, 1.645 -2.1328 0.1549, 1.645 -2.294 0.3255, 1.645 -2.1235 0.1643, 1.645 -2.2736 0.3411, 1.645 -2.2499 0.351, 1.645 -2.1123 0.1713, 1.645 -2.1398 0.1437, 1.645 -2.3243 0.2231, 1.645 -2.1442 0.1313, 1.645 -2.3287 0.2106, 1.645 -2.3451 0.19, 1.645 -2.3563 0.183, 1.645 -2.2047 0.0, 1.645 -2.3195 0.2814, 1.645 -2.3229 0.2559, 1.645 -2.3229 0.2362, 1.645 -2.3357 0.1994, 1.645 -2.1457 0.0591, 1.645 -2.1457 0.1181, 1.645 -2.0998 0.1757, 1.645 -2.1916 0.0015, 1.645 -2.1791 0.0058, 1.645 -2.1679 0.0129, 1.645 -2.1586 0.0222, 1.645 -2.1515 0.0334, 1.645 -2.1472 0.0459, 1.645 -2.628 0.1772, 1.645 -2.628 0.0, 1.645 -2.3819 0.1772, 1.645 -2.3688 0.1786, 1.5663 -2.3243 0.2231, 1.5663 -2.3229 0.2362, 1.5663 -2.1398 0.1437, 1.5663 -2.1235 0.1643, 1.5663 -2.2499 0.351, 1.5663 -2.1123 0.1713, 1.5663 -2.0998 0.1757, 1.5663 -2.3195 0.2814, 1.5663 -2.3097 0.3051, 1.5663 -2.1328 0.1549, 1.5663 -2.294 0.3255, 1.5663 -2.2736 0.3411, 1.5663 -2.3229 0.2559, 1.5663 -2.1457 0.1181, 1.5663 -2.1457 0.0591, 1.5663 -2.3287 0.2106, 1.5663 -2.3357 0.1994, 1.5663 -2.1442 0.1313, 1.5663 -2.1679 0.0129, 1.5663 -2.1791 0.0058, 1.5663 -2.3451 0.19, 1.5663 -2.1916 0.0015, 1.5663 -2.3563 0.183, 1.5663 -2.2047 0.0, 1.5663 -2.3688 0.1786, 1.5663 -2.628 0.0, 1.5663 -2.628 0.1772, 1.5663 -2.3819 0.1772, 1.5663 -2.1472 0.0459, 1.5663 -2.1515 0.0334, 1.5663 -2.1586 0.0222, 1.2513 1.9488 0.3543, 1.2513 2.2244 0.3543, 1.1726 1.9488 0.3543, 1.1726 2.2244 0.3543, 1.1726 1.9488 0.1772, 1.1726 2.0866 0.1772, 1.2513 1.9488 0.1772, 1.2513 2.0866 0.1772, 1.2513 2.3243 0.2231, 1.2513 2.3228 0.2362, 1.2513 2.1398 0.1437, 1.2513 2.1234 0.1643, 1.2513 2.2499 0.351, 1.2513 2.1122 0.1713, 1.2513 2.0997 0.1757, 1.2513 2.3195 0.2814, 1.2513 2.3096 0.3051, 1.2513 2.1328 0.1549, 1.2513 2.294 0.3255, 1.2513 2.2736 0.3411, 1.2513 2.3228 0.2559, 1.2513 2.1456 0.1181, 1.2513 2.1456 0.0591, 1.2513 2.3287 0.2106, 1.2513 2.3357 0.1994, 1.2513 2.1442 0.1313, 1.2513 2.1679 0.0129, 1.2513 2.1791 0.0058, 1.2513 2.345 0.19, 1.2513 2.1916 0.0015, 1.2513 2.3562 0.183, 1.2513 2.2047 0.0, 1.2513 2.3687 0.1786, 1.2513 2.6279 0.0, 1.2513 2.6279 0.1772, 1.2513 2.3819 0.1772, 1.2513 2.1471 0.0459, 1.2513 2.1515 0.0334, 1.2513 2.1585 0.0222, 1.1726 2.3096 0.3051, 1.1726 2.1328 0.1549, 1.1726 2.294 0.3255, 1.1726 2.1234 0.1643, 1.1726 2.2736 0.3411, 1.1726 2.2499 0.351, 1.1726 2.1122 0.1713, 1.1726 2.1398 0.1437, 1.1726 2.3243 0.2231, 1.1726 2.1442 0.1313, 1.1726 2.3287 0.2106, 1.1726 2.3195 0.2814, 1.1726 2.3228 0.2559, 1.1726 2.3228 0.2362, 1.1726 2.345 0.19, 1.1726 2.3562 0.183, 1.1726 2.2047 0.0, 1.1726 2.0997 0.1757, 1.1726 2.3357 0.1994, 1.1726 2.1456 0.0591, 1.1726 2.1456 0.1181, 1.1726 2.1916 0.0015, 1.1726 2.1791 0.0058, 1.1726 2.1679 0.0129, 1.1726 2.1585 0.0222, 1.1726 2.1515 0.0334, 1.1726 2.1471 0.0459, 1.1726 2.6279 0.1772, 1.1726 2.6279 0.0, 1.1726 2.3819 0.1772, 1.1726 2.3687 0.1786, 1.2513 -1.9488 0.1772, 1.2513 -2.0866 0.1772, 1.1726 -1.9488 0.1772, 1.1726 -2.0866 0.1772, 1.1726 -1.9488 0.3543, 1.1726 -2.2244 0.3543, 1.2513 -1.9488 0.3543, 1.2513 -2.2244 0.3543, 1.2513 -2.3097 0.3051, 1.2513 -2.1328 0.1549, 1.2513 -2.294 0.3255, 1.2513 -2.1235 0.1643, 1.2513 -2.2736 0.3411, 1.2513 -2.2499 0.351, 1.2513 -2.1123 0.1713, 1.2513 -2.1398 0.1437, 1.2513 -2.3243 0.2231, 1.2513 -2.1442 0.1313, 1.2513 -2.3287 0.2106, 1.2513 -2.3451 0.19, 1.2513 -2.3563 0.183, 1.2513 -2.2047 0.0, 1.2513 -2.3195 0.2814, 1.2513 -2.3229 0.2559, 1.2513 -2.3229 0.2362, 1.2513 -2.3357 0.1994, 1.2513 -2.1457 0.0591, 1.2513 -2.1457 0.1181, 1.2513 -2.0998 0.1757, 1.2513 -2.1916 0.0015, 1.2513 -2.1791 0.0058, 1.2513 -2.1679 0.0129, 1.2513 -2.1586 0.0222, 1.2513 -2.1515 0.0334, 1.2513 -2.1472 0.0459, 1.2513 -2.628 0.1772, 1.2513 -2.628 0.0, 1.2513 -2.3819 0.1772, 1.2513 -2.3688 0.1786, 1.1726 -2.3243 0.2231, 1.1726 -2.3229 0.2362, 1.1726 -2.1398 0.1437, 1.1726 -2.1235 0.1643, 1.1726 -2.2499 0.351, 1.1726 -2.1123 0.1713, 1.1726 -2.0998 0.1757, 1.1726 -2.3195 0.2814, 1.1726 -2.3097 0.3051, 1.1726 -2.1328 0.1549, 1.1726 -2.294 0.3255, 1.1726 -2.2736 0.3411, 1.1726 -2.3229 0.2559, 1.1726 -2.1457 0.1181, 1.1726 -2.1457 0.0591, 1.1726 -2.3287 0.2106, 1.1726 -2.3357 0.1994, 1.1726 -2.1442 0.1313, 1.1726 -2.1679 0.0129, 1.1726 -2.1791 0.0058, 1.1726 -2.3451 0.19, 1.1726 -2.1916 0.0015, 1.1726 -2.3563 0.183, 1.1726 -2.2047 0.0, 1.1726 -2.3688 0.1786, 1.1726 -2.628 0.0, 1.1726 -2.628 0.1772, 1.1726 -2.3819 0.1772, 1.1726 -2.1472 0.0459, 1.1726 -2.1515 0.0334, 1.1726 -2.1586 0.0222, 0.8576 1.9488 0.3543, 0.8576 2.2244 0.3543, 0.7789 1.9488 0.3543, 0.7789 2.2244 0.3543, 0.7789 1.9488 0.1772, 0.7789 2.0866 0.1772, 0.8576 1.9488 0.1772, 0.8576 2.0866 0.1772, 0.8576 2.3243 0.2231, 0.8576 2.3228 0.2362, 0.8576 2.1398 0.1437, 0.8576 2.1234 0.1643, 0.8576 2.2499 0.351, 0.8576 2.1122 0.1713, 0.8576 2.0997 0.1757, 0.8576 2.3195 0.2814, 0.8576 2.3096 0.3051, 0.8576 2.1328 0.1549, 0.8576 2.294 0.3255, 0.8576 2.2736 0.3411, 0.8576 2.3228 0.2559, 0.8576 2.1456 0.1181, 0.8576 2.1456 0.0591, 0.8576 2.3287 0.2106, 0.8576 2.3357 0.1994, 0.8576 2.1442 0.1313, 0.8576 2.1679 0.0129, 0.8576 2.1791 0.0058, 0.8576 2.345 0.19, 0.8576 2.1916 0.0015, 0.8576 2.3562 0.183, 0.8576 2.2047 0.0, 0.8576 2.3687 0.1786, 0.8576 2.6279 0.0, 0.8576 2.6279 0.1772, 0.8576 2.3819 0.1772, 0.8576 2.1471 0.0459, 0.8576 2.1515 0.0334, 0.8576 2.1585 0.0222, 0.7789 2.3096 0.3051, 0.7789 2.1328 0.1549, 0.7789 2.294 0.3255, 0.7789 2.1234 0.1643, 0.7789 2.2736 0.3411, 0.7789 2.2499 0.351, 0.7789 2.1122 0.1713, 0.7789 2.1398 0.1437, 0.7789 2.3243 0.2231, 0.7789 2.1442 0.1313, 0.7789 2.3287 0.2106, 0.7789 2.3195 0.2814, 0.7789 2.3228 0.2559, 0.7789 2.3228 0.2362, 0.7789 2.345 0.19, 0.7789 2.3562 0.183, 0.7789 2.2047 0.0, 0.7789 2.0997 0.1757, 0.7789 2.3357 0.1994, 0.7789 2.1456 0.0591, 0.7789 2.1456 0.1181, 0.7789 2.1916 0.0015, 0.7789 2.1791 0.0058, 0.7789 2.1679 0.0129, 0.7789 2.1585 0.0222, 0.7789 2.1515 0.0334, 0.7789 2.1471 0.0459, 0.7789 2.6279 0.1772, 0.7789 2.6279 0.0, 0.7789 2.3819 0.1772, 0.7789 2.3687 0.1786, 0.8576 -1.9488 0.1772, 0.8576 -2.0866 0.1772, 0.7789 -1.9488 0.1772, 0.7789 -2.0866 0.1772, 0.7789 -1.9488 0.3543, 0.7789 -2.2244 0.3543, 0.8576 -1.9488 0.3543, 0.8576 -2.2244 0.3543, 0.8576 -2.3097 0.3051, 0.8576 -2.1328 0.1549, 0.8576 -2.294 0.3255, 0.8576 -2.1235 0.1643, 0.8576 -2.2736 0.3411, 0.8576 -2.2499 0.351, 0.8576 -2.1123 0.1713, 0.8576 -2.1398 0.1437, 0.8576 -2.3243 0.2231, 0.8576 -2.1442 0.1313, 0.8576 -2.3287 0.2106, 0.8576 -2.3451 0.19, 0.8576 -2.3563 0.183, 0.8576 -2.2047 0.0, 0.8576 -2.3195 0.2814, 0.8576 -2.3229 0.2559, 0.8576 -2.3229 0.2362, 0.8576 -2.3357 0.1994, 0.8576 -2.1457 0.0591, 0.8576 -2.1457 0.1181, 0.8576 -2.0998 0.1757, 0.8576 -2.1916 0.0015, 0.8576 -2.1791 0.0058, 0.8576 -2.1679 0.0129, 0.8576 -2.1586 0.0222, 0.8576 -2.1515 0.0334, 0.8576 -2.1472 0.0459, 0.8576 -2.628 0.1772, 0.8576 -2.628 0.0, 0.8576 -2.3819 0.1772, 0.8576 -2.3688 0.1786, 0.7789 -2.3243 0.2231, 0.7789 -2.3229 0.2362, 0.7789 -2.1398 0.1437, 0.7789 -2.1235 0.1643, 0.7789 -2.2499 0.351, 0.7789 -2.1123 0.1713, 0.7789 -2.0998 0.1757, 0.7789 -2.3195 0.2814, 0.7789 -2.3097 0.3051, 0.7789 -2.1328 0.1549, 0.7789 -2.294 0.3255, 0.7789 -2.2736 0.3411, 0.7789 -2.3229 0.2559, 0.7789 -2.1457 0.1181, 0.7789 -2.1457 0.0591, 0.7789 -2.3287 0.2106, 0.7789 -2.3357 0.1994, 0.7789 -2.1442 0.1313, 0.7789 -2.1679 0.0129, 0.7789 -2.1791 0.0058, 0.7789 -2.3451 0.19, 0.7789 -2.1916 0.0015, 0.7789 -2.3563 0.183, 0.7789 -2.2047 0.0, 0.7789 -2.3688 0.1786, 0.7789 -2.628 0.0, 0.7789 -2.628 0.1772, 0.7789 -2.3819 0.1772, 0.7789 -2.1472 0.0459, 0.7789 -2.1515 0.0334, 0.7789 -2.1586 0.0222, 0.4639 1.9488 0.3543, 0.4639 2.2244 0.3543, 0.3852 1.9488 0.3543, 0.3852 2.2244 0.3543, 0.3852 1.9488 0.1772, 0.3852 2.0866 0.1772, 0.4639 1.9488 0.1772, 0.4639 2.0866 0.1772, 0.4639 2.3243 0.2231, 0.4639 2.3228 0.2362, 0.4639 2.1398 0.1437, 0.4639 2.1234 0.1643, 0.4639 2.2499 0.351, 0.4639 2.1122 0.1713, 0.4639 2.0997 0.1757, 0.4639 2.3195 0.2814, 0.4639 2.3096 0.3051, 0.4639 2.1328 0.1549, 0.4639 2.294 0.3255, 0.4639 2.2736 0.3411, 0.4639 2.3228 0.2559, 0.4639 2.1456 0.1181, 0.4639 2.1456 0.0591, 0.4639 2.3287 0.2106, 0.4639 2.3357 0.1994, 0.4639 2.1442 0.1313, 0.4639 2.1679 0.0129, 0.4639 2.1791 0.0058, 0.4639 2.345 0.19, 0.4639 2.1916 0.0015, 0.4639 2.3562 0.183, 0.4639 2.2047 0.0, 0.4639 2.3687 0.1786, 0.4639 2.6279 0.0, 0.4639 2.6279 0.1772, 0.4639 2.3819 0.1772, 0.4639 2.1471 0.0459, 0.4639 2.1515 0.0334, 0.4639 2.1585 0.0222, 0.3852 2.3096 0.3051, 0.3852 2.1328 0.1549, 0.3852 2.294 0.3255, 0.3852 2.1234 0.1643, 0.3852 2.2736 0.3411, 0.3852 2.2499 0.351, 0.3852 2.1122 0.1713, 0.3852 2.1398 0.1437, 0.3852 2.3243 0.2231, 0.3852 2.1442 0.1313, 0.3852 2.3287 0.2106, 0.3852 2.3195 0.2814, 0.3852 2.3228 0.2559, 0.3852 2.3228 0.2362, 0.3852 2.345 0.19, 0.3852 2.3562 0.183, 0.3852 2.2047 0.0, 0.3852 2.0997 0.1757, 0.3852 2.3357 0.1994, 0.3852 2.1456 0.0591, 0.3852 2.1456 0.1181, 0.3852 2.1916 0.0015, 0.3852 2.1791 0.0058, 0.3852 2.1679 0.0129, 0.3852 2.1585 0.0222, 0.3852 2.1515 0.0334, 0.3852 2.1471 0.0459, 0.3852 2.6279 0.1772, 0.3852 2.6279 0.0, 0.3852 2.3819 0.1772, 0.3852 2.3687 0.1786, 0.4639 -1.9488 0.1772, 0.4639 -2.0866 0.1772, 0.3852 -1.9488 0.1772, 0.3852 -2.0866 0.1772, 0.3852 -1.9488 0.3543, 0.3852 -2.2244 0.3543, 0.4639 -1.9488 0.3543, 0.4639 -2.2244 0.3543, 0.4639 -2.3097 0.3051, 0.4639 -2.1328 0.1549, 0.4639 -2.294 0.3255, 0.4639 -2.1235 0.1643, 0.4639 -2.2736 0.3411, 0.4639 -2.2499 0.351, 0.4639 -2.1123 0.1713, 0.4639 -2.1398 0.1437, 0.4639 -2.3243 0.2231, 0.4639 -2.1442 0.1313, 0.4639 -2.3287 0.2106, 0.4639 -2.3451 0.19, 0.4639 -2.3563 0.183, 0.4639 -2.2047 0.0, 0.4639 -2.3195 0.2814, 0.4639 -2.3229 0.2559, 0.4639 -2.3229 0.2362, 0.4639 -2.3357 0.1994, 0.4639 -2.1457 0.0591, 0.4639 -2.1457 0.1181, 0.4639 -2.0998 0.1757, 0.4639 -2.1916 0.0015, 0.4639 -2.1791 0.0058, 0.4639 -2.1679 0.0129, 0.4639 -2.1586 0.0222, 0.4639 -2.1515 0.0334, 0.4639 -2.1472 0.0459, 0.4639 -2.628 0.1772, 0.4639 -2.628 0.0, 0.4639 -2.3819 0.1772, 0.4639 -2.3688 0.1786, 0.3852 -2.3243 0.2231, 0.3852 -2.3229 0.2362, 0.3852 -2.1398 0.1437, 0.3852 -2.1235 0.1643, 0.3852 -2.2499 0.351, 0.3852 -2.1123 0.1713, 0.3852 -2.0998 0.1757, 0.3852 -2.3195 0.2814, 0.3852 -2.3097 0.3051, 0.3852 -2.1328 0.1549, 0.3852 -2.294 0.3255, 0.3852 -2.2736 0.3411, 0.3852 -2.3229 0.2559, 0.3852 -2.1457 0.1181, 0.3852 -2.1457 0.0591, 0.3852 -2.3287 0.2106, 0.3852 -2.3357 0.1994, 0.3852 -2.1442 0.1313, 0.3852 -2.1679 0.0129, 0.3852 -2.1791 0.0058, 0.3852 -2.3451 0.19, 0.3852 -2.1916 0.0015, 0.3852 -2.3563 0.183, 0.3852 -2.2047 0.0, 0.3852 -2.3688 0.1786, 0.3852 -2.628 0.0, 0.3852 -2.628 0.1772, 0.3852 -2.3819 0.1772, 0.3852 -2.1472 0.0459, 0.3852 -2.1515 0.0334, 0.3852 -2.1586 0.0222, 0.0702 1.9488 0.3543, 0.0702 2.2244 0.3543, -0.0085 1.9488 0.3543, -0.0085 2.2244 0.3543, -0.0085 1.9488 0.1772, -0.0085 2.0866 0.1772, 0.0702 1.9488 0.1772, 0.0702 2.0866 0.1772, 0.0702 2.3243 0.2231, 0.0702 2.3228 0.2362, 0.0702 2.1398 0.1437, 0.0702 2.1234 0.1643, 0.0702 2.2499 0.351, 0.0702 2.1122 0.1713, 0.0702 2.0997 0.1757, 0.0702 2.3195 0.2814, 0.0702 2.3096 0.3051, 0.0702 2.1328 0.1549, 0.0702 2.294 0.3255, 0.0702 2.2736 0.3411, 0.0702 2.3228 0.2559, 0.0702 2.1456 0.1181, 0.0702 2.1456 0.0591, 0.0702 2.3287 0.2106, 0.0702 2.3357 0.1994, 0.0702 2.1442 0.1313, 0.0702 2.1679 0.0129, 0.0702 2.1791 0.0058, 0.0702 2.345 0.19, 0.0702 2.1916 0.0015, 0.0702 2.3562 0.183, 0.0702 2.2047 0.0, 0.0702 2.3687 0.1786, 0.0702 2.6279 0.0, 0.0702 2.6279 0.1772, 0.0702 2.3819 0.1772, 0.0702 2.1471 0.0459, 0.0702 2.1515 0.0334, 0.0702 2.1585 0.0222, -0.0085 2.3096 0.3051, -0.0085 2.1328 0.1549, -0.0085 2.294 0.3255, -0.0085 2.1234 0.1643, -0.0085 2.2736 0.3411, -0.0085 2.2499 0.351, -0.0085 2.1122 0.1713, -0.0085 2.1398 0.1437, -0.0085 2.3243 0.2231, -0.0085 2.1442 0.1313, -0.0085 2.3287 0.2106, -0.0085 2.3195 0.2814, -0.0085 2.3228 0.2559, -0.0085 2.3228 0.2362, -0.0085 2.345 0.19, -0.0085 2.3562 0.183, -0.0085 2.2047 0.0, -0.0085 2.0997 0.1757, -0.0085 2.3357 0.1994, -0.0085 2.1456 0.0591, -0.0085 2.1456 0.1181, -0.0085 2.1916 0.0015, -0.0085 2.1791 0.0058, -0.0085 2.1679 0.0129, -0.0085 2.1585 0.0222, -0.0085 2.1515 0.0334, -0.0085 2.1471 0.0459, -0.0085 2.6279 0.1772, -0.0085 2.6279 0.0, -0.0085 2.3819 0.1772, -0.0085 2.3687 0.1786, 0.0702 -1.9488 0.1772, 0.0702 -2.0866 0.1772, -0.0085 -1.9488 0.1772, -0.0085 -2.0866 0.1772, -0.0085 -1.9488 0.3543, -0.0085 -2.2244 0.3543, 0.0702 -1.9488 0.3543, 0.0702 -2.2244 0.3543, 0.0702 -2.3097 0.3051, 0.0702 -2.1328 0.1549, 0.0702 -2.294 0.3255, 0.0702 -2.1235 0.1643, 0.0702 -2.2736 0.3411, 0.0702 -2.2499 0.351, 0.0702 -2.1123 0.1713, 0.0702 -2.1398 0.1437, 0.0702 -2.3243 0.2231, 0.0702 -2.1442 0.1313, 0.0702 -2.3287 0.2106, 0.0702 -2.3451 0.19, 0.0702 -2.3563 0.183, 0.0702 -2.2047 0.0, 0.0702 -2.3195 0.2814, 0.0702 -2.3229 0.2559, 0.0702 -2.3229 0.2362, 0.0702 -2.3357 0.1994, 0.0702 -2.1457 0.0591, 0.0702 -2.1457 0.1181, 0.0702 -2.0998 0.1757, 0.0702 -2.1916 0.0015, 0.0702 -2.1791 0.0058, 0.0702 -2.1679 0.0129, 0.0702 -2.1586 0.0222, 0.0702 -2.1515 0.0334, 0.0702 -2.1472 0.0459, 0.0702 -2.628 0.1772, 0.0702 -2.628 0.0, 0.0702 -2.3819 0.1772, 0.0702 -2.3688 0.1786, -0.0085 -2.3243 0.2231, -0.0085 -2.3229 0.2362, -0.0085 -2.1398 0.1437, -0.0085 -2.1235 0.1643, -0.0085 -2.2499 0.351, -0.0085 -2.1123 0.1713, -0.0085 -2.0998 0.1757, -0.0085 -2.3195 0.2814, -0.0085 -2.3097 0.3051, -0.0085 -2.1328 0.1549, -0.0085 -2.294 0.3255, -0.0085 -2.2736 0.3411, -0.0085 -2.3229 0.2559, -0.0085 -2.1457 0.1181, -0.0085 -2.1457 0.0591, -0.0085 -2.3287 0.2106, -0.0085 -2.3357 0.1994, -0.0085 -2.1442 0.1313, -0.0085 -2.1679 0.0129, -0.0085 -2.1791 0.0058, -0.0085 -2.3451 0.19, -0.0085 -2.1916 0.0015, -0.0085 -2.3563 0.183, -0.0085 -2.2047 0.0, -0.0085 -2.3688 0.1786, -0.0085 -2.628 0.0, -0.0085 -2.628 0.1772, -0.0085 -2.3819 0.1772, -0.0085 -2.1472 0.0459, -0.0085 -2.1515 0.0334, -0.0085 -2.1586 0.0222, -0.3235 1.9488 0.3543, -0.3235 2.2244 0.3543, -0.4022 1.9488 0.3543, -0.4022 2.2244 0.3543, -0.4022 1.9488 0.1772, -0.4022 2.0866 0.1772, -0.3235 1.9488 0.1772, -0.3235 2.0866 0.1772, -0.3235 2.3243 0.2231, -0.3235 2.3228 0.2362, -0.3235 2.1398 0.1437, -0.3235 2.1234 0.1643, -0.3235 2.2499 0.351, -0.3235 2.1122 0.1713, -0.3235 2.0997 0.1757, -0.3235 2.3195 0.2814, -0.3235 2.3096 0.3051, -0.3235 2.1328 0.1549, -0.3235 2.294 0.3255, -0.3235 2.2736 0.3411, -0.3235 2.3228 0.2559, -0.3235 2.1456 0.1181, -0.3235 2.1456 0.0591, -0.3235 2.3287 0.2106, -0.3235 2.3357 0.1994, -0.3235 2.1442 0.1313, -0.3235 2.1679 0.0129, -0.3235 2.1791 0.0058, -0.3235 2.345 0.19, -0.3235 2.1916 0.0015, -0.3235 2.3562 0.183, -0.3235 2.2047 0.0, -0.3235 2.3687 0.1786, -0.3235 2.6279 0.0, -0.3235 2.6279 0.1772, -0.3235 2.3819 0.1772, -0.3235 2.1471 0.0459, -0.3235 2.1515 0.0334, -0.3235 2.1585 0.0222, -0.4022 2.3096 0.3051, -0.4022 2.1328 0.1549, -0.4022 2.294 0.3255, -0.4022 2.1234 0.1643, -0.4022 2.2736 0.3411, -0.4022 2.2499 0.351, -0.4022 2.1122 0.1713, -0.4022 2.1398 0.1437, -0.4022 2.3243 0.2231, -0.4022 2.1442 0.1313, -0.4022 2.3287 0.2106, -0.4022 2.3195 0.2814, -0.4022 2.3228 0.2559, -0.4022 2.3228 0.2362, -0.4022 2.345 0.19, -0.4022 2.3562 0.183, -0.4022 2.2047 0.0, -0.4022 2.0997 0.1757, -0.4022 2.3357 0.1994, -0.4022 2.1456 0.0591, -0.4022 2.1456 0.1181, -0.4022 2.1916 0.0015, -0.4022 2.1791 0.0058, -0.4022 2.1679 0.0129, -0.4022 2.1585 0.0222, -0.4022 2.1515 0.0334, -0.4022 2.1471 0.0459, -0.4022 2.6279 0.1772, -0.4022 2.6279 0.0, -0.4022 2.3819 0.1772, -0.4022 2.3687 0.1786, -0.3235 -1.9488 0.1772, -0.3235 -2.0866 0.1772, -0.4022 -1.9488 0.1772, -0.4022 -2.0866 0.1772, -0.4022 -1.9488 0.3543, -0.4022 -2.2244 0.3543, -0.3235 -1.9488 0.3543, -0.3235 -2.2244 0.3543, -0.3235 -2.3097 0.3051, -0.3235 -2.1328 0.1549, -0.3235 -2.294 0.3255, -0.3235 -2.1235 0.1643, -0.3235 -2.2736 0.3411, -0.3235 -2.2499 0.351, -0.3235 -2.1123 0.1713, -0.3235 -2.1398 0.1437, -0.3235 -2.3243 0.2231, -0.3235 -2.1442 0.1313, -0.3235 -2.3287 0.2106, -0.3235 -2.3451 0.19, -0.3235 -2.3563 0.183, -0.3235 -2.2047 0.0, -0.3235 -2.3195 0.2814, -0.3235 -2.3229 0.2559, -0.3235 -2.3229 0.2362, -0.3235 -2.3357 0.1994, -0.3235 -2.1457 0.0591, -0.3235 -2.1457 0.1181, -0.3235 -2.0998 0.1757, -0.3235 -2.1916 0.0015, -0.3235 -2.1791 0.0058, -0.3235 -2.1679 0.0129, -0.3235 -2.1586 0.0222, -0.3235 -2.1515 0.0334, -0.3235 -2.1472 0.0459, -0.3235 -2.628 0.1772, -0.3235 -2.628 0.0, -0.3235 -2.3819 0.1772, -0.3235 -2.3688 0.1786, -0.4022 -2.3243 0.2231, -0.4022 -2.3229 0.2362, -0.4022 -2.1398 0.1437, -0.4022 -2.1235 0.1643, -0.4022 -2.2499 0.351, -0.4022 -2.1123 0.1713, -0.4022 -2.0998 0.1757, -0.4022 -2.3195 0.2814, -0.4022 -2.3097 0.3051, -0.4022 -2.1328 0.1549, -0.4022 -2.294 0.3255, -0.4022 -2.2736 0.3411, -0.4022 -2.3229 0.2559, -0.4022 -2.1457 0.1181, -0.4022 -2.1457 0.0591, -0.4022 -2.3287 0.2106, -0.4022 -2.3357 0.1994, -0.4022 -2.1442 0.1313, -0.4022 -2.1679 0.0129, -0.4022 -2.1791 0.0058, -0.4022 -2.3451 0.19, -0.4022 -2.1916 0.0015, -0.4022 -2.3563 0.183, -0.4022 -2.2047 0.0, -0.4022 -2.3688 0.1786, -0.4022 -2.628 0.0, -0.4022 -2.628 0.1772, -0.4022 -2.3819 0.1772, -0.4022 -2.1472 0.0459, -0.4022 -2.1515 0.0334, -0.4022 -2.1586 0.0222, -0.7172 1.9488 0.3543, -0.7172 2.2244 0.3543, -0.7959 1.9488 0.3543, -0.7959 2.2244 0.3543, -0.7959 1.9488 0.1772, -0.7959 2.0866 0.1772, -0.7172 1.9488 0.1772, -0.7172 2.0866 0.1772, -0.7172 2.3243 0.2231, -0.7172 2.3228 0.2362, -0.7172 2.1398 0.1437, -0.7172 2.1234 0.1643, -0.7172 2.2499 0.351, -0.7172 2.1122 0.1713, -0.7172 2.0997 0.1757, -0.7172 2.3195 0.2814, -0.7172 2.3096 0.3051, -0.7172 2.1328 0.1549, -0.7172 2.294 0.3255, -0.7172 2.2736 0.3411, -0.7172 2.3228 0.2559, -0.7172 2.1456 0.1181, -0.7172 2.1456 0.0591, -0.7172 2.3287 0.2106, -0.7172 2.3357 0.1994, -0.7172 2.1442 0.1313, -0.7172 2.1679 0.0129, -0.7172 2.1791 0.0058, -0.7172 2.345 0.19, -0.7172 2.1916 0.0015, -0.7172 2.3562 0.183, -0.7172 2.2047 0.0, -0.7172 2.3687 0.1786, -0.7172 2.6279 0.0, -0.7172 2.6279 0.1772, -0.7172 2.3819 0.1772, -0.7172 2.1471 0.0459, -0.7172 2.1515 0.0334, -0.7172 2.1585 0.0222, -0.7959 2.3096 0.3051, -0.7959 2.1328 0.1549, -0.7959 2.294 0.3255, -0.7959 2.1234 0.1643, -0.7959 2.2736 0.3411, -0.7959 2.2499 0.351, -0.7959 2.1122 0.1713, -0.7959 2.1398 0.1437, -0.7959 2.3243 0.2231, -0.7959 2.1442 0.1313, -0.7959 2.3287 0.2106, -0.7959 2.3195 0.2814, -0.7959 2.3228 0.2559, -0.7959 2.3228 0.2362, -0.7959 2.345 0.19, -0.7959 2.3562 0.183, -0.7959 2.2047 0.0, -0.7959 2.0997 0.1757, -0.7959 2.3357 0.1994, -0.7959 2.1456 0.0591, -0.7959 2.1456 0.1181, -0.7959 2.1916 0.0015, -0.7959 2.1791 0.0058, -0.7959 2.1679 0.0129, -0.7959 2.1585 0.0222, -0.7959 2.1515 0.0334, -0.7959 2.1471 0.0459, -0.7959 2.6279 0.1772, -0.7959 2.6279 0.0, -0.7959 2.3819 0.1772, -0.7959 2.3687 0.1786, -0.7172 -1.9488 0.1772, -0.7172 -2.0866 0.1772, -0.7959 -1.9488 0.1772, -0.7959 -2.0866 0.1772, -0.7959 -1.9488 0.3543, -0.7959 -2.2244 0.3543, -0.7172 -1.9488 0.3543, -0.7172 -2.2244 0.3543, -0.7172 -2.3097 0.3051, -0.7172 -2.1328 0.1549, -0.7172 -2.294 0.3255, -0.7172 -2.1235 0.1643, -0.7172 -2.2736 0.3411, -0.7172 -2.2499 0.351, -0.7172 -2.1123 0.1713, -0.7172 -2.1398 0.1437, -0.7172 -2.3243 0.2231, -0.7172 -2.1442 0.1313, -0.7172 -2.3287 0.2106, -0.7172 -2.3451 0.19, -0.7172 -2.3563 0.183, -0.7172 -2.2047 0.0, -0.7172 -2.3195 0.2814, -0.7172 -2.3229 0.2559, -0.7172 -2.3229 0.2362, -0.7172 -2.3357 0.1994, -0.7172 -2.1457 0.0591, -0.7172 -2.1457 0.1181, -0.7172 -2.0998 0.1757, -0.7172 -2.1916 0.0015, -0.7172 -2.1791 0.0058, -0.7172 -2.1679 0.0129, -0.7172 -2.1586 0.0222, -0.7172 -2.1515 0.0334, -0.7172 -2.1472 0.0459, -0.7172 -2.628 0.1772, -0.7172 -2.628 0.0, -0.7172 -2.3819 0.1772, -0.7172 -2.3688 0.1786, -0.7959 -2.3243 0.2231, -0.7959 -2.3229 0.2362, -0.7959 -2.1398 0.1437, -0.7959 -2.1235 0.1643, -0.7959 -2.2499 0.351, -0.7959 -2.1123 0.1713, -0.7959 -2.0998 0.1757, -0.7959 -2.3195 0.2814, -0.7959 -2.3097 0.3051, -0.7959 -2.1328 0.1549, -0.7959 -2.294 0.3255, -0.7959 -2.2736 0.3411, -0.7959 -2.3229 0.2559, -0.7959 -2.1457 0.1181, -0.7959 -2.1457 0.0591, -0.7959 -2.3287 0.2106, -0.7959 -2.3357 0.1994, -0.7959 -2.1442 0.1313, -0.7959 -2.1679 0.0129, -0.7959 -2.1791 0.0058, -0.7959 -2.3451 0.19, -0.7959 -2.1916 0.0015, -0.7959 -2.3563 0.183, -0.7959 -2.2047 0.0, -0.7959 -2.3688 0.1786, -0.7959 -2.628 0.0, -0.7959 -2.628 0.1772, -0.7959 -2.3819 0.1772, -0.7959 -2.1472 0.0459, -0.7959 -2.1515 0.0334, -0.7959 -2.1586 0.0222, -1.1109 1.9488 0.3543, -1.1109 2.2244 0.3543, -1.1896 1.9488 0.3543, -1.1896 2.2244 0.3543, -1.1896 1.9488 0.1772, -1.1896 2.0866 0.1772, -1.1109 1.9488 0.1772, -1.1109 2.0866 0.1772, -1.1109 2.3243 0.2231, -1.1109 2.3228 0.2362, -1.1109 2.1398 0.1437, -1.1109 2.1234 0.1643, -1.1109 2.2499 0.351, -1.1109 2.1122 0.1713, -1.1109 2.0997 0.1757, -1.1109 2.3195 0.2814, -1.1109 2.3096 0.3051, -1.1109 2.1328 0.1549, -1.1109 2.294 0.3255, -1.1109 2.2736 0.3411, -1.1109 2.3228 0.2559, -1.1109 2.1456 0.1181, -1.1109 2.1456 0.0591, -1.1109 2.3287 0.2106, -1.1109 2.3357 0.1994, -1.1109 2.1442 0.1313, -1.1109 2.1679 0.0129, -1.1109 2.1791 0.0058, -1.1109 2.345 0.19, -1.1109 2.1916 0.0015, -1.1109 2.3562 0.183, -1.1109 2.2047 0.0, -1.1109 2.3687 0.1786, -1.1109 2.6279 0.0, -1.1109 2.6279 0.1772, -1.1109 2.3819 0.1772, -1.1109 2.1471 0.0459, -1.1109 2.1515 0.0334, -1.1109 2.1585 0.0222, -1.1896 2.3096 0.3051, -1.1896 2.1328 0.1549, -1.1896 2.294 0.3255, -1.1896 2.1234 0.1643, -1.1896 2.2736 0.3411, -1.1896 2.2499 0.351, -1.1896 2.1122 0.1713, -1.1896 2.1398 0.1437, -1.1896 2.3243 0.2231, -1.1896 2.1442 0.1313, -1.1896 2.3287 0.2106, -1.1896 2.3195 0.2814, -1.1896 2.3228 0.2559, -1.1896 2.3228 0.2362, -1.1896 2.345 0.19, -1.1896 2.3562 0.183, -1.1896 2.2047 0.0, -1.1896 2.0997 0.1757, -1.1896 2.3357 0.1994, -1.1896 2.1456 0.0591, -1.1896 2.1456 0.1181, -1.1896 2.1916 0.0015, -1.1896 2.1791 0.0058, -1.1896 2.1679 0.0129, -1.1896 2.1585 0.0222, -1.1896 2.1515 0.0334, -1.1896 2.1471 0.0459, -1.1896 2.6279 0.1772, -1.1896 2.6279 0.0, -1.1896 2.3819 0.1772, -1.1896 2.3687 0.1786, -1.1109 -1.9488 0.1772, -1.1109 -2.0866 0.1772, -1.1896 -1.9488 0.1772, -1.1896 -2.0866 0.1772, -1.1896 -1.9488 0.3543, -1.1896 -2.2244 0.3543, -1.1109 -1.9488 0.3543, -1.1109 -2.2244 0.3543, -1.1109 -2.3097 0.3051, -1.1109 -2.1328 0.1549, -1.1109 -2.294 0.3255, -1.1109 -2.1235 0.1643, -1.1109 -2.2736 0.3411, -1.1109 -2.2499 0.351, -1.1109 -2.1123 0.1713, -1.1109 -2.1398 0.1437, -1.1109 -2.3243 0.2231, -1.1109 -2.1442 0.1313, -1.1109 -2.3287 0.2106, -1.1109 -2.3451 0.19, -1.1109 -2.3563 0.183, -1.1109 -2.2047 0.0, -1.1109 -2.3195 0.2814, -1.1109 -2.3229 0.2559, -1.1109 -2.3229 0.2362, -1.1109 -2.3357 0.1994, -1.1109 -2.1457 0.0591, -1.1109 -2.1457 0.1181, -1.1109 -2.0998 0.1757, -1.1109 -2.1916 0.0015, -1.1109 -2.1791 0.0058, -1.1109 -2.1679 0.0129, -1.1109 -2.1586 0.0222, -1.1109 -2.1515 0.0334, -1.1109 -2.1472 0.0459, -1.1109 -2.628 0.1772, -1.1109 -2.628 0.0, -1.1109 -2.3819 0.1772, -1.1109 -2.3688 0.1786, -1.1896 -2.3243 0.2231, -1.1896 -2.3229 0.2362, -1.1896 -2.1398 0.1437, -1.1896 -2.1235 0.1643, -1.1896 -2.2499 0.351, -1.1896 -2.1123 0.1713, -1.1896 -2.0998 0.1757, -1.1896 -2.3195 0.2814, -1.1896 -2.3097 0.3051, -1.1896 -2.1328 0.1549, -1.1896 -2.294 0.3255, -1.1896 -2.2736 0.3411, -1.1896 -2.3229 0.2559, -1.1896 -2.1457 0.1181, -1.1896 -2.1457 0.0591, -1.1896 -2.3287 0.2106, -1.1896 -2.3357 0.1994, -1.1896 -2.1442 0.1313, -1.1896 -2.1679 0.0129, -1.1896 -2.1791 0.0058, -1.1896 -2.3451 0.19, -1.1896 -2.1916 0.0015, -1.1896 -2.3563 0.183, -1.1896 -2.2047 0.0, -1.1896 -2.3688 0.1786, -1.1896 -2.628 0.0, -1.1896 -2.628 0.1772, -1.1896 -2.3819 0.1772, -1.1896 -2.1472 0.0459, -1.1896 -2.1515 0.0334, -1.1896 -2.1586 0.0222, -1.5046 1.9488 0.3543, -1.5046 2.2244 0.3543, -1.5833 1.9488 0.3543, -1.5833 2.2244 0.3543, -1.5833 1.9488 0.1772, -1.5833 2.0866 0.1772, -1.5046 1.9488 0.1772, -1.5046 2.0866 0.1772, -1.5046 2.3243 0.2231, -1.5046 2.3228 0.2362, -1.5046 2.1398 0.1437, -1.5046 2.1234 0.1643, -1.5046 2.2499 0.351, -1.5046 2.1122 0.1713, -1.5046 2.0997 0.1757, -1.5046 2.3195 0.2814, -1.5046 2.3096 0.3051, -1.5046 2.1328 0.1549, -1.5046 2.294 0.3255, -1.5046 2.2736 0.3411, -1.5046 2.3228 0.2559, -1.5046 2.1456 0.1181, -1.5046 2.1456 0.0591, -1.5046 2.3287 0.2106, -1.5046 2.3357 0.1994, -1.5046 2.1442 0.1313, -1.5046 2.1679 0.0129, -1.5046 2.1791 0.0058, -1.5046 2.345 0.19, -1.5046 2.1916 0.0015, -1.5046 2.3562 0.183, -1.5046 2.2047 0.0, -1.5046 2.3687 0.1786, -1.5046 2.6279 0.0, -1.5046 2.6279 0.1772, -1.5046 2.3819 0.1772, -1.5046 2.1471 0.0459, -1.5046 2.1515 0.0334, -1.5046 2.1585 0.0222, -1.5833 2.3096 0.3051, -1.5833 2.1328 0.1549, -1.5833 2.294 0.3255, -1.5833 2.1234 0.1643, -1.5833 2.2736 0.3411, -1.5833 2.2499 0.351, -1.5833 2.1122 0.1713, -1.5833 2.1398 0.1437, -1.5833 2.3243 0.2231, -1.5833 2.1442 0.1313, -1.5833 2.3287 0.2106, -1.5833 2.3195 0.2814, -1.5833 2.3228 0.2559, -1.5833 2.3228 0.2362, -1.5833 2.345 0.19, -1.5833 2.3562 0.183, -1.5833 2.2047 0.0, -1.5833 2.0997 0.1757, -1.5833 2.3357 0.1994, -1.5833 2.1456 0.0591, -1.5833 2.1456 0.1181, -1.5833 2.1916 0.0015, -1.5833 2.1791 0.0058, -1.5833 2.1679 0.0129, -1.5833 2.1585 0.0222, -1.5833 2.1515 0.0334, -1.5833 2.1471 0.0459, -1.5833 2.6279 0.1772, -1.5833 2.6279 0.0, -1.5833 2.3819 0.1772, -1.5833 2.3687 0.1786, -1.5046 -1.9488 0.1772, -1.5046 -2.0866 0.1772, -1.5833 -1.9488 0.1772, -1.5833 -2.0866 0.1772, -1.5833 -1.9488 0.3543, -1.5833 -2.2244 0.3543, -1.5046 -1.9488 0.3543, -1.5046 -2.2244 0.3543, -1.5046 -2.3097 0.3051, -1.5046 -2.1328 0.1549, -1.5046 -2.294 0.3255, -1.5046 -2.1235 0.1643, -1.5046 -2.2736 0.3411, -1.5046 -2.2499 0.351, -1.5046 -2.1123 0.1713, -1.5046 -2.1398 0.1437, -1.5046 -2.3243 0.2231, -1.5046 -2.1442 0.1313, -1.5046 -2.3287 0.2106, -1.5046 -2.3451 0.19, -1.5046 -2.3563 0.183, -1.5046 -2.2047 0.0, -1.5046 -2.3195 0.2814, -1.5046 -2.3229 0.2559, -1.5046 -2.3229 0.2362, -1.5046 -2.3357 0.1994, -1.5046 -2.1457 0.0591, -1.5046 -2.1457 0.1181, -1.5046 -2.0998 0.1757, -1.5046 -2.1916 0.0015, -1.5046 -2.1791 0.0058, -1.5046 -2.1679 0.0129, -1.5046 -2.1586 0.0222, -1.5046 -2.1515 0.0334, -1.5046 -2.1472 0.0459, -1.5046 -2.628 0.1772, -1.5046 -2.628 0.0, -1.5046 -2.3819 0.1772, -1.5046 -2.3688 0.1786, -1.5833 -2.3243 0.2231, -1.5833 -2.3229 0.2362, -1.5833 -2.1398 0.1437, -1.5833 -2.1235 0.1643, -1.5833 -2.2499 0.351, -1.5833 -2.1123 0.1713, -1.5833 -2.0998 0.1757, -1.5833 -2.3195 0.2814, -1.5833 -2.3097 0.3051, -1.5833 -2.1328 0.1549, -1.5833 -2.294 0.3255, -1.5833 -2.2736 0.3411, -1.5833 -2.3229 0.2559, -1.5833 -2.1457 0.1181, -1.5833 -2.1457 0.0591, -1.5833 -2.3287 0.2106, -1.5833 -2.3357 0.1994, -1.5833 -2.1442 0.1313, -1.5833 -2.1679 0.0129, -1.5833 -2.1791 0.0058, -1.5833 -2.3451 0.19, -1.5833 -2.1916 0.0015, -1.5833 -2.3563 0.183, -1.5833 -2.2047 0.0, -1.5833 -2.3688 0.1786, -1.5833 -2.628 0.0, -1.5833 -2.628 0.1772, -1.5833 -2.3819 0.1772, -1.5833 -2.1472 0.0459, -1.5833 -2.1515 0.0334, -1.5833 -2.1586 0.0222, -1.8983 1.9488 0.3543, -1.8983 2.2244 0.3543, -1.977 1.9488 0.3543, -1.977 2.2244 0.3543, -1.977 1.9488 0.1772, -1.977 2.0866 0.1772, -1.8983 1.9488 0.1772, -1.8983 2.0866 0.1772, -1.8983 2.3243 0.2231, -1.8983 2.3228 0.2362, -1.8983 2.1398 0.1437, -1.8983 2.1234 0.1643, -1.8983 2.2499 0.351, -1.8983 2.1122 0.1713, -1.8983 2.0997 0.1757, -1.8983 2.3195 0.2814, -1.8983 2.3096 0.3051, -1.8983 2.1328 0.1549, -1.8983 2.294 0.3255, -1.8983 2.2736 0.3411, -1.8983 2.3228 0.2559, -1.8983 2.1456 0.1181, -1.8983 2.1456 0.0591, -1.8983 2.3287 0.2106, -1.8983 2.3357 0.1994, -1.8983 2.1442 0.1313, -1.8983 2.1679 0.0129, -1.8983 2.1791 0.0058, -1.8983 2.345 0.19, -1.8983 2.1916 0.0015, -1.8983 2.3562 0.183, -1.8983 2.2047 0.0, -1.8983 2.3687 0.1786, -1.8983 2.6279 0.0, -1.8983 2.6279 0.1772, -1.8983 2.3819 0.1772, -1.8983 2.1471 0.0459, -1.8983 2.1515 0.0334, -1.8983 2.1585 0.0222, -1.977 2.3096 0.3051, -1.977 2.1328 0.1549, -1.977 2.294 0.3255, -1.977 2.1234 0.1643, -1.977 2.2736 0.3411, -1.977 2.2499 0.351, -1.977 2.1122 0.1713, -1.977 2.1398 0.1437, -1.977 2.3243 0.2231, -1.977 2.1442 0.1313, -1.977 2.3287 0.2106, -1.977 2.3195 0.2814, -1.977 2.3228 0.2559, -1.977 2.3228 0.2362, -1.977 2.345 0.19, -1.977 2.3562 0.183, -1.977 2.2047 0.0, -1.977 2.0997 0.1757, -1.977 2.3357 0.1994, -1.977 2.1456 0.0591, -1.977 2.1456 0.1181, -1.977 2.1916 0.0015, -1.977 2.1791 0.0058, -1.977 2.1679 0.0129, -1.977 2.1585 0.0222, -1.977 2.1515 0.0334, -1.977 2.1471 0.0459, -1.977 2.6279 0.1772, -1.977 2.6279 0.0, -1.977 2.3819 0.1772, -1.977 2.3687 0.1786, -1.8983 -1.9488 0.1772, -1.8983 -2.0866 0.1772, -1.977 -1.9488 0.1772, -1.977 -2.0866 0.1772, -1.977 -1.9488 0.3543, -1.977 -2.2244 0.3543, -1.8983 -1.9488 0.3543, -1.8983 -2.2244 0.3543, -1.8983 -2.3097 0.3051, -1.8983 -2.1328 0.1549, -1.8983 -2.294 0.3255, -1.8983 -2.1235 0.1643, -1.8983 -2.2736 0.3411, -1.8983 -2.2499 0.351, -1.8983 -2.1123 0.1713, -1.8983 -2.1398 0.1437, -1.8983 -2.3243 0.2231, -1.8983 -2.1442 0.1313, -1.8983 -2.3287 0.2106, -1.8983 -2.3451 0.19, -1.8983 -2.3563 0.183, -1.8983 -2.2047 0.0, -1.8983 -2.3195 0.2814, -1.8983 -2.3229 0.2559, -1.8983 -2.3229 0.2362, -1.8983 -2.3357 0.1994, -1.8983 -2.1457 0.0591, -1.8983 -2.1457 0.1181, -1.8983 -2.0998 0.1757, -1.8983 -2.1916 0.0015, -1.8983 -2.1791 0.0058, -1.8983 -2.1679 0.0129, -1.8983 -2.1586 0.0222, -1.8983 -2.1515 0.0334, -1.8983 -2.1472 0.0459, -1.8983 -2.628 0.1772, -1.8983 -2.628 0.0, -1.8983 -2.3819 0.1772, -1.8983 -2.3688 0.1786, -1.977 -2.3243 0.2231, -1.977 -2.3229 0.2362, -1.977 -2.1398 0.1437, -1.977 -2.1235 0.1643, -1.977 -2.2499 0.351, -1.977 -2.1123 0.1713, -1.977 -2.0998 0.1757, -1.977 -2.3195 0.2814, -1.977 -2.3097 0.3051, -1.977 -2.1328 0.1549, -1.977 -2.294 0.3255, -1.977 -2.2736 0.3411, -1.977 -2.3229 0.2559, -1.977 -2.1457 0.1181, -1.977 -2.1457 0.0591, -1.977 -2.3287 0.2106, -1.977 -2.3357 0.1994, -1.977 -2.1442 0.1313, -1.977 -2.1679 0.0129, -1.977 -2.1791 0.0058, -1.977 -2.3451 0.19, -1.977 -2.1916 0.0015, -1.977 -2.3563 0.183, -1.977 -2.2047 0.0, -1.977 -2.3688 0.1786, -1.977 -2.628 0.0, -1.977 -2.628 0.1772, -1.977 -2.3819 0.1772, -1.977 -2.1472 0.0459, -1.977 -2.1515 0.0334, -1.977 -2.1586 0.0222, -2.292 1.9488 0.3543, -2.292 2.2244 0.3543, -2.3707 1.9488 0.3543, -2.3707 2.2244 0.3543, -2.3707 1.9488 0.1772, -2.3707 2.0866 0.1772, -2.292 1.9488 0.1772, -2.292 2.0866 0.1772, -2.292 2.3243 0.2231, -2.292 2.3228 0.2362, -2.292 2.1398 0.1437, -2.292 2.1234 0.1643, -2.292 2.2499 0.351, -2.292 2.1122 0.1713, -2.292 2.0997 0.1757, -2.292 2.3195 0.2814, -2.292 2.3096 0.3051, -2.292 2.1328 0.1549, -2.292 2.294 0.3255, -2.292 2.2736 0.3411, -2.292 2.3228 0.2559, -2.292 2.1456 0.1181, -2.292 2.1456 0.0591, -2.292 2.3287 0.2106, -2.292 2.3357 0.1994, -2.292 2.1442 0.1313, -2.292 2.1679 0.0129, -2.292 2.1791 0.0058, -2.292 2.345 0.19, -2.292 2.1916 0.0015, -2.292 2.3562 0.183, -2.292 2.2047 0.0, -2.292 2.3687 0.1786, -2.292 2.6279 0.0, -2.292 2.6279 0.1772, -2.292 2.3819 0.1772, -2.292 2.1471 0.0459, -2.292 2.1515 0.0334, -2.292 2.1585 0.0222, -2.3707 2.3096 0.3051, -2.3707 2.1328 0.1549, -2.3707 2.294 0.3255, -2.3707 2.1234 0.1643, -2.3707 2.2736 0.3411, -2.3707 2.2499 0.351, -2.3707 2.1122 0.1713, -2.3707 2.1398 0.1437, -2.3707 2.3243 0.2231, -2.3707 2.1442 0.1313, -2.3707 2.3287 0.2106, -2.3707 2.3195 0.2814, -2.3707 2.3228 0.2559, -2.3707 2.3228 0.2362, -2.3707 2.345 0.19, -2.3707 2.3562 0.183, -2.3707 2.2047 0.0, -2.3707 2.0997 0.1757, -2.3707 2.3357 0.1994, -2.3707 2.1456 0.0591, -2.3707 2.1456 0.1181, -2.3707 2.1916 0.0015, -2.3707 2.1791 0.0058, -2.3707 2.1679 0.0129, -2.3707 2.1585 0.0222, -2.3707 2.1515 0.0334, -2.3707 2.1471 0.0459, -2.3707 2.6279 0.1772, -2.3707 2.6279 0.0, -2.3707 2.3819 0.1772, -2.3707 2.3687 0.1786, -2.292 -1.9488 0.1772, -2.292 -2.0866 0.1772, -2.3707 -1.9488 0.1772, -2.3707 -2.0866 0.1772, -2.3707 -1.9488 0.3543, -2.3707 -2.2244 0.3543, -2.292 -1.9488 0.3543, -2.292 -2.2244 0.3543, -2.292 -2.3097 0.3051, -2.292 -2.1328 0.1549, -2.292 -2.294 0.3255, -2.292 -2.1235 0.1643, -2.292 -2.2736 0.3411, -2.292 -2.2499 0.351, -2.292 -2.1123 0.1713, -2.292 -2.1398 0.1437, -2.292 -2.3243 0.2231, -2.292 -2.1442 0.1313, -2.292 -2.3287 0.2106, -2.292 -2.3451 0.19, -2.292 -2.3563 0.183, -2.292 -2.2047 0.0, -2.292 -2.3195 0.2814, -2.292 -2.3229 0.2559, -2.292 -2.3229 0.2362, -2.292 -2.3357 0.1994, -2.292 -2.1457 0.0591, -2.292 -2.1457 0.1181, -2.292 -2.0998 0.1757, -2.292 -2.1916 0.0015, -2.292 -2.1791 0.0058, -2.292 -2.1679 0.0129, -2.292 -2.1586 0.0222, -2.292 -2.1515 0.0334, -2.292 -2.1472 0.0459, -2.292 -2.628 0.1772, -2.292 -2.628 0.0, -2.292 -2.3819 0.1772, -2.292 -2.3688 0.1786, -2.3707 -2.3243 0.2231, -2.3707 -2.3229 0.2362, -2.3707 -2.1398 0.1437, -2.3707 -2.1235 0.1643, -2.3707 -2.2499 0.351, -2.3707 -2.1123 0.1713, -2.3707 -2.0998 0.1757, -2.3707 -2.3195 0.2814, -2.3707 -2.3097 0.3051, -2.3707 -2.1328 0.1549, -2.3707 -2.294 0.3255, -2.3707 -2.2736 0.3411, -2.3707 -2.3229 0.2559, -2.3707 -2.1457 0.1181, -2.3707 -2.1457 0.0591, -2.3707 -2.3287 0.2106, -2.3707 -2.3357 0.1994, -2.3707 -2.1442 0.1313, -2.3707 -2.1679 0.0129, -2.3707 -2.1791 0.0058, -2.3707 -2.3451 0.19, -2.3707 -2.1916 0.0015, -2.3707 -2.3563 0.183, -2.3707 -2.2047 0.0, -2.3707 -2.3688 0.1786, -2.3707 -2.628 0.0, -2.3707 -2.628 0.1772, -2.3707 -2.3819 0.1772, -2.3707 -2.1472 0.0459, -2.3707 -2.1515 0.0334, -2.3707 -2.1586 0.0222, -2.6857 1.9488 0.3543, -2.6857 2.2244 0.3543, -2.7644 1.9488 0.3543, -2.7644 2.2244 0.3543, -2.7644 1.9488 0.1772, -2.7644 2.0866 0.1772, -2.6857 1.9488 0.1772, -2.6857 2.0866 0.1772, -2.6857 2.3243 0.2231, -2.6857 2.3228 0.2362, -2.6857 2.1398 0.1437, -2.6857 2.1234 0.1643, -2.6857 2.2499 0.351, -2.6857 2.1122 0.1713, -2.6857 2.0997 0.1757, -2.6857 2.3195 0.2814, -2.6857 2.3096 0.3051, -2.6857 2.1328 0.1549, -2.6857 2.294 0.3255, -2.6857 2.2736 0.3411, -2.6857 2.3228 0.2559, -2.6857 2.1456 0.1181, -2.6857 2.1456 0.0591, -2.6857 2.3287 0.2106, -2.6857 2.3357 0.1994, -2.6857 2.1442 0.1313, -2.6857 2.1679 0.0129, -2.6857 2.1791 0.0058, -2.6857 2.345 0.19, -2.6857 2.1916 0.0015, -2.6857 2.3562 0.183, -2.6857 2.2047 0.0, -2.6857 2.3687 0.1786, -2.6857 2.6279 0.0, -2.6857 2.6279 0.1772, -2.6857 2.3819 0.1772, -2.6857 2.1471 0.0459, -2.6857 2.1515 0.0334, -2.6857 2.1585 0.0222, -2.7644 2.3096 0.3051, -2.7644 2.1328 0.1549, -2.7644 2.294 0.3255, -2.7644 2.1234 0.1643, -2.7644 2.2736 0.3411, -2.7644 2.2499 0.351, -2.7644 2.1122 0.1713, -2.7644 2.1398 0.1437, -2.7644 2.3243 0.2231, -2.7644 2.1442 0.1313, -2.7644 2.3287 0.2106, -2.7644 2.3195 0.2814, -2.7644 2.3228 0.2559, -2.7644 2.3228 0.2362, -2.7644 2.345 0.19, -2.7644 2.3562 0.183, -2.7644 2.2047 0.0, -2.7644 2.0997 0.1757, -2.7644 2.3357 0.1994, -2.7644 2.1456 0.0591, -2.7644 2.1456 0.1181, -2.7644 2.1916 0.0015, -2.7644 2.1791 0.0058, -2.7644 2.1679 0.0129, -2.7644 2.1585 0.0222, -2.7644 2.1515 0.0334, -2.7644 2.1471 0.0459, -2.7644 2.6279 0.1772, -2.7644 2.6279 0.0, -2.7644 2.3819 0.1772, -2.7644 2.3687 0.1786, -2.6857 -1.9488 0.1772, -2.6857 -2.0866 0.1772, -2.7644 -1.9488 0.1772, -2.7644 -2.0866 0.1772, -2.7644 -1.9488 0.3543, -2.7644 -2.2244 0.3543, -2.6857 -1.9488 0.3543, -2.6857 -2.2244 0.3543, -2.6857 -2.3097 0.3051, -2.6857 -2.1328 0.1549, -2.6857 -2.294 0.3255, -2.6857 -2.1235 0.1643, -2.6857 -2.2736 0.3411, -2.6857 -2.2499 0.351, -2.6857 -2.1123 0.1713, -2.6857 -2.1398 0.1437, -2.6857 -2.3243 0.2231, -2.6857 -2.1442 0.1313, -2.6857 -2.3287 0.2106, -2.6857 -2.3451 0.19, -2.6857 -2.3563 0.183, -2.6857 -2.2047 0.0, -2.6857 -2.3195 0.2814, -2.6857 -2.3229 0.2559, -2.6857 -2.3229 0.2362, -2.6857 -2.3357 0.1994, -2.6857 -2.1457 0.0591, -2.6857 -2.1457 0.1181, -2.6857 -2.0998 0.1757, -2.6857 -2.1916 0.0015, -2.6857 -2.1791 0.0058, -2.6857 -2.1679 0.0129, -2.6857 -2.1586 0.0222, -2.6857 -2.1515 0.0334, -2.6857 -2.1472 0.0459, -2.6857 -2.628 0.1772, -2.6857 -2.628 0.0, -2.6857 -2.3819 0.1772, -2.6857 -2.3688 0.1786, -2.7644 -2.3243 0.2231, -2.7644 -2.3229 0.2362, -2.7644 -2.1398 0.1437, -2.7644 -2.1235 0.1643, -2.7644 -2.2499 0.351, -2.7644 -2.1123 0.1713, -2.7644 -2.0998 0.1757, -2.7644 -2.3195 0.2814, -2.7644 -2.3097 0.3051, -2.7644 -2.1328 0.1549, -2.7644 -2.294 0.3255, -2.7644 -2.2736 0.3411, -2.7644 -2.3229 0.2559, -2.7644 -2.1457 0.1181, -2.7644 -2.1457 0.0591, -2.7644 -2.3287 0.2106, -2.7644 -2.3357 0.1994, -2.7644 -2.1442 0.1313, -2.7644 -2.1679 0.0129, -2.7644 -2.1791 0.0058, -2.7644 -2.3451 0.19, -2.7644 -2.1916 0.0015, -2.7644 -2.3563 0.183, -2.7644 -2.2047 0.0, -2.7644 -2.3688 0.1786, -2.7644 -2.628 0.0, -2.7644 -2.628 0.1772, -2.7644 -2.3819 0.1772, -2.7644 -2.1472 0.0459, -2.7644 -2.1515 0.0334, -2.7644 -2.1586 0.0222, -3.0794 1.9488 0.3543, -3.0794 2.2244 0.3543, -3.1581 1.9488 0.3543, -3.1581 2.2244 0.3543, -3.1581 1.9488 0.1772, -3.1581 2.0866 0.1772, -3.0794 1.9488 0.1772, -3.0794 2.0866 0.1772, -3.0794 2.3243 0.2231, -3.0794 2.3228 0.2362, -3.0794 2.1398 0.1437, -3.0794 2.1234 0.1643, -3.0794 2.2499 0.351, -3.0794 2.1122 0.1713, -3.0794 2.0997 0.1757, -3.0794 2.3195 0.2814, -3.0794 2.3096 0.3051, -3.0794 2.1328 0.1549, -3.0794 2.294 0.3255, -3.0794 2.2736 0.3411, -3.0794 2.3228 0.2559, -3.0794 2.1456 0.1181, -3.0794 2.1456 0.0591, -3.0794 2.3287 0.2106, -3.0794 2.3357 0.1994, -3.0794 2.1442 0.1313, -3.0794 2.1679 0.0129, -3.0794 2.1791 0.0058, -3.0794 2.345 0.19, -3.0794 2.1916 0.0015, -3.0794 2.3562 0.183, -3.0794 2.2047 0.0, -3.0794 2.3687 0.1786, -3.0794 2.6279 0.0, -3.0794 2.6279 0.1772, -3.0794 2.3819 0.1772, -3.0794 2.1471 0.0459, -3.0794 2.1515 0.0334, -3.0794 2.1585 0.0222, -3.1581 2.3096 0.3051, -3.1581 2.1328 0.1549, -3.1581 2.294 0.3255, -3.1581 2.1234 0.1643, -3.1581 2.2736 0.3411, -3.1581 2.2499 0.351, -3.1581 2.1122 0.1713, -3.1581 2.1398 0.1437, -3.1581 2.3243 0.2231, -3.1581 2.1442 0.1313, -3.1581 2.3287 0.2106, -3.1581 2.3195 0.2814, -3.1581 2.3228 0.2559, -3.1581 2.3228 0.2362, -3.1581 2.345 0.19, -3.1581 2.3562 0.183, -3.1581 2.2047 0.0, -3.1581 2.0997 0.1757, -3.1581 2.3357 0.1994, -3.1581 2.1456 0.0591, -3.1581 2.1456 0.1181, -3.1581 2.1916 0.0015, -3.1581 2.1791 0.0058, -3.1581 2.1679 0.0129, -3.1581 2.1585 0.0222, -3.1581 2.1515 0.0334, -3.1581 2.1471 0.0459, -3.1581 2.6279 0.1772, -3.1581 2.6279 0.0, -3.1581 2.3819 0.1772, -3.1581 2.3687 0.1786, -3.0794 -1.9488 0.1772, -3.0794 -2.0866 0.1772, -3.1581 -1.9488 0.1772, -3.1581 -2.0866 0.1772, -3.1581 -1.9488 0.3543, -3.1581 -2.2244 0.3543, -3.0794 -1.9488 0.3543, -3.0794 -2.2244 0.3543, -3.0794 -2.3097 0.3051, -3.0794 -2.1328 0.1549, -3.0794 -2.294 0.3255, -3.0794 -2.1235 0.1643, -3.0794 -2.2736 0.3411, -3.0794 -2.2499 0.351, -3.0794 -2.1123 0.1713, -3.0794 -2.1398 0.1437, -3.0794 -2.3243 0.2231, -3.0794 -2.1442 0.1313, -3.0794 -2.3287 0.2106, -3.0794 -2.3451 0.19, -3.0794 -2.3563 0.183, -3.0794 -2.2047 0.0, -3.0794 -2.3195 0.2814, -3.0794 -2.3229 0.2559, -3.0794 -2.3229 0.2362, -3.0794 -2.3357 0.1994, -3.0794 -2.1457 0.0591, -3.0794 -2.1457 0.1181, -3.0794 -2.0998 0.1757, -3.0794 -2.1916 0.0015, -3.0794 -2.1791 0.0058, -3.0794 -2.1679 0.0129, -3.0794 -2.1586 0.0222, -3.0794 -2.1515 0.0334, -3.0794 -2.1472 0.0459, -3.0794 -2.628 0.1772, -3.0794 -2.628 0.0, -3.0794 -2.3819 0.1772, -3.0794 -2.3688 0.1786, -3.1581 -2.3243 0.2231, -3.1581 -2.3229 0.2362, -3.1581 -2.1398 0.1437, -3.1581 -2.1235 0.1643, -3.1581 -2.2499 0.351, -3.1581 -2.1123 0.1713, -3.1581 -2.0998 0.1757, -3.1581 -2.3195 0.2814, -3.1581 -2.3097 0.3051, -3.1581 -2.1328 0.1549, -3.1581 -2.294 0.3255, -3.1581 -2.2736 0.3411, -3.1581 -2.3229 0.2559, -3.1581 -2.1457 0.1181, -3.1581 -2.1457 0.0591, -3.1581 -2.3287 0.2106, -3.1581 -2.3357 0.1994, -3.1581 -2.1442 0.1313, -3.1581 -2.1679 0.0129, -3.1581 -2.1791 0.0058, -3.1581 -2.3451 0.19, -3.1581 -2.1916 0.0015, -3.1581 -2.3563 0.183, -3.1581 -2.2047 0.0, -3.1581 -2.3688 0.1786, -3.1581 -2.628 0.0, -3.1581 -2.628 0.1772, -3.1581 -2.3819 0.1772, -3.1581 -2.1472 0.0459, -3.1581 -2.1515 0.0334, -3.1581 -2.1586 0.0222, -3.4731 1.9488 0.3543, -3.4731 2.2244 0.3543, -3.5518 1.9488 0.3543, -3.5518 2.2244 0.3543, -3.5518 1.9488 0.1772, -3.5518 2.0866 0.1772, -3.4731 1.9488 0.1772, -3.4731 2.0866 0.1772, -3.4731 2.3243 0.2231, -3.4731 2.3228 0.2362, -3.4731 2.1398 0.1437, -3.4731 2.1234 0.1643, -3.4731 2.2499 0.351, -3.4731 2.1122 0.1713, -3.4731 2.0997 0.1757, -3.4731 2.3195 0.2814, -3.4731 2.3096 0.3051, -3.4731 2.1328 0.1549, -3.4731 2.294 0.3255, -3.4731 2.2736 0.3411, -3.4731 2.3228 0.2559, -3.4731 2.1456 0.1181, -3.4731 2.1456 0.0591, -3.4731 2.3287 0.2106, -3.4731 2.3357 0.1994, -3.4731 2.1442 0.1313, -3.4731 2.1679 0.0129, -3.4731 2.1791 0.0058, -3.4731 2.345 0.19, -3.4731 2.1916 0.0015, -3.4731 2.3562 0.183, -3.4731 2.2047 0.0, -3.4731 2.3687 0.1786, -3.4731 2.6279 0.0, -3.4731 2.6279 0.1772, -3.4731 2.3819 0.1772, -3.4731 2.1471 0.0459, -3.4731 2.1515 0.0334, -3.4731 2.1585 0.0222, -3.5518 2.3096 0.3051, -3.5518 2.1328 0.1549, -3.5518 2.294 0.3255, -3.5518 2.1234 0.1643, -3.5518 2.2736 0.3411, -3.5518 2.2499 0.351, -3.5518 2.1122 0.1713, -3.5518 2.1398 0.1437, -3.5518 2.3243 0.2231, -3.5518 2.1442 0.1313, -3.5518 2.3287 0.2106, -3.5518 2.3195 0.2814, -3.5518 2.3228 0.2559, -3.5518 2.3228 0.2362, -3.5518 2.345 0.19, -3.5518 2.3562 0.183, -3.5518 2.2047 0.0, -3.5518 2.0997 0.1757, -3.5518 2.3357 0.1994, -3.5518 2.1456 0.0591, -3.5518 2.1456 0.1181, -3.5518 2.1916 0.0015, -3.5518 2.1791 0.0058, -3.5518 2.1679 0.0129, -3.5518 2.1585 0.0222, -3.5518 2.1515 0.0334, -3.5518 2.1471 0.0459, -3.5518 2.6279 0.1772, -3.5518 2.6279 0.0, -3.5518 2.3819 0.1772, -3.5518 2.3687 0.1786, -3.4731 -1.9488 0.1772, -3.4731 -2.0866 0.1772, -3.5518 -1.9488 0.1772, -3.5518 -2.0866 0.1772, -3.5518 -1.9488 0.3543, -3.5518 -2.2244 0.3543, -3.4731 -1.9488 0.3543, -3.4731 -2.2244 0.3543, -3.4731 -2.3097 0.3051, -3.4731 -2.1328 0.1549, -3.4731 -2.294 0.3255, -3.4731 -2.1235 0.1643, -3.4731 -2.2736 0.3411, -3.4731 -2.2499 0.351, -3.4731 -2.1123 0.1713, -3.4731 -2.1398 0.1437, -3.4731 -2.3243 0.2231, -3.4731 -2.1442 0.1313, -3.4731 -2.3287 0.2106, -3.4731 -2.3451 0.19, -3.4731 -2.3563 0.183, -3.4731 -2.2047 0.0, -3.4731 -2.3195 0.2814, -3.4731 -2.3229 0.2559, -3.4731 -2.3229 0.2362, -3.4731 -2.3357 0.1994, -3.4731 -2.1457 0.0591, -3.4731 -2.1457 0.1181, -3.4731 -2.0998 0.1757, -3.4731 -2.1916 0.0015, -3.4731 -2.1791 0.0058, -3.4731 -2.1679 0.0129, -3.4731 -2.1586 0.0222, -3.4731 -2.1515 0.0334, -3.4731 -2.1472 0.0459, -3.4731 -2.628 0.1772, -3.4731 -2.628 0.0, -3.4731 -2.3819 0.1772, -3.4731 -2.3688 0.1786, -3.5518 -2.3243 0.2231, -3.5518 -2.3229 0.2362, -3.5518 -2.1398 0.1437, -3.5518 -2.1235 0.1643, -3.5518 -2.2499 0.351, -3.5518 -2.1123 0.1713, -3.5518 -2.0998 0.1757, -3.5518 -2.3195 0.2814, -3.5518 -2.3097 0.3051, -3.5518 -2.1328 0.1549, -3.5518 -2.294 0.3255, -3.5518 -2.2736 0.3411, -3.5518 -2.3229 0.2559, -3.5518 -2.1457 0.1181, -3.5518 -2.1457 0.0591, -3.5518 -2.3287 0.2106, -3.5518 -2.3357 0.1994, -3.5518 -2.1442 0.1313, -3.5518 -2.1679 0.0129, -3.5518 -2.1791 0.0058, -3.5518 -2.3451 0.19, -3.5518 -2.1916 0.0015, -3.5518 -2.3563 0.183, -3.5518 -2.2047 0.0, -3.5518 -2.3688 0.1786, -3.5518 -2.628 0.0, -3.5518 -2.628 0.1772, -3.5518 -2.3819 0.1772, -3.5518 -2.1472 0.0459, -3.5518 -2.1515 0.0334, -3.5518 -2.1586 0.0222, -3.8668 1.9488 0.3543, -3.8668 2.2244 0.3543, -3.9455 1.9488 0.3543, -3.9455 2.2244 0.3543, -3.9455 1.9488 0.1772, -3.9455 2.0866 0.1772, -3.8668 1.9488 0.1772, -3.8668 2.0866 0.1772, -3.8668 2.3243 0.2231, -3.8668 2.3228 0.2362, -3.8668 2.1398 0.1437, -3.8668 2.1234 0.1643, -3.8668 2.2499 0.351, -3.8668 2.1122 0.1713, -3.8668 2.0997 0.1757, -3.8668 2.3195 0.2814, -3.8668 2.3096 0.3051, -3.8668 2.1328 0.1549, -3.8668 2.294 0.3255, -3.8668 2.2736 0.3411, -3.8668 2.3228 0.2559, -3.8668 2.1456 0.1181, -3.8668 2.1456 0.0591, -3.8668 2.3287 0.2106, -3.8668 2.3357 0.1994, -3.8668 2.1442 0.1313, -3.8668 2.1679 0.0129, -3.8668 2.1791 0.0058, -3.8668 2.345 0.19, -3.8668 2.1916 0.0015, -3.8668 2.3562 0.183, -3.8668 2.2047 0.0, -3.8668 2.3687 0.1786, -3.8668 2.6279 0.0, -3.8668 2.6279 0.1772, -3.8668 2.3819 0.1772, -3.8668 2.1471 0.0459, -3.8668 2.1515 0.0334, -3.8668 2.1585 0.0222, -3.9455 2.3096 0.3051, -3.9455 2.1328 0.1549, -3.9455 2.294 0.3255, -3.9455 2.1234 0.1643, -3.9455 2.2736 0.3411, -3.9455 2.2499 0.351, -3.9455 2.1122 0.1713, -3.9455 2.1398 0.1437, -3.9455 2.3243 0.2231, -3.9455 2.1442 0.1313, -3.9455 2.3287 0.2106, -3.9455 2.3195 0.2814, -3.9455 2.3228 0.2559, -3.9455 2.3228 0.2362, -3.9455 2.345 0.19, -3.9455 2.3562 0.183, -3.9455 2.2047 0.0, -3.9455 2.0997 0.1757, -3.9455 2.3357 0.1994, -3.9455 2.1456 0.0591, -3.9455 2.1456 0.1181, -3.9455 2.1916 0.0015, -3.9455 2.1791 0.0058, -3.9455 2.1679 0.0129, -3.9455 2.1585 0.0222, -3.9455 2.1515 0.0334, -3.9455 2.1471 0.0459, -3.9455 2.6279 0.1772, -3.9455 2.6279 0.0, -3.9455 2.3819 0.1772, -3.9455 2.3687 0.1786, -3.8668 -1.9488 0.1772, -3.8668 -2.0866 0.1772, -3.9455 -1.9488 0.1772, -3.9455 -2.0866 0.1772, -3.9455 -1.9488 0.3543, -3.9455 -2.2244 0.3543, -3.8668 -1.9488 0.3543, -3.8668 -2.2244 0.3543, -3.8668 -2.3097 0.3051, -3.8668 -2.1328 0.1549, -3.8668 -2.294 0.3255, -3.8668 -2.1235 0.1643, -3.8668 -2.2736 0.3411, -3.8668 -2.2499 0.351, -3.8668 -2.1123 0.1713, -3.8668 -2.1398 0.1437, -3.8668 -2.3243 0.2231, -3.8668 -2.1442 0.1313, -3.8668 -2.3287 0.2106, -3.8668 -2.3451 0.19, -3.8668 -2.3563 0.183, -3.8668 -2.2047 0.0, -3.8668 -2.3195 0.2814, -3.8668 -2.3229 0.2559, -3.8668 -2.3229 0.2362, -3.8668 -2.3357 0.1994, -3.8668 -2.1457 0.0591, -3.8668 -2.1457 0.1181, -3.8668 -2.0998 0.1757, -3.8668 -2.1916 0.0015, -3.8668 -2.1791 0.0058, -3.8668 -2.1679 0.0129, -3.8668 -2.1586 0.0222, -3.8668 -2.1515 0.0334, -3.8668 -2.1472 0.0459, -3.8668 -2.628 0.1772, -3.8668 -2.628 0.0, -3.8668 -2.3819 0.1772, -3.8668 -2.3688 0.1786, -3.9455 -2.3243 0.2231, -3.9455 -2.3229 0.2362, -3.9455 -2.1398 0.1437, -3.9455 -2.1235 0.1643, -3.9455 -2.2499 0.351, -3.9455 -2.1123 0.1713, -3.9455 -2.0998 0.1757, -3.9455 -2.3195 0.2814, -3.9455 -2.3097 0.3051, -3.9455 -2.1328 0.1549, -3.9455 -2.294 0.3255, -3.9455 -2.2736 0.3411, -3.9455 -2.3229 0.2559, -3.9455 -2.1457 0.1181, -3.9455 -2.1457 0.0591, -3.9455 -2.3287 0.2106, -3.9455 -2.3357 0.1994, -3.9455 -2.1442 0.1313, -3.9455 -2.1679 0.0129, -3.9455 -2.1791 0.0058, -3.9455 -2.3451 0.19, -3.9455 -2.1916 0.0015, -3.9455 -2.3563 0.183, -3.9455 -2.2047 0.0, -3.9455 -2.3688 0.1786, -3.9455 -2.628 0.0, -3.9455 -2.628 0.1772, -3.9455 -2.3819 0.1772, -3.9455 -2.1472 0.0459, -3.9455 -2.1515 0.0334, -3.9455 -2.1586 0.0222, -4.2605 1.9488 0.3543, -4.2605 2.2244 0.3543, -4.3392 1.9488 0.3543, -4.3392 2.2244 0.3543, -4.3392 1.9488 0.1772, -4.3392 2.0866 0.1772, -4.2605 1.9488 0.1772, -4.2605 2.0866 0.1772, -4.2605 2.3243 0.2231, -4.2605 2.3228 0.2362, -4.2605 2.1398 0.1437, -4.2605 2.1234 0.1643, -4.2605 2.2499 0.351, -4.2605 2.1122 0.1713, -4.2605 2.0997 0.1757, -4.2605 2.3195 0.2814, -4.2605 2.3096 0.3051, -4.2605 2.1328 0.1549, -4.2605 2.294 0.3255, -4.2605 2.2736 0.3411, -4.2605 2.3228 0.2559, -4.2605 2.1456 0.1181, -4.2605 2.1456 0.0591, -4.2605 2.3287 0.2106, -4.2605 2.3357 0.1994, -4.2605 2.1442 0.1313, -4.2605 2.1679 0.0129, -4.2605 2.1791 0.0058, -4.2605 2.345 0.19, -4.2605 2.1916 0.0015, -4.2605 2.3562 0.183, -4.2605 2.2047 0.0, -4.2605 2.3687 0.1786, -4.2605 2.6279 0.0, -4.2605 2.6279 0.1772, -4.2605 2.3819 0.1772, -4.2605 2.1471 0.0459, -4.2605 2.1515 0.0334, -4.2605 2.1585 0.0222, -4.3392 2.3096 0.3051, -4.3392 2.1328 0.1549, -4.3392 2.294 0.3255, -4.3392 2.1234 0.1643, -4.3392 2.2736 0.3411, -4.3392 2.2499 0.351, -4.3392 2.1122 0.1713, -4.3392 2.1398 0.1437, -4.3392 2.3243 0.2231, -4.3392 2.1442 0.1313, -4.3392 2.3287 0.2106, -4.3392 2.3195 0.2814, -4.3392 2.3228 0.2559, -4.3392 2.3228 0.2362, -4.3392 2.345 0.19, -4.3392 2.3562 0.183, -4.3392 2.2047 0.0, -4.3392 2.0997 0.1757, -4.3392 2.3357 0.1994, -4.3392 2.1456 0.0591, -4.3392 2.1456 0.1181, -4.3392 2.1916 0.0015, -4.3392 2.1791 0.0058, -4.3392 2.1679 0.0129, -4.3392 2.1585 0.0222, -4.3392 2.1515 0.0334, -4.3392 2.1471 0.0459, -4.3392 2.6279 0.1772, -4.3392 2.6279 0.0, -4.3392 2.3819 0.1772, -4.3392 2.3687 0.1786, -4.2605 -1.9488 0.1772, -4.2605 -2.0866 0.1772, -4.3392 -1.9488 0.1772, -4.3392 -2.0866 0.1772, -4.3392 -1.9488 0.3543, -4.3392 -2.2244 0.3543, -4.2605 -1.9488 0.3543, -4.2605 -2.2244 0.3543, -4.2605 -2.3097 0.3051, -4.2605 -2.1328 0.1549, -4.2605 -2.294 0.3255, -4.2605 -2.1235 0.1643, -4.2605 -2.2736 0.3411, -4.2605 -2.2499 0.351, -4.2605 -2.1123 0.1713, -4.2605 -2.1398 0.1437, -4.2605 -2.3243 0.2231, -4.2605 -2.1442 0.1313, -4.2605 -2.3287 0.2106, -4.2605 -2.3451 0.19, -4.2605 -2.3563 0.183, -4.2605 -2.2047 0.0, -4.2605 -2.3195 0.2814, -4.2605 -2.3229 0.2559, -4.2605 -2.3229 0.2362, -4.2605 -2.3357 0.1994, -4.2605 -2.1457 0.0591, -4.2605 -2.1457 0.1181, -4.2605 -2.0998 0.1757, -4.2605 -2.1916 0.0015, -4.2605 -2.1791 0.0058, -4.2605 -2.1679 0.0129, -4.2605 -2.1586 0.0222, -4.2605 -2.1515 0.0334, -4.2605 -2.1472 0.0459, -4.2605 -2.628 0.1772, -4.2605 -2.628 0.0, -4.2605 -2.3819 0.1772, -4.2605 -2.3688 0.1786, -4.3392 -2.3243 0.2231, -4.3392 -2.3229 0.2362, -4.3392 -2.1398 0.1437, -4.3392 -2.1235 0.1643, -4.3392 -2.2499 0.351, -4.3392 -2.1123 0.1713, -4.3392 -2.0998 0.1757, -4.3392 -2.3195 0.2814, -4.3392 -2.3097 0.3051, -4.3392 -2.1328 0.1549, -4.3392 -2.294 0.3255, -4.3392 -2.2736 0.3411, -4.3392 -2.3229 0.2559, -4.3392 -2.1457 0.1181, -4.3392 -2.1457 0.0591, -4.3392 -2.3287 0.2106, -4.3392 -2.3357 0.1994, -4.3392 -2.1442 0.1313, -4.3392 -2.1679 0.0129, -4.3392 -2.1791 0.0058, -4.3392 -2.3451 0.19, -4.3392 -2.1916 0.0015, -4.3392 -2.3563 0.183, -4.3392 -2.2047 0.0, -4.3392 -2.3688 0.1786, -4.3392 -2.628 0.0, -4.3392 -2.628 0.1772, -4.3392 -2.3819 0.1772, -4.3392 -2.1472 0.0459, -4.3392 -2.1515 0.0334, -4.3392 -2.1586 0.0222, -4.6542 1.9488 0.3543, -4.6542 2.2244 0.3543, -4.7329 1.9488 0.3543, -4.7329 2.2244 0.3543, -4.7329 1.9488 0.1772, -4.7329 2.0866 0.1772, -4.6542 1.9488 0.1772, -4.6542 2.0866 0.1772, -4.6542 2.3243 0.2231, -4.6542 2.3228 0.2362, -4.6542 2.1398 0.1437, -4.6542 2.1234 0.1643, -4.6542 2.2499 0.351, -4.6542 2.1122 0.1713, -4.6542 2.0997 0.1757, -4.6542 2.3195 0.2814, -4.6542 2.3096 0.3051, -4.6542 2.1328 0.1549, -4.6542 2.294 0.3255, -4.6542 2.2736 0.3411, -4.6542 2.3228 0.2559, -4.6542 2.1456 0.1181, -4.6542 2.1456 0.0591, -4.6542 2.3287 0.2106, -4.6542 2.3357 0.1994, -4.6542 2.1442 0.1313, -4.6542 2.1679 0.0129, -4.6542 2.1791 0.0058, -4.6542 2.345 0.19, -4.6542 2.1916 0.0015, -4.6542 2.3562 0.183, -4.6542 2.2047 0.0, -4.6542 2.3687 0.1786, -4.6542 2.6279 0.0, -4.6542 2.6279 0.1772, -4.6542 2.3819 0.1772, -4.6542 2.1471 0.0459, -4.6542 2.1515 0.0334, -4.6542 2.1585 0.0222, -4.7329 2.3096 0.3051, -4.7329 2.1328 0.1549, -4.7329 2.294 0.3255, -4.7329 2.1234 0.1643, -4.7329 2.2736 0.3411, -4.7329 2.2499 0.351, -4.7329 2.1122 0.1713, -4.7329 2.1398 0.1437, -4.7329 2.3243 0.2231, -4.7329 2.1442 0.1313, -4.7329 2.3287 0.2106, -4.7329 2.3195 0.2814, -4.7329 2.3228 0.2559, -4.7329 2.3228 0.2362, -4.7329 2.345 0.19, -4.7329 2.3562 0.183, -4.7329 2.2047 0.0, -4.7329 2.0997 0.1757, -4.7329 2.3357 0.1994, -4.7329 2.1456 0.0591, -4.7329 2.1456 0.1181, -4.7329 2.1916 0.0015, -4.7329 2.1791 0.0058, -4.7329 2.1679 0.0129, -4.7329 2.1585 0.0222, -4.7329 2.1515 0.0334, -4.7329 2.1471 0.0459, -4.7329 2.6279 0.1772, -4.7329 2.6279 0.0, -4.7329 2.3819 0.1772, -4.7329 2.3687 0.1786, -4.6542 -1.9488 0.1772, -4.6542 -2.0866 0.1772, -4.7329 -1.9488 0.1772, -4.7329 -2.0866 0.1772, -4.7329 -1.9488 0.3543, -4.7329 -2.2244 0.3543, -4.6542 -1.9488 0.3543, -4.6542 -2.2244 0.3543, -4.6542 -2.3097 0.3051, -4.6542 -2.1328 0.1549, -4.6542 -2.294 0.3255, -4.6542 -2.1235 0.1643, -4.6542 -2.2736 0.3411, -4.6542 -2.2499 0.351, -4.6542 -2.1123 0.1713, -4.6542 -2.1398 0.1437, -4.6542 -2.3243 0.2231, -4.6542 -2.1442 0.1313, -4.6542 -2.3287 0.2106, -4.6542 -2.3451 0.19, -4.6542 -2.3563 0.183, -4.6542 -2.2047 0.0, -4.6542 -2.3195 0.2814, -4.6542 -2.3229 0.2559, -4.6542 -2.3229 0.2362, -4.6542 -2.3357 0.1994, -4.6542 -2.1457 0.0591, -4.6542 -2.1457 0.1181, -4.6542 -2.0998 0.1757, -4.6542 -2.1916 0.0015, -4.6542 -2.1791 0.0058, -4.6542 -2.1679 0.0129, -4.6542 -2.1586 0.0222, -4.6542 -2.1515 0.0334, -4.6542 -2.1472 0.0459, -4.6542 -2.628 0.1772, -4.6542 -2.628 0.0, -4.6542 -2.3819 0.1772, -4.6542 -2.3688 0.1786, -4.7329 -2.3243 0.2231, -4.7329 -2.3229 0.2362, -4.7329 -2.1398 0.1437, -4.7329 -2.1235 0.1643, -4.7329 -2.2499 0.351, -4.7329 -2.1123 0.1713, -4.7329 -2.0998 0.1757, -4.7329 -2.3195 0.2814, -4.7329 -2.3097 0.3051, -4.7329 -2.1328 0.1549, -4.7329 -2.294 0.3255, -4.7329 -2.2736 0.3411, -4.7329 -2.3229 0.2559, -4.7329 -2.1457 0.1181, -4.7329 -2.1457 0.0591, -4.7329 -2.3287 0.2106, -4.7329 -2.3357 0.1994, -4.7329 -2.1442 0.1313, -4.7329 -2.1679 0.0129, -4.7329 -2.1791 0.0058, -4.7329 -2.3451 0.19, -4.7329 -2.1916 0.0015, -4.7329 -2.3563 0.183, -4.7329 -2.2047 0.0, -4.7329 -2.3688 0.1786, -4.7329 -2.628 0.0, -4.7329 -2.628 0.1772, -4.7329 -2.3819 0.1772, -4.7329 -2.1472 0.0459, -4.7329 -2.1515 0.0334, -4.7329 -2.1586 0.0222, -5.0479 1.9488 0.3543, -5.0479 2.2244 0.3543, -5.1266 1.9488 0.3543, -5.1266 2.2244 0.3543, -5.1266 1.9488 0.1772, -5.1266 2.0866 0.1772, -5.0479 1.9488 0.1772, -5.0479 2.0866 0.1772, -5.0479 2.3243 0.2231, -5.0479 2.3228 0.2362, -5.0479 2.1398 0.1437, -5.0479 2.1234 0.1643, -5.0479 2.2499 0.351, -5.0479 2.1122 0.1713, -5.0479 2.0997 0.1757, -5.0479 2.3195 0.2814, -5.0479 2.3096 0.3051, -5.0479 2.1328 0.1549, -5.0479 2.294 0.3255, -5.0479 2.2736 0.3411, -5.0479 2.3228 0.2559, -5.0479 2.1456 0.1181, -5.0479 2.1456 0.0591, -5.0479 2.3287 0.2106, -5.0479 2.3357 0.1994, -5.0479 2.1442 0.1313, -5.0479 2.1679 0.0129, -5.0479 2.1791 0.0058, -5.0479 2.345 0.19, -5.0479 2.1916 0.0015, -5.0479 2.3562 0.183, -5.0479 2.2047 0.0, -5.0479 2.3687 0.1786, -5.0479 2.6279 0.0, -5.0479 2.6279 0.1772, -5.0479 2.3819 0.1772, -5.0479 2.1471 0.0459, -5.0479 2.1515 0.0334, -5.0479 2.1585 0.0222, -5.1266 2.3096 0.3051, -5.1266 2.1328 0.1549, -5.1266 2.294 0.3255, -5.1266 2.1234 0.1643, -5.1266 2.2736 0.3411, -5.1266 2.2499 0.351, -5.1266 2.1122 0.1713, -5.1266 2.1398 0.1437, -5.1266 2.3243 0.2231, -5.1266 2.1442 0.1313, -5.1266 2.3287 0.2106, -5.1266 2.3195 0.2814, -5.1266 2.3228 0.2559, -5.1266 2.3228 0.2362, -5.1266 2.345 0.19, -5.1266 2.3562 0.183, -5.1266 2.2047 0.0, -5.1266 2.0997 0.1757, -5.1266 2.3357 0.1994, -5.1266 2.1456 0.0591, -5.1266 2.1456 0.1181, -5.1266 2.1916 0.0015, -5.1266 2.1791 0.0058, -5.1266 2.1679 0.0129, -5.1266 2.1585 0.0222, -5.1266 2.1515 0.0334, -5.1266 2.1471 0.0459, -5.1266 2.6279 0.1772, -5.1266 2.6279 0.0, -5.1266 2.3819 0.1772, -5.1266 2.3687 0.1786, -5.0479 -1.9488 0.1772, -5.0479 -2.0866 0.1772, -5.1266 -1.9488 0.1772, -5.1266 -2.0866 0.1772, -5.1266 -1.9488 0.3543, -5.1266 -2.2244 0.3543, -5.0479 -1.9488 0.3543, -5.0479 -2.2244 0.3543, -5.0479 -2.3097 0.3051, -5.0479 -2.1328 0.1549, -5.0479 -2.294 0.3255, -5.0479 -2.1235 0.1643, -5.0479 -2.2736 0.3411, -5.0479 -2.2499 0.351, -5.0479 -2.1123 0.1713, -5.0479 -2.1398 0.1437, -5.0479 -2.3243 0.2231, -5.0479 -2.1442 0.1313, -5.0479 -2.3287 0.2106, -5.0479 -2.3451 0.19, -5.0479 -2.3563 0.183, -5.0479 -2.2047 0.0, -5.0479 -2.3195 0.2814, -5.0479 -2.3229 0.2559, -5.0479 -2.3229 0.2362, -5.0479 -2.3357 0.1994, -5.0479 -2.1457 0.0591, -5.0479 -2.1457 0.1181, -5.0479 -2.0998 0.1757, -5.0479 -2.1916 0.0015, -5.0479 -2.1791 0.0058, -5.0479 -2.1679 0.0129, -5.0479 -2.1586 0.0222, -5.0479 -2.1515 0.0334, -5.0479 -2.1472 0.0459, -5.0479 -2.628 0.1772, -5.0479 -2.628 0.0, -5.0479 -2.3819 0.1772, -5.0479 -2.3688 0.1786, -5.1266 -2.3243 0.2231, -5.1266 -2.3229 0.2362, -5.1266 -2.1398 0.1437, -5.1266 -2.1235 0.1643, -5.1266 -2.2499 0.351, -5.1266 -2.1123 0.1713, -5.1266 -2.0998 0.1757, -5.1266 -2.3195 0.2814, -5.1266 -2.3097 0.3051, -5.1266 -2.1328 0.1549, -5.1266 -2.294 0.3255, -5.1266 -2.2736 0.3411, -5.1266 -2.3229 0.2559, -5.1266 -2.1457 0.1181, -5.1266 -2.1457 0.0591, -5.1266 -2.3287 0.2106, -5.1266 -2.3357 0.1994, -5.1266 -2.1442 0.1313, -5.1266 -2.1679 0.0129, -5.1266 -2.1791 0.0058, -5.1266 -2.3451 0.19, -5.1266 -2.1916 0.0015, -5.1266 -2.3563 0.183, -5.1266 -2.2047 0.0, -5.1266 -2.3688 0.1786, -5.1266 -2.628 0.0, -5.1266 -2.628 0.1772, -5.1266 -2.3819 0.1772, -5.1266 -2.1472 0.0459, -5.1266 -2.1515 0.0334, -5.1266 -2.1586 0.0222, -5.4416 1.9488 0.3543, -5.4416 2.2244 0.3543, -5.5203 1.9488 0.3543, -5.5203 2.2244 0.3543, -5.5203 1.9488 0.1772, -5.5203 2.0866 0.1772, -5.4416 1.9488 0.1772, -5.4416 2.0866 0.1772, -5.4416 2.3243 0.2231, -5.4416 2.3228 0.2362, -5.4416 2.1398 0.1437, -5.4416 2.1234 0.1643, -5.4416 2.2499 0.351, -5.4416 2.1122 0.1713, -5.4416 2.0997 0.1757, -5.4416 2.3195 0.2814, -5.4416 2.3096 0.3051, -5.4416 2.1328 0.1549, -5.4416 2.294 0.3255, -5.4416 2.2736 0.3411, -5.4416 2.3228 0.2559, -5.4416 2.1456 0.1181, -5.4416 2.1456 0.0591, -5.4416 2.3287 0.2106, -5.4416 2.3357 0.1994, -5.4416 2.1442 0.1313, -5.4416 2.1679 0.0129, -5.4416 2.1791 0.0058, -5.4416 2.345 0.19, -5.4416 2.1916 0.0015, -5.4416 2.3562 0.183, -5.4416 2.2047 0.0, -5.4416 2.3687 0.1786, -5.4416 2.6279 0.0, -5.4416 2.6279 0.1772, -5.4416 2.3819 0.1772, -5.4416 2.1471 0.0459, -5.4416 2.1515 0.0334, -5.4416 2.1585 0.0222, -5.5203 2.3096 0.3051, -5.5203 2.1328 0.1549, -5.5203 2.294 0.3255, -5.5203 2.1234 0.1643, -5.5203 2.2736 0.3411, -5.5203 2.2499 0.351, -5.5203 2.1122 0.1713, -5.5203 2.1398 0.1437, -5.5203 2.3243 0.2231, -5.5203 2.1442 0.1313, -5.5203 2.3287 0.2106, -5.5203 2.3195 0.2814, -5.5203 2.3228 0.2559, -5.5203 2.3228 0.2362, -5.5203 2.345 0.19, -5.5203 2.3562 0.183, -5.5203 2.2047 0.0, -5.5203 2.0997 0.1757, -5.5203 2.3357 0.1994, -5.5203 2.1456 0.0591, -5.5203 2.1456 0.1181, -5.5203 2.1916 0.0015, -5.5203 2.1791 0.0058, -5.5203 2.1679 0.0129, -5.5203 2.1585 0.0222, -5.5203 2.1515 0.0334, -5.5203 2.1471 0.0459, -5.5203 2.6279 0.1772, -5.5203 2.6279 0.0, -5.5203 2.3819 0.1772, -5.5203 2.3687 0.1786, -5.4416 -1.9488 0.1772, -5.4416 -2.0866 0.1772, -5.5203 -1.9488 0.1772, -5.5203 -2.0866 0.1772, -5.5203 -1.9488 0.3543, -5.5203 -2.2244 0.3543, -5.4416 -1.9488 0.3543, -5.4416 -2.2244 0.3543, -5.4416 -2.3097 0.3051, -5.4416 -2.1328 0.1549, -5.4416 -2.294 0.3255, -5.4416 -2.1235 0.1643, -5.4416 -2.2736 0.3411, -5.4416 -2.2499 0.351, -5.4416 -2.1123 0.1713, -5.4416 -2.1398 0.1437, -5.4416 -2.3243 0.2231, -5.4416 -2.1442 0.1313, -5.4416 -2.3287 0.2106, -5.4416 -2.3451 0.19, -5.4416 -2.3563 0.183, -5.4416 -2.2047 0.0, -5.4416 -2.3195 0.2814, -5.4416 -2.3229 0.2559, -5.4416 -2.3229 0.2362, -5.4416 -2.3357 0.1994, -5.4416 -2.1457 0.0591, -5.4416 -2.1457 0.1181, -5.4416 -2.0998 0.1757, -5.4416 -2.1916 0.0015, -5.4416 -2.1791 0.0058, -5.4416 -2.1679 0.0129, -5.4416 -2.1586 0.0222, -5.4416 -2.1515 0.0334, -5.4416 -2.1472 0.0459, -5.4416 -2.628 0.1772, -5.4416 -2.628 0.0, -5.4416 -2.3819 0.1772, -5.4416 -2.3688 0.1786, -5.5203 -2.3243 0.2231, -5.5203 -2.3229 0.2362, -5.5203 -2.1398 0.1437, -5.5203 -2.1235 0.1643, -5.5203 -2.2499 0.351, -5.5203 -2.1123 0.1713, -5.5203 -2.0998 0.1757, -5.5203 -2.3195 0.2814, -5.5203 -2.3097 0.3051, -5.5203 -2.1328 0.1549, -5.5203 -2.294 0.3255, -5.5203 -2.2736 0.3411, -5.5203 -2.3229 0.2559, -5.5203 -2.1457 0.1181, -5.5203 -2.1457 0.0591, -5.5203 -2.3287 0.2106, -5.5203 -2.3357 0.1994, -5.5203 -2.1442 0.1313, -5.5203 -2.1679 0.0129, -5.5203 -2.1791 0.0058, -5.5203 -2.3451 0.19, -5.5203 -2.1916 0.0015, -5.5203 -2.3563 0.183, -5.5203 -2.2047 0.0, -5.5203 -2.3688 0.1786, -5.5203 -2.628 0.0, -5.5203 -2.628 0.1772, -5.5203 -2.3819 0.1772, -5.5203 -2.1472 0.0459, -5.5203 -2.1515 0.0334, -5.5203 -2.1586 0.0222, -5.8353 1.9488 0.3543, -5.8353 2.2244 0.3543, -5.914 1.9488 0.3543, -5.914 2.2244 0.3543, -5.914 1.9488 0.1772, -5.914 2.0866 0.1772, -5.8353 1.9488 0.1772, -5.8353 2.0866 0.1772, -5.8353 2.3243 0.2231, -5.8353 2.3228 0.2362, -5.8353 2.1398 0.1437, -5.8353 2.1234 0.1643, -5.8353 2.2499 0.351, -5.8353 2.1122 0.1713, -5.8353 2.0997 0.1757, -5.8353 2.3195 0.2814, -5.8353 2.3096 0.3051, -5.8353 2.1328 0.1549, -5.8353 2.294 0.3255, -5.8353 2.2736 0.3411, -5.8353 2.3228 0.2559, -5.8353 2.1456 0.1181, -5.8353 2.1456 0.0591, -5.8353 2.3287 0.2106, -5.8353 2.3357 0.1994, -5.8353 2.1442 0.1313, -5.8353 2.1679 0.0129, -5.8353 2.1791 0.0058, -5.8353 2.345 0.19, -5.8353 2.1916 0.0015, -5.8353 2.3562 0.183, -5.8353 2.2047 0.0, -5.8353 2.3687 0.1786, -5.8353 2.6279 0.0, -5.8353 2.6279 0.1772, -5.8353 2.3819 0.1772, -5.8353 2.1471 0.0459, -5.8353 2.1515 0.0334, -5.8353 2.1585 0.0222, -5.914 2.3096 0.3051, -5.914 2.1328 0.1549, -5.914 2.294 0.3255, -5.914 2.1234 0.1643, -5.914 2.2736 0.3411, -5.914 2.2499 0.351, -5.914 2.1122 0.1713, -5.914 2.1398 0.1437, -5.914 2.3243 0.2231, -5.914 2.1442 0.1313, -5.914 2.3287 0.2106, -5.914 2.3195 0.2814, -5.914 2.3228 0.2559, -5.914 2.3228 0.2362, -5.914 2.345 0.19, -5.914 2.3562 0.183, -5.914 2.2047 0.0, -5.914 2.0997 0.1757, -5.914 2.3357 0.1994, -5.914 2.1456 0.0591, -5.914 2.1456 0.1181, -5.914 2.1916 0.0015, -5.914 2.1791 0.0058, -5.914 2.1679 0.0129, -5.914 2.1585 0.0222, -5.914 2.1515 0.0334, -5.914 2.1471 0.0459, -5.914 2.6279 0.1772, -5.914 2.6279 0.0, -5.914 2.3819 0.1772, -5.914 2.3687 0.1786, -5.8353 -1.9488 0.1772, -5.8353 -2.0866 0.1772, -5.914 -1.9488 0.1772, -5.914 -2.0866 0.1772, -5.914 -1.9488 0.3543, -5.914 -2.2244 0.3543, -5.8353 -1.9488 0.3543, -5.8353 -2.2244 0.3543, -5.8353 -2.3097 0.3051, -5.8353 -2.1328 0.1549, -5.8353 -2.294 0.3255, -5.8353 -2.1235 0.1643, -5.8353 -2.2736 0.3411, -5.8353 -2.2499 0.351, -5.8353 -2.1123 0.1713, -5.8353 -2.1398 0.1437, -5.8353 -2.3243 0.2231, -5.8353 -2.1442 0.1313, -5.8353 -2.3287 0.2106, -5.8353 -2.3451 0.19, -5.8353 -2.3563 0.183, -5.8353 -2.2047 0.0, -5.8353 -2.3195 0.2814, -5.8353 -2.3229 0.2559, -5.8353 -2.3229 0.2362, -5.8353 -2.3357 0.1994, -5.8353 -2.1457 0.0591, -5.8353 -2.1457 0.1181, -5.8353 -2.0998 0.1757, -5.8353 -2.1916 0.0015, -5.8353 -2.1791 0.0058, -5.8353 -2.1679 0.0129, -5.8353 -2.1586 0.0222, -5.8353 -2.1515 0.0334, -5.8353 -2.1472 0.0459, -5.8353 -2.628 0.1772, -5.8353 -2.628 0.0, -5.8353 -2.3819 0.1772, -5.8353 -2.3688 0.1786, -5.914 -2.3243 0.2231, -5.914 -2.3229 0.2362, -5.914 -2.1398 0.1437, -5.914 -2.1235 0.1643, -5.914 -2.2499 0.351, -5.914 -2.1123 0.1713, -5.914 -2.0998 0.1757, -5.914 -2.3195 0.2814, -5.914 -2.3097 0.3051, -5.914 -2.1328 0.1549, -5.914 -2.294 0.3255, -5.914 -2.2736 0.3411, -5.914 -2.3229 0.2559, -5.914 -2.1457 0.1181, -5.914 -2.1457 0.0591, -5.914 -2.3287 0.2106, -5.914 -2.3357 0.1994, -5.914 -2.1442 0.1313, -5.914 -2.1679 0.0129, -5.914 -2.1791 0.0058, -5.914 -2.3451 0.19, -5.914 -2.1916 0.0015, -5.914 -2.3563 0.183, -5.914 -2.2047 0.0, -5.914 -2.3688 0.1786, -5.914 -2.628 0.0, -5.914 -2.628 0.1772, -5.914 -2.3819 0.1772, -5.914 -2.1472 0.0459, -5.914 -2.1515 0.0334, -5.914 -2.1586 0.0222, -6.229 1.9488 0.3543, -6.229 2.2244 0.3543, -6.3077 1.9488 0.3543, -6.3077 2.2244 0.3543, -6.3077 1.9488 0.1772, -6.3077 2.0866 0.1772, -6.229 1.9488 0.1772, -6.229 2.0866 0.1772, -6.229 2.3243 0.2231, -6.229 2.3228 0.2362, -6.229 2.1398 0.1437, -6.229 2.1234 0.1643, -6.229 2.2499 0.351, -6.229 2.1122 0.1713, -6.229 2.0997 0.1757, -6.229 2.3195 0.2814, -6.229 2.3096 0.3051, -6.229 2.1328 0.1549, -6.229 2.294 0.3255, -6.229 2.2736 0.3411, -6.229 2.3228 0.2559, -6.229 2.1456 0.1181, -6.229 2.1456 0.0591, -6.229 2.3287 0.2106, -6.229 2.3357 0.1994, -6.229 2.1442 0.1313, -6.229 2.1679 0.0129, -6.229 2.1791 0.0058, -6.229 2.345 0.19, -6.229 2.1916 0.0015, -6.229 2.3562 0.183, -6.229 2.2047 0.0, -6.229 2.3687 0.1786, -6.229 2.6279 0.0, -6.229 2.6279 0.1772, -6.229 2.3819 0.1772, -6.229 2.1471 0.0459, -6.229 2.1515 0.0334, -6.229 2.1585 0.0222, -6.3077 2.3096 0.3051, -6.3077 2.1328 0.1549, -6.3077 2.294 0.3255, -6.3077 2.1234 0.1643, -6.3077 2.2736 0.3411, -6.3077 2.2499 0.351, -6.3077 2.1122 0.1713, -6.3077 2.1398 0.1437, -6.3077 2.3243 0.2231, -6.3077 2.1442 0.1313, -6.3077 2.3287 0.2106, -6.3077 2.3195 0.2814, -6.3077 2.3228 0.2559, -6.3077 2.3228 0.2362, -6.3077 2.345 0.19, -6.3077 2.3562 0.183, -6.3077 2.2047 0.0, -6.3077 2.0997 0.1757, -6.3077 2.3357 0.1994, -6.3077 2.1456 0.0591, -6.3077 2.1456 0.1181, -6.3077 2.1916 0.0015, -6.3077 2.1791 0.0058, -6.3077 2.1679 0.0129, -6.3077 2.1585 0.0222, -6.3077 2.1515 0.0334, -6.3077 2.1471 0.0459, -6.3077 2.6279 0.1772, -6.3077 2.6279 0.0, -6.3077 2.3819 0.1772, -6.3077 2.3687 0.1786, -6.229 -1.9488 0.1772, -6.229 -2.0866 0.1772, -6.3077 -1.9488 0.1772, -6.3077 -2.0866 0.1772, -6.3077 -1.9488 0.3543, -6.3077 -2.2244 0.3543, -6.229 -1.9488 0.3543, -6.229 -2.2244 0.3543, -6.229 -2.3097 0.3051, -6.229 -2.1328 0.1549, -6.229 -2.294 0.3255, -6.229 -2.1235 0.1643, -6.229 -2.2736 0.3411, -6.229 -2.2499 0.351, -6.229 -2.1123 0.1713, -6.229 -2.1398 0.1437, -6.229 -2.3243 0.2231, -6.229 -2.1442 0.1313, -6.229 -2.3287 0.2106, -6.229 -2.3451 0.19, -6.229 -2.3563 0.183, -6.229 -2.2047 0.0, -6.229 -2.3195 0.2814, -6.229 -2.3229 0.2559, -6.229 -2.3229 0.2362, -6.229 -2.3357 0.1994, -6.229 -2.1457 0.0591, -6.229 -2.1457 0.1181, -6.229 -2.0998 0.1757, -6.229 -2.1916 0.0015, -6.229 -2.1791 0.0058, -6.229 -2.1679 0.0129, -6.229 -2.1586 0.0222, -6.229 -2.1515 0.0334, -6.229 -2.1472 0.0459, -6.229 -2.628 0.1772, -6.229 -2.628 0.0, -6.229 -2.3819 0.1772, -6.229 -2.3688 0.1786, -6.3077 -2.3243 0.2231, -6.3077 -2.3229 0.2362, -6.3077 -2.1398 0.1437, -6.3077 -2.1235 0.1643, -6.3077 -2.2499 0.351, -6.3077 -2.1123 0.1713, -6.3077 -2.0998 0.1757, -6.3077 -2.3195 0.2814, -6.3077 -2.3097 0.3051, -6.3077 -2.1328 0.1549, -6.3077 -2.294 0.3255, -6.3077 -2.2736 0.3411, -6.3077 -2.3229 0.2559, -6.3077 -2.1457 0.1181, -6.3077 -2.1457 0.0591, -6.3077 -2.3287 0.2106, -6.3077 -2.3357 0.1994, -6.3077 -2.1442 0.1313, -6.3077 -2.1679 0.0129, -6.3077 -2.1791 0.0058, -6.3077 -2.3451 0.19, -6.3077 -2.1916 0.0015, -6.3077 -2.3563 0.183, -6.3077 -2.2047 0.0, -6.3077 -2.3688 0.1786, -6.3077 -2.628 0.0, -6.3077 -2.628 0.1772, -6.3077 -2.3819 0.1772, -6.3077 -2.1472 0.0459, -6.3077 -2.1515 0.0334, -6.3077 -2.1586 0.0222, -6.6227 1.9488 0.3543, -6.6227 2.2244 0.3543, -6.7014 1.9488 0.3543, -6.7014 2.2244 0.3543, -6.7014 1.9488 0.1772, -6.7014 2.0866 0.1772, -6.6227 1.9488 0.1772, -6.6227 2.0866 0.1772, -6.6227 2.3243 0.2231, -6.6227 2.3228 0.2362, -6.6227 2.1398 0.1437, -6.6227 2.1234 0.1643, -6.6227 2.2499 0.351, -6.6227 2.1122 0.1713, -6.6227 2.0997 0.1757, -6.6227 2.3195 0.2814, -6.6227 2.3096 0.3051, -6.6227 2.1328 0.1549, -6.6227 2.294 0.3255, -6.6227 2.2736 0.3411, -6.6227 2.3228 0.2559, -6.6227 2.1456 0.1181, -6.6227 2.1456 0.0591, -6.6227 2.3287 0.2106, -6.6227 2.3357 0.1994, -6.6227 2.1442 0.1313, -6.6227 2.1679 0.0129, -6.6227 2.1791 0.0058, -6.6227 2.345 0.19, -6.6227 2.1916 0.0015, -6.6227 2.3562 0.183, -6.6227 2.2047 0.0, -6.6227 2.3687 0.1786, -6.6227 2.6279 0.0, -6.6227 2.6279 0.1772, -6.6227 2.3819 0.1772, -6.6227 2.1471 0.0459, -6.6227 2.1515 0.0334, -6.6227 2.1585 0.0222, -6.7014 2.3096 0.3051, -6.7014 2.1328 0.1549, -6.7014 2.294 0.3255, -6.7014 2.1234 0.1643, -6.7014 2.2736 0.3411, -6.7014 2.2499 0.351, -6.7014 2.1122 0.1713, -6.7014 2.1398 0.1437, -6.7014 2.3243 0.2231, -6.7014 2.1442 0.1313, -6.7014 2.3287 0.2106, -6.7014 2.3195 0.2814, -6.7014 2.3228 0.2559, -6.7014 2.3228 0.2362, -6.7014 2.345 0.19, -6.7014 2.3562 0.183, -6.7014 2.2047 0.0, -6.7014 2.0997 0.1757, -6.7014 2.3357 0.1994, -6.7014 2.1456 0.0591, -6.7014 2.1456 0.1181, -6.7014 2.1916 0.0015, -6.7014 2.1791 0.0058, -6.7014 2.1679 0.0129, -6.7014 2.1585 0.0222, -6.7014 2.1515 0.0334, -6.7014 2.1471 0.0459, -6.7014 2.6279 0.1772, -6.7014 2.6279 0.0, -6.7014 2.3819 0.1772, -6.7014 2.3687 0.1786, -6.6227 -1.9488 0.1772, -6.6227 -2.0866 0.1772, -6.7014 -1.9488 0.1772, -6.7014 -2.0866 0.1772, -6.7014 -1.9488 0.3543, -6.7014 -2.2244 0.3543, -6.6227 -1.9488 0.3543, -6.6227 -2.2244 0.3543, -6.6227 -2.3097 0.3051, -6.6227 -2.1328 0.1549, -6.6227 -2.294 0.3255, -6.6227 -2.1235 0.1643, -6.6227 -2.2736 0.3411, -6.6227 -2.2499 0.351, -6.6227 -2.1123 0.1713, -6.6227 -2.1398 0.1437, -6.6227 -2.3243 0.2231, -6.6227 -2.1442 0.1313, -6.6227 -2.3287 0.2106, -6.6227 -2.3451 0.19, -6.6227 -2.3563 0.183, -6.6227 -2.2047 0.0, -6.6227 -2.3195 0.2814, -6.6227 -2.3229 0.2559, -6.6227 -2.3229 0.2362, -6.6227 -2.3357 0.1994, -6.6227 -2.1457 0.0591, -6.6227 -2.1457 0.1181, -6.6227 -2.0998 0.1757, -6.6227 -2.1916 0.0015, -6.6227 -2.1791 0.0058, -6.6227 -2.1679 0.0129, -6.6227 -2.1586 0.0222, -6.6227 -2.1515 0.0334, -6.6227 -2.1472 0.0459, -6.6227 -2.628 0.1772, -6.6227 -2.628 0.0, -6.6227 -2.3819 0.1772, -6.6227 -2.3688 0.1786, -6.7014 -2.3243 0.2231, -6.7014 -2.3229 0.2362, -6.7014 -2.1398 0.1437, -6.7014 -2.1235 0.1643, -6.7014 -2.2499 0.351, -6.7014 -2.1123 0.1713, -6.7014 -2.0998 0.1757, -6.7014 -2.3195 0.2814, -6.7014 -2.3097 0.3051, -6.7014 -2.1328 0.1549, -6.7014 -2.294 0.3255, -6.7014 -2.2736 0.3411, -6.7014 -2.3229 0.2559, -6.7014 -2.1457 0.1181, -6.7014 -2.1457 0.0591, -6.7014 -2.3287 0.2106, -6.7014 -2.3357 0.1994, -6.7014 -2.1442 0.1313, -6.7014 -2.1679 0.0129, -6.7014 -2.1791 0.0058, -6.7014 -2.3451 0.19, -6.7014 -2.1916 0.0015, -6.7014 -2.3563 0.183, -6.7014 -2.2047 0.0, -6.7014 -2.3688 0.1786, -6.7014 -2.628 0.0, -6.7014 -2.628 0.1772, -6.7014 -2.3819 0.1772, -6.7014 -2.1472 0.0459, -6.7014 -2.1515 0.0334, -6.7014 -2.1586 0.0222, -7.0164 1.9488 0.3543, -7.0164 2.2244 0.3543, -7.0951 1.9488 0.3543, -7.0951 2.2244 0.3543, -7.0951 1.9488 0.1772, -7.0951 2.0866 0.1772, -7.0164 1.9488 0.1772, -7.0164 2.0866 0.1772, -7.0164 2.3243 0.2231, -7.0164 2.3228 0.2362, -7.0164 2.1398 0.1437, -7.0164 2.1234 0.1643, -7.0164 2.2499 0.351, -7.0164 2.1122 0.1713, -7.0164 2.0997 0.1757, -7.0164 2.3195 0.2814, -7.0164 2.3096 0.3051, -7.0164 2.1328 0.1549, -7.0164 2.294 0.3255, -7.0164 2.2736 0.3411, -7.0164 2.3228 0.2559, -7.0164 2.1456 0.1181, -7.0164 2.1456 0.0591, -7.0164 2.3287 0.2106, -7.0164 2.3357 0.1994, -7.0164 2.1442 0.1313, -7.0164 2.1679 0.0129, -7.0164 2.1791 0.0058, -7.0164 2.345 0.19, -7.0164 2.1916 0.0015, -7.0164 2.3562 0.183, -7.0164 2.2047 0.0, -7.0164 2.3687 0.1786, -7.0164 2.6279 0.0, -7.0164 2.6279 0.1772, -7.0164 2.3819 0.1772, -7.0164 2.1471 0.0459, -7.0164 2.1515 0.0334, -7.0164 2.1585 0.0222, -7.0951 2.3096 0.3051, -7.0951 2.1328 0.1549, -7.0951 2.294 0.3255, -7.0951 2.1234 0.1643, -7.0951 2.2736 0.3411, -7.0951 2.2499 0.351, -7.0951 2.1122 0.1713, -7.0951 2.1398 0.1437, -7.0951 2.3243 0.2231, -7.0951 2.1442 0.1313, -7.0951 2.3287 0.2106, -7.0951 2.3195 0.2814, -7.0951 2.3228 0.2559, -7.0951 2.3228 0.2362, -7.0951 2.345 0.19, -7.0951 2.3562 0.183, -7.0951 2.2047 0.0, -7.0951 2.0997 0.1757, -7.0951 2.3357 0.1994, -7.0951 2.1456 0.0591, -7.0951 2.1456 0.1181, -7.0951 2.1916 0.0015, -7.0951 2.1791 0.0058, -7.0951 2.1679 0.0129, -7.0951 2.1585 0.0222, -7.0951 2.1515 0.0334, -7.0951 2.1471 0.0459, -7.0951 2.6279 0.1772, -7.0951 2.6279 0.0, -7.0951 2.3819 0.1772, -7.0951 2.3687 0.1786, -7.0164 -1.9488 0.1772, -7.0164 -2.0866 0.1772, -7.0951 -1.9488 0.1772, -7.0951 -2.0866 0.1772, -7.0951 -1.9488 0.3543, -7.0951 -2.2244 0.3543, -7.0164 -1.9488 0.3543, -7.0164 -2.2244 0.3543, -7.0164 -2.3097 0.3051, -7.0164 -2.1328 0.1549, -7.0164 -2.294 0.3255, -7.0164 -2.1235 0.1643, -7.0164 -2.2736 0.3411, -7.0164 -2.2499 0.351, -7.0164 -2.1123 0.1713, -7.0164 -2.1398 0.1437, -7.0164 -2.3243 0.2231, -7.0164 -2.1442 0.1313, -7.0164 -2.3287 0.2106, -7.0164 -2.3451 0.19, -7.0164 -2.3563 0.183, -7.0164 -2.2047 0.0, -7.0164 -2.3195 0.2814, -7.0164 -2.3229 0.2559, -7.0164 -2.3229 0.2362, -7.0164 -2.3357 0.1994, -7.0164 -2.1457 0.0591, -7.0164 -2.1457 0.1181, -7.0164 -2.0998 0.1757, -7.0164 -2.1916 0.0015, -7.0164 -2.1791 0.0058, -7.0164 -2.1679 0.0129, -7.0164 -2.1586 0.0222, -7.0164 -2.1515 0.0334, -7.0164 -2.1472 0.0459, -7.0164 -2.628 0.1772, -7.0164 -2.628 0.0, -7.0164 -2.3819 0.1772, -7.0164 -2.3688 0.1786, -7.0951 -2.3243 0.2231, -7.0951 -2.3229 0.2362, -7.0951 -2.1398 0.1437, -7.0951 -2.1235 0.1643, -7.0951 -2.2499 0.351, -7.0951 -2.1123 0.1713, -7.0951 -2.0998 0.1757, -7.0951 -2.3195 0.2814, -7.0951 -2.3097 0.3051, -7.0951 -2.1328 0.1549, -7.0951 -2.294 0.3255, -7.0951 -2.2736 0.3411, -7.0951 -2.3229 0.2559, -7.0951 -2.1457 0.1181, -7.0951 -2.1457 0.0591, -7.0951 -2.3287 0.2106, -7.0951 -2.3357 0.1994, -7.0951 -2.1442 0.1313, -7.0951 -2.1679 0.0129, -7.0951 -2.1791 0.0058, -7.0951 -2.3451 0.19, -7.0951 -2.1916 0.0015, -7.0951 -2.3563 0.183, -7.0951 -2.2047 0.0, -7.0951 -2.3688 0.1786, -7.0951 -2.628 0.0, -7.0951 -2.628 0.1772, -7.0951 -2.3819 0.1772, -7.0951 -2.1472 0.0459, -7.0951 -2.1515 0.0334, -7.0951 -2.1586 0.0222, -7.4101 1.9488 0.3543, -7.4101 2.2244 0.3543, -7.4888 1.9488 0.3543, -7.4888 2.2244 0.3543, -7.4888 1.9488 0.1772, -7.4888 2.0866 0.1772, -7.4101 1.9488 0.1772, -7.4101 2.0866 0.1772, -7.4101 2.3243 0.2231, -7.4101 2.3228 0.2362, -7.4101 2.1398 0.1437, -7.4101 2.1234 0.1643, -7.4101 2.2499 0.351, -7.4101 2.1122 0.1713, -7.4101 2.0997 0.1757, -7.4101 2.3195 0.2814, -7.4101 2.3096 0.3051, -7.4101 2.1328 0.1549, -7.4101 2.294 0.3255, -7.4101 2.2736 0.3411, -7.4101 2.3228 0.2559, -7.4101 2.1456 0.1181, -7.4101 2.1456 0.0591, -7.4101 2.3287 0.2106, -7.4101 2.3357 0.1994, -7.4101 2.1442 0.1313, -7.4101 2.1679 0.0129, -7.4101 2.1791 0.0058, -7.4101 2.345 0.19, -7.4101 2.1916 0.0015, -7.4101 2.3562 0.183, -7.4101 2.2047 0.0, -7.4101 2.3687 0.1786, -7.4101 2.6279 0.0, -7.4101 2.6279 0.1772, -7.4101 2.3819 0.1772, -7.4101 2.1471 0.0459, -7.4101 2.1515 0.0334, -7.4101 2.1585 0.0222, -7.4888 2.3096 0.3051, -7.4888 2.1328 0.1549, -7.4888 2.294 0.3255, -7.4888 2.1234 0.1643, -7.4888 2.2736 0.3411, -7.4888 2.2499 0.351, -7.4888 2.1122 0.1713, -7.4888 2.1398 0.1437, -7.4888 2.3243 0.2231, -7.4888 2.1442 0.1313, -7.4888 2.3287 0.2106, -7.4888 2.3195 0.2814, -7.4888 2.3228 0.2559, -7.4888 2.3228 0.2362, -7.4888 2.345 0.19, -7.4888 2.3562 0.183, -7.4888 2.2047 0.0, -7.4888 2.0997 0.1757, -7.4888 2.3357 0.1994, -7.4888 2.1456 0.0591, -7.4888 2.1456 0.1181, -7.4888 2.1916 0.0015, -7.4888 2.1791 0.0058, -7.4888 2.1679 0.0129, -7.4888 2.1585 0.0222, -7.4888 2.1515 0.0334, -7.4888 2.1471 0.0459, -7.4888 2.6279 0.1772, -7.4888 2.6279 0.0, -7.4888 2.3819 0.1772, -7.4888 2.3687 0.1786, -7.4101 -1.9488 0.1772, -7.4101 -2.0866 0.1772, -7.4888 -1.9488 0.1772, -7.4888 -2.0866 0.1772, -7.4888 -1.9488 0.3543, -7.4888 -2.2244 0.3543, -7.4101 -1.9488 0.3543, -7.4101 -2.2244 0.3543, -7.4101 -2.3097 0.3051, -7.4101 -2.1328 0.1549, -7.4101 -2.294 0.3255, -7.4101 -2.1235 0.1643, -7.4101 -2.2736 0.3411, -7.4101 -2.2499 0.351, -7.4101 -2.1123 0.1713, -7.4101 -2.1398 0.1437, -7.4101 -2.3243 0.2231, -7.4101 -2.1442 0.1313, -7.4101 -2.3287 0.2106, -7.4101 -2.3451 0.19, -7.4101 -2.3563 0.183, -7.4101 -2.2047 0.0, -7.4101 -2.3195 0.2814, -7.4101 -2.3229 0.2559, -7.4101 -2.3229 0.2362, -7.4101 -2.3357 0.1994, -7.4101 -2.1457 0.0591, -7.4101 -2.1457 0.1181, -7.4101 -2.0998 0.1757, -7.4101 -2.1916 0.0015, -7.4101 -2.1791 0.0058, -7.4101 -2.1679 0.0129, -7.4101 -2.1586 0.0222, -7.4101 -2.1515 0.0334, -7.4101 -2.1472 0.0459, -7.4101 -2.628 0.1772, -7.4101 -2.628 0.0, -7.4101 -2.3819 0.1772, -7.4101 -2.3688 0.1786, -7.4888 -2.3243 0.2231, -7.4888 -2.3229 0.2362, -7.4888 -2.1398 0.1437, -7.4888 -2.1235 0.1643, -7.4888 -2.2499 0.351, -7.4888 -2.1123 0.1713, -7.4888 -2.0998 0.1757, -7.4888 -2.3195 0.2814, -7.4888 -2.3097 0.3051, -7.4888 -2.1328 0.1549, -7.4888 -2.294 0.3255, -7.4888 -2.2736 0.3411, -7.4888 -2.3229 0.2559, -7.4888 -2.1457 0.1181, -7.4888 -2.1457 0.0591, -7.4888 -2.3287 0.2106, -7.4888 -2.3357 0.1994, -7.4888 -2.1442 0.1313, -7.4888 -2.1679 0.0129, -7.4888 -2.1791 0.0058, -7.4888 -2.3451 0.19, -7.4888 -2.1916 0.0015, -7.4888 -2.3563 0.183, -7.4888 -2.2047 0.0, -7.4888 -2.3688 0.1786, -7.4888 -2.628 0.0, -7.4888 -2.628 0.1772, -7.4888 -2.3819 0.1772, -7.4888 -2.1472 0.0459, -7.4888 -2.1515 0.0334, -7.4888 -2.1586 0.0222, -7.8038 1.9488 0.3543, -7.8038 2.2244 0.3543, -7.8825 1.9488 0.3543, -7.8825 2.2244 0.3543, -7.8825 1.9488 0.1772, -7.8825 2.0866 0.1772, -7.8038 1.9488 0.1772, -7.8038 2.0866 0.1772, -7.8038 2.3243 0.2231, -7.8038 2.3228 0.2362, -7.8038 2.1398 0.1437, -7.8038 2.1234 0.1643, -7.8038 2.2499 0.351, -7.8038 2.1122 0.1713, -7.8038 2.0997 0.1757, -7.8038 2.3195 0.2814, -7.8038 2.3096 0.3051, -7.8038 2.1328 0.1549, -7.8038 2.294 0.3255, -7.8038 2.2736 0.3411, -7.8038 2.3228 0.2559, -7.8038 2.1456 0.1181, -7.8038 2.1456 0.0591, -7.8038 2.3287 0.2106, -7.8038 2.3357 0.1994, -7.8038 2.1442 0.1313, -7.8038 2.1679 0.0129, -7.8038 2.1791 0.0058, -7.8038 2.345 0.19, -7.8038 2.1916 0.0015, -7.8038 2.3562 0.183, -7.8038 2.2047 0.0, -7.8038 2.3687 0.1786, -7.8038 2.6279 0.0, -7.8038 2.6279 0.1772, -7.8038 2.3819 0.1772, -7.8038 2.1471 0.0459, -7.8038 2.1515 0.0334, -7.8038 2.1585 0.0222, -7.8825 2.3096 0.3051, -7.8825 2.1328 0.1549, -7.8825 2.294 0.3255, -7.8825 2.1234 0.1643, -7.8825 2.2736 0.3411, -7.8825 2.2499 0.351, -7.8825 2.1122 0.1713, -7.8825 2.1398 0.1437, -7.8825 2.3243 0.2231, -7.8825 2.1442 0.1313, -7.8825 2.3287 0.2106, -7.8825 2.3195 0.2814, -7.8825 2.3228 0.2559, -7.8825 2.3228 0.2362, -7.8825 2.345 0.19, -7.8825 2.3562 0.183, -7.8825 2.2047 0.0, -7.8825 2.0997 0.1757, -7.8825 2.3357 0.1994, -7.8825 2.1456 0.0591, -7.8825 2.1456 0.1181, -7.8825 2.1916 0.0015, -7.8825 2.1791 0.0058, -7.8825 2.1679 0.0129, -7.8825 2.1585 0.0222, -7.8825 2.1515 0.0334, -7.8825 2.1471 0.0459, -7.8825 2.6279 0.1772, -7.8825 2.6279 0.0, -7.8825 2.3819 0.1772, -7.8825 2.3687 0.1786, -7.8038 -1.9488 0.1772, -7.8038 -2.0866 0.1772, -7.8825 -1.9488 0.1772, -7.8825 -2.0866 0.1772, -7.8825 -1.9488 0.3543, -7.8825 -2.2244 0.3543, -7.8038 -1.9488 0.3543, -7.8038 -2.2244 0.3543, -7.8038 -2.3097 0.3051, -7.8038 -2.1328 0.1549, -7.8038 -2.294 0.3255, -7.8038 -2.1235 0.1643, -7.8038 -2.2736 0.3411, -7.8038 -2.2499 0.351, -7.8038 -2.1123 0.1713, -7.8038 -2.1398 0.1437, -7.8038 -2.3243 0.2231, -7.8038 -2.1442 0.1313, -7.8038 -2.3287 0.2106, -7.8038 -2.3451 0.19, -7.8038 -2.3563 0.183, -7.8038 -2.2047 0.0, -7.8038 -2.3195 0.2814, -7.8038 -2.3229 0.2559, -7.8038 -2.3229 0.2362, -7.8038 -2.3357 0.1994, -7.8038 -2.1457 0.0591, -7.8038 -2.1457 0.1181, -7.8038 -2.0998 0.1757, -7.8038 -2.1916 0.0015, -7.8038 -2.1791 0.0058, -7.8038 -2.1679 0.0129, -7.8038 -2.1586 0.0222, -7.8038 -2.1515 0.0334, -7.8038 -2.1472 0.0459, -7.8038 -2.628 0.1772, -7.8038 -2.628 0.0, -7.8038 -2.3819 0.1772, -7.8038 -2.3688 0.1786, -7.8825 -2.3243 0.2231, -7.8825 -2.3229 0.2362, -7.8825 -2.1398 0.1437, -7.8825 -2.1235 0.1643, -7.8825 -2.2499 0.351, -7.8825 -2.1123 0.1713, -7.8825 -2.0998 0.1757, -7.8825 -2.3195 0.2814, -7.8825 -2.3097 0.3051, -7.8825 -2.1328 0.1549, -7.8825 -2.294 0.3255, -7.8825 -2.2736 0.3411, -7.8825 -2.3229 0.2559, -7.8825 -2.1457 0.1181, -7.8825 -2.1457 0.0591, -7.8825 -2.3287 0.2106, -7.8825 -2.3357 0.1994, -7.8825 -2.1442 0.1313, -7.8825 -2.1679 0.0129, -7.8825 -2.1791 0.0058, -7.8825 -2.3451 0.19, -7.8825 -2.1916 0.0015, -7.8825 -2.3563 0.183, -7.8825 -2.2047 0.0, -7.8825 -2.3688 0.1786, -7.8825 -2.628 0.0, -7.8825 -2.628 0.1772, -7.8825 -2.3819 0.1772, -7.8825 -2.1472 0.0459, -7.8825 -2.1515 0.0334, -7.8825 -2.1586 0.0222, -8.1975 1.9488 0.3543, -8.1975 2.2244 0.3543, -8.2762 1.9488 0.3543, -8.2762 2.2244 0.3543, -8.2762 1.9488 0.1772, -8.2762 2.0866 0.1772, -8.1975 1.9488 0.1772, -8.1975 2.0866 0.1772, -8.1975 2.3243 0.2231, -8.1975 2.3228 0.2362, -8.1975 2.1398 0.1437, -8.1975 2.1234 0.1643, -8.1975 2.2499 0.351, -8.1975 2.1122 0.1713, -8.1975 2.0997 0.1757, -8.1975 2.3195 0.2814, -8.1975 2.3096 0.3051, -8.1975 2.1328 0.1549, -8.1975 2.294 0.3255, -8.1975 2.2736 0.3411, -8.1975 2.3228 0.2559, -8.1975 2.1456 0.1181, -8.1975 2.1456 0.0591, -8.1975 2.3287 0.2106, -8.1975 2.3357 0.1994, -8.1975 2.1442 0.1313, -8.1975 2.1679 0.0129, -8.1975 2.1791 0.0058, -8.1975 2.345 0.19, -8.1975 2.1916 0.0015, -8.1975 2.3562 0.183, -8.1975 2.2047 0.0, -8.1975 2.3687 0.1786, -8.1975 2.6279 0.0, -8.1975 2.6279 0.1772, -8.1975 2.3819 0.1772, -8.1975 2.1471 0.0459, -8.1975 2.1515 0.0334, -8.1975 2.1585 0.0222, -8.2762 2.3096 0.3051, -8.2762 2.1328 0.1549, -8.2762 2.294 0.3255, -8.2762 2.1234 0.1643, -8.2762 2.2736 0.3411, -8.2762 2.2499 0.351, -8.2762 2.1122 0.1713, -8.2762 2.1398 0.1437, -8.2762 2.3243 0.2231, -8.2762 2.1442 0.1313, -8.2762 2.3287 0.2106, -8.2762 2.3195 0.2814, -8.2762 2.3228 0.2559, -8.2762 2.3228 0.2362, -8.2762 2.345 0.19, -8.2762 2.3562 0.183, -8.2762 2.2047 0.0, -8.2762 2.0997 0.1757, -8.2762 2.3357 0.1994, -8.2762 2.1456 0.0591, -8.2762 2.1456 0.1181, -8.2762 2.1916 0.0015, -8.2762 2.1791 0.0058, -8.2762 2.1679 0.0129, -8.2762 2.1585 0.0222, -8.2762 2.1515 0.0334, -8.2762 2.1471 0.0459, -8.2762 2.6279 0.1772, -8.2762 2.6279 0.0, -8.2762 2.3819 0.1772, -8.2762 2.3687 0.1786, -8.1975 -1.9488 0.1772, -8.1975 -2.0866 0.1772, -8.2762 -1.9488 0.1772, -8.2762 -2.0866 0.1772, -8.2762 -1.9488 0.3543, -8.2762 -2.2244 0.3543, -8.1975 -1.9488 0.3543, -8.1975 -2.2244 0.3543, -8.1975 -2.3097 0.3051, -8.1975 -2.1328 0.1549, -8.1975 -2.294 0.3255, -8.1975 -2.1235 0.1643, -8.1975 -2.2736 0.3411, -8.1975 -2.2499 0.351, -8.1975 -2.1123 0.1713, -8.1975 -2.1398 0.1437, -8.1975 -2.3243 0.2231, -8.1975 -2.1442 0.1313, -8.1975 -2.3287 0.2106, -8.1975 -2.3451 0.19, -8.1975 -2.3563 0.183, -8.1975 -2.2047 0.0, -8.1975 -2.3195 0.2814, -8.1975 -2.3229 0.2559, -8.1975 -2.3229 0.2362, -8.1975 -2.3357 0.1994, -8.1975 -2.1457 0.0591, -8.1975 -2.1457 0.1181, -8.1975 -2.0998 0.1757, -8.1975 -2.1916 0.0015, -8.1975 -2.1791 0.0058, -8.1975 -2.1679 0.0129, -8.1975 -2.1586 0.0222, -8.1975 -2.1515 0.0334, -8.1975 -2.1472 0.0459, -8.1975 -2.628 0.1772, -8.1975 -2.628 0.0, -8.1975 -2.3819 0.1772, -8.1975 -2.3688 0.1786, -8.2762 -2.3243 0.2231, -8.2762 -2.3229 0.2362, -8.2762 -2.1398 0.1437, -8.2762 -2.1235 0.1643, -8.2762 -2.2499 0.351, -8.2762 -2.1123 0.1713, -8.2762 -2.0998 0.1757, -8.2762 -2.3195 0.2814, -8.2762 -2.3097 0.3051, -8.2762 -2.1328 0.1549, -8.2762 -2.294 0.3255, -8.2762 -2.2736 0.3411, -8.2762 -2.3229 0.2559, -8.2762 -2.1457 0.1181, -8.2762 -2.1457 0.0591, -8.2762 -2.3287 0.2106, -8.2762 -2.3357 0.1994, -8.2762 -2.1442 0.1313, -8.2762 -2.1679 0.0129, -8.2762 -2.1791 0.0058, -8.2762 -2.3451 0.19, -8.2762 -2.1916 0.0015, -8.2762 -2.3563 0.183, -8.2762 -2.2047 0.0, -8.2762 -2.3688 0.1786, -8.2762 -2.628 0.0, -8.2762 -2.628 0.1772, -8.2762 -2.3819 0.1772, -8.2762 -2.1472 0.0459, -8.2762 -2.1515 0.0334, -8.2762 -2.1586 0.0222, -8.5912 1.9488 0.3543, -8.5912 2.2244 0.3543, -8.6699 1.9488 0.3543, -8.6699 2.2244 0.3543, -8.6699 1.9488 0.1772, -8.6699 2.0866 0.1772, -8.5912 1.9488 0.1772, -8.5912 2.0866 0.1772, -8.5912 2.3243 0.2231, -8.5912 2.3228 0.2362, -8.5912 2.1398 0.1437, -8.5912 2.1234 0.1643, -8.5912 2.2499 0.351, -8.5912 2.1122 0.1713, -8.5912 2.0997 0.1757, -8.5912 2.3195 0.2814, -8.5912 2.3096 0.3051, -8.5912 2.1328 0.1549, -8.5912 2.294 0.3255, -8.5912 2.2736 0.3411, -8.5912 2.3228 0.2559, -8.5912 2.1456 0.1181, -8.5912 2.1456 0.0591, -8.5912 2.3287 0.2106, -8.5912 2.3357 0.1994, -8.5912 2.1442 0.1313, -8.5912 2.1679 0.0129, -8.5912 2.1791 0.0058, -8.5912 2.345 0.19, -8.5912 2.1916 0.0015, -8.5912 2.3562 0.183, -8.5912 2.2047 0.0, -8.5912 2.3687 0.1786, -8.5912 2.6279 0.0, -8.5912 2.6279 0.1772, -8.5912 2.3819 0.1772, -8.5912 2.1471 0.0459, -8.5912 2.1515 0.0334, -8.5912 2.1585 0.0222, -8.6699 2.3096 0.3051, -8.6699 2.1328 0.1549, -8.6699 2.294 0.3255, -8.6699 2.1234 0.1643, -8.6699 2.2736 0.3411, -8.6699 2.2499 0.351, -8.6699 2.1122 0.1713, -8.6699 2.1398 0.1437, -8.6699 2.3243 0.2231, -8.6699 2.1442 0.1313, -8.6699 2.3287 0.2106, -8.6699 2.3195 0.2814, -8.6699 2.3228 0.2559, -8.6699 2.3228 0.2362, -8.6699 2.345 0.19, -8.6699 2.3562 0.183, -8.6699 2.2047 0.0, -8.6699 2.0997 0.1757, -8.6699 2.3357 0.1994, -8.6699 2.1456 0.0591, -8.6699 2.1456 0.1181, -8.6699 2.1916 0.0015, -8.6699 2.1791 0.0058, -8.6699 2.1679 0.0129, -8.6699 2.1585 0.0222, -8.6699 2.1515 0.0334, -8.6699 2.1471 0.0459, -8.6699 2.6279 0.1772, -8.6699 2.6279 0.0, -8.6699 2.3819 0.1772, -8.6699 2.3687 0.1786, -8.5912 -1.9488 0.1772, -8.5912 -2.0866 0.1772, -8.6699 -1.9488 0.1772, -8.6699 -2.0866 0.1772, -8.6699 -1.9488 0.3543, -8.6699 -2.2244 0.3543, -8.5912 -1.9488 0.3543, -8.5912 -2.2244 0.3543, -8.5912 -2.3097 0.3051, -8.5912 -2.1328 0.1549, -8.5912 -2.294 0.3255, -8.5912 -2.1235 0.1643, -8.5912 -2.2736 0.3411, -8.5912 -2.2499 0.351, -8.5912 -2.1123 0.1713, -8.5912 -2.1398 0.1437, -8.5912 -2.3243 0.2231, -8.5912 -2.1442 0.1313, -8.5912 -2.3287 0.2106, -8.5912 -2.3451 0.19, -8.5912 -2.3563 0.183, -8.5912 -2.2047 0.0, -8.5912 -2.3195 0.2814, -8.5912 -2.3229 0.2559, -8.5912 -2.3229 0.2362, -8.5912 -2.3357 0.1994, -8.5912 -2.1457 0.0591, -8.5912 -2.1457 0.1181, -8.5912 -2.0998 0.1757, -8.5912 -2.1916 0.0015, -8.5912 -2.1791 0.0058, -8.5912 -2.1679 0.0129, -8.5912 -2.1586 0.0222, -8.5912 -2.1515 0.0334, -8.5912 -2.1472 0.0459, -8.5912 -2.628 0.1772, -8.5912 -2.628 0.0, -8.5912 -2.3819 0.1772, -8.5912 -2.3688 0.1786, -8.6699 -2.3243 0.2231, -8.6699 -2.3229 0.2362, -8.6699 -2.1398 0.1437, -8.6699 -2.1235 0.1643, -8.6699 -2.2499 0.351, -8.6699 -2.1123 0.1713, -8.6699 -2.0998 0.1757, -8.6699 -2.3195 0.2814, -8.6699 -2.3097 0.3051, -8.6699 -2.1328 0.1549, -8.6699 -2.294 0.3255, -8.6699 -2.2736 0.3411, -8.6699 -2.3229 0.2559, -8.6699 -2.1457 0.1181, -8.6699 -2.1457 0.0591, -8.6699 -2.3287 0.2106, -8.6699 -2.3357 0.1994, -8.6699 -2.1442 0.1313, -8.6699 -2.1679 0.0129, -8.6699 -2.1791 0.0058, -8.6699 -2.3451 0.19, -8.6699 -2.1916 0.0015, -8.6699 -2.3563 0.183, -8.6699 -2.2047 0.0, -8.6699 -2.3688 0.1786, -8.6699 -2.628 0.0, -8.6699 -2.628 0.1772, -8.6699 -2.3819 0.1772, -8.6699 -2.1472 0.0459, -8.6699 -2.1515 0.0334, -8.6699 -2.1586 0.0222, -8.9849 1.9488 0.3543, -8.9849 2.2244 0.3543, -9.0636 1.9488 0.3543, -9.0636 2.2244 0.3543, -9.0636 1.9488 0.1772, -9.0636 2.0866 0.1772, -8.9849 1.9488 0.1772, -8.9849 2.0866 0.1772, -8.9849 2.3243 0.2231, -8.9849 2.3228 0.2362, -8.9849 2.1398 0.1437, -8.9849 2.1234 0.1643, -8.9849 2.2499 0.351, -8.9849 2.1122 0.1713, -8.9849 2.0997 0.1757, -8.9849 2.3195 0.2814, -8.9849 2.3096 0.3051, -8.9849 2.1328 0.1549, -8.9849 2.294 0.3255, -8.9849 2.2736 0.3411, -8.9849 2.3228 0.2559, -8.9849 2.1456 0.1181, -8.9849 2.1456 0.0591, -8.9849 2.3287 0.2106, -8.9849 2.3357 0.1994, -8.9849 2.1442 0.1313, -8.9849 2.1679 0.0129, -8.9849 2.1791 0.0058, -8.9849 2.345 0.19, -8.9849 2.1916 0.0015, -8.9849 2.3562 0.183, -8.9849 2.2047 0.0, -8.9849 2.3687 0.1786, -8.9849 2.6279 0.0, -8.9849 2.6279 0.1772, -8.9849 2.3819 0.1772, -8.9849 2.1471 0.0459, -8.9849 2.1515 0.0334, -8.9849 2.1585 0.0222, -9.0636 2.3096 0.3051, -9.0636 2.1328 0.1549, -9.0636 2.294 0.3255, -9.0636 2.1234 0.1643, -9.0636 2.2736 0.3411, -9.0636 2.2499 0.351, -9.0636 2.1122 0.1713, -9.0636 2.1398 0.1437, -9.0636 2.3243 0.2231, -9.0636 2.1442 0.1313, -9.0636 2.3287 0.2106, -9.0636 2.3195 0.2814, -9.0636 2.3228 0.2559, -9.0636 2.3228 0.2362, -9.0636 2.345 0.19, -9.0636 2.3562 0.183, -9.0636 2.2047 0.0, -9.0636 2.0997 0.1757, -9.0636 2.3357 0.1994, -9.0636 2.1456 0.0591, -9.0636 2.1456 0.1181, -9.0636 2.1916 0.0015, -9.0636 2.1791 0.0058, -9.0636 2.1679 0.0129, -9.0636 2.1585 0.0222, -9.0636 2.1515 0.0334, -9.0636 2.1471 0.0459, -9.0636 2.6279 0.1772, -9.0636 2.6279 0.0, -9.0636 2.3819 0.1772, -9.0636 2.3687 0.1786, -8.9849 -1.9488 0.1772, -8.9849 -2.0866 0.1772, -9.0636 -1.9488 0.1772, -9.0636 -2.0866 0.1772, -9.0636 -1.9488 0.3543, -9.0636 -2.2244 0.3543, -8.9849 -1.9488 0.3543, -8.9849 -2.2244 0.3543, -8.9849 -2.3097 0.3051, -8.9849 -2.1328 0.1549, -8.9849 -2.294 0.3255, -8.9849 -2.1235 0.1643, -8.9849 -2.2736 0.3411, -8.9849 -2.2499 0.351, -8.9849 -2.1123 0.1713, -8.9849 -2.1398 0.1437, -8.9849 -2.3243 0.2231, -8.9849 -2.1442 0.1313, -8.9849 -2.3287 0.2106, -8.9849 -2.3451 0.19, -8.9849 -2.3563 0.183, -8.9849 -2.2047 0.0, -8.9849 -2.3195 0.2814, -8.9849 -2.3229 0.2559, -8.9849 -2.3229 0.2362, -8.9849 -2.3357 0.1994, -8.9849 -2.1457 0.0591, -8.9849 -2.1457 0.1181, -8.9849 -2.0998 0.1757, -8.9849 -2.1916 0.0015, -8.9849 -2.1791 0.0058, -8.9849 -2.1679 0.0129, -8.9849 -2.1586 0.0222, -8.9849 -2.1515 0.0334, -8.9849 -2.1472 0.0459, -8.9849 -2.628 0.1772, -8.9849 -2.628 0.0, -8.9849 -2.3819 0.1772, -8.9849 -2.3688 0.1786, -9.0636 -2.3243 0.2231, -9.0636 -2.3229 0.2362, -9.0636 -2.1398 0.1437, -9.0636 -2.1235 0.1643, -9.0636 -2.2499 0.351, -9.0636 -2.1123 0.1713, -9.0636 -2.0998 0.1757, -9.0636 -2.3195 0.2814, -9.0636 -2.3097 0.3051, -9.0636 -2.1328 0.1549, -9.0636 -2.294 0.3255, -9.0636 -2.2736 0.3411, -9.0636 -2.3229 0.2559, -9.0636 -2.1457 0.1181, -9.0636 -2.1457 0.0591, -9.0636 -2.3287 0.2106, -9.0636 -2.3357 0.1994, -9.0636 -2.1442 0.1313, -9.0636 -2.1679 0.0129, -9.0636 -2.1791 0.0058, -9.0636 -2.3451 0.19, -9.0636 -2.1916 0.0015, -9.0636 -2.3563 0.183, -9.0636 -2.2047 0.0, -9.0636 -2.3688 0.1786, -9.0636 -2.628 0.0, -9.0636 -2.628 0.1772, -9.0636 -2.3819 0.1772, -9.0636 -2.1472 0.0459, -9.0636 -2.1515 0.0334, -9.0636 -2.1586 0.0222, -9.3786 1.9488 0.3543, -9.3786 2.2244 0.3543, -9.4573 1.9488 0.3543, -9.4573 2.2244 0.3543, -9.4573 1.9488 0.1772, -9.4573 2.0866 0.1772, -9.3786 1.9488 0.1772, -9.3786 2.0866 0.1772, -9.3786 2.3243 0.2231, -9.3786 2.3228 0.2362, -9.3786 2.1398 0.1437, -9.3786 2.1234 0.1643, -9.3786 2.2499 0.351, -9.3786 2.1122 0.1713, -9.3786 2.0997 0.1757, -9.3786 2.3195 0.2814, -9.3786 2.3096 0.3051, -9.3786 2.1328 0.1549, -9.3786 2.294 0.3255, -9.3786 2.2736 0.3411, -9.3786 2.3228 0.2559, -9.3786 2.1456 0.1181, -9.3786 2.1456 0.0591, -9.3786 2.3287 0.2106, -9.3786 2.3357 0.1994, -9.3786 2.1442 0.1313, -9.3786 2.1679 0.0129, -9.3786 2.1791 0.0058, -9.3786 2.345 0.19, -9.3786 2.1916 0.0015, -9.3786 2.3562 0.183, -9.3786 2.2047 0.0, -9.3786 2.3687 0.1786, -9.3786 2.6279 0.0, -9.3786 2.6279 0.1772, -9.3786 2.3819 0.1772, -9.3786 2.1471 0.0459, -9.3786 2.1515 0.0334, -9.3786 2.1585 0.0222, -9.4573 2.3096 0.3051, -9.4573 2.1328 0.1549, -9.4573 2.294 0.3255, -9.4573 2.1234 0.1643, -9.4573 2.2736 0.3411, -9.4573 2.2499 0.351, -9.4573 2.1122 0.1713, -9.4573 2.1398 0.1437, -9.4573 2.3243 0.2231, -9.4573 2.1442 0.1313, -9.4573 2.3287 0.2106, -9.4573 2.3195 0.2814, -9.4573 2.3228 0.2559, -9.4573 2.3228 0.2362, -9.4573 2.345 0.19, -9.4573 2.3562 0.183, -9.4573 2.2047 0.0, -9.4573 2.0997 0.1757, -9.4573 2.3357 0.1994, -9.4573 2.1456 0.0591, -9.4573 2.1456 0.1181, -9.4573 2.1916 0.0015, -9.4573 2.1791 0.0058, -9.4573 2.1679 0.0129, -9.4573 2.1585 0.0222, -9.4573 2.1515 0.0334, -9.4573 2.1471 0.0459, -9.4573 2.6279 0.1772, -9.4573 2.6279 0.0, -9.4573 2.3819 0.1772, -9.4573 2.3687 0.1786, -9.3786 -1.9488 0.1772, -9.3786 -2.0866 0.1772, -9.4573 -1.9488 0.1772, -9.4573 -2.0866 0.1772, -9.4573 -1.9488 0.3543, -9.4573 -2.2244 0.3543, -9.3786 -1.9488 0.3543, -9.3786 -2.2244 0.3543, -9.3786 -2.3097 0.3051, -9.3786 -2.1328 0.1549, -9.3786 -2.294 0.3255, -9.3786 -2.1235 0.1643, -9.3786 -2.2736 0.3411, -9.3786 -2.2499 0.351, -9.3786 -2.1123 0.1713, -9.3786 -2.1398 0.1437, -9.3786 -2.3243 0.2231, -9.3786 -2.1442 0.1313, -9.3786 -2.3287 0.2106, -9.3786 -2.3451 0.19, -9.3786 -2.3563 0.183, -9.3786 -2.2047 0.0, -9.3786 -2.3195 0.2814, -9.3786 -2.3229 0.2559, -9.3786 -2.3229 0.2362, -9.3786 -2.3357 0.1994, -9.3786 -2.1457 0.0591, -9.3786 -2.1457 0.1181, -9.3786 -2.0998 0.1757, -9.3786 -2.1916 0.0015, -9.3786 -2.1791 0.0058, -9.3786 -2.1679 0.0129, -9.3786 -2.1586 0.0222, -9.3786 -2.1515 0.0334, -9.3786 -2.1472 0.0459, -9.3786 -2.628 0.1772, -9.3786 -2.628 0.0, -9.3786 -2.3819 0.1772, -9.3786 -2.3688 0.1786, -9.4573 -2.3243 0.2231, -9.4573 -2.3229 0.2362, -9.4573 -2.1398 0.1437, -9.4573 -2.1235 0.1643, -9.4573 -2.2499 0.351, -9.4573 -2.1123 0.1713, -9.4573 -2.0998 0.1757, -9.4573 -2.3195 0.2814, -9.4573 -2.3097 0.3051, -9.4573 -2.1328 0.1549, -9.4573 -2.294 0.3255, -9.4573 -2.2736 0.3411, -9.4573 -2.3229 0.2559, -9.4573 -2.1457 0.1181, -9.4573 -2.1457 0.0591, -9.4573 -2.3287 0.2106, -9.4573 -2.3357 0.1994, -9.4573 -2.1442 0.1313, -9.4573 -2.1679 0.0129, -9.4573 -2.1791 0.0058, -9.4573 -2.3451 0.19, -9.4573 -2.1916 0.0015, -9.4573 -2.3563 0.183, -9.4573 -2.2047 0.0, -9.4573 -2.3688 0.1786, -9.4573 -2.628 0.0, -9.4573 -2.628 0.1772, -9.4573 -2.3819 0.1772, -9.4573 -2.1472 0.0459, -9.4573 -2.1515 0.0334, -9.4573 -2.1586 0.0222, -9.7723 1.9488 0.3543, -9.7723 2.2244 0.3543, -9.851 1.9488 0.3543, -9.851 2.2244 0.3543, -9.851 1.9488 0.1772, -9.851 2.0866 0.1772, -9.7723 1.9488 0.1772, -9.7723 2.0866 0.1772, -9.7723 2.3243 0.2231, -9.7723 2.3228 0.2362, -9.7723 2.1398 0.1437, -9.7723 2.1234 0.1643, -9.7723 2.2499 0.351, -9.7723 2.1122 0.1713, -9.7723 2.0997 0.1757, -9.7723 2.3195 0.2814, -9.7723 2.3096 0.3051, -9.7723 2.1328 0.1549, -9.7723 2.294 0.3255, -9.7723 2.2736 0.3411, -9.7723 2.3228 0.2559, -9.7723 2.1456 0.1181, -9.7723 2.1456 0.0591, -9.7723 2.3287 0.2106, -9.7723 2.3357 0.1994, -9.7723 2.1442 0.1313, -9.7723 2.1679 0.0129, -9.7723 2.1791 0.0058, -9.7723 2.345 0.19, -9.7723 2.1916 0.0015, -9.7723 2.3562 0.183, -9.7723 2.2047 0.0, -9.7723 2.3687 0.1786, -9.7723 2.6279 0.0, -9.7723 2.6279 0.1772, -9.7723 2.3819 0.1772, -9.7723 2.1471 0.0459, -9.7723 2.1515 0.0334, -9.7723 2.1585 0.0222, -9.851 2.3096 0.3051, -9.851 2.1328 0.1549, -9.851 2.294 0.3255, -9.851 2.1234 0.1643, -9.851 2.2736 0.3411, -9.851 2.2499 0.351, -9.851 2.1122 0.1713, -9.851 2.1398 0.1437, -9.851 2.3243 0.2231, -9.851 2.1442 0.1313, -9.851 2.3287 0.2106, -9.851 2.3195 0.2814, -9.851 2.3228 0.2559, -9.851 2.3228 0.2362, -9.851 2.345 0.19, -9.851 2.3562 0.183, -9.851 2.2047 0.0, -9.851 2.0997 0.1757, -9.851 2.3357 0.1994, -9.851 2.1456 0.0591, -9.851 2.1456 0.1181, -9.851 2.1916 0.0015, -9.851 2.1791 0.0058, -9.851 2.1679 0.0129, -9.851 2.1585 0.0222, -9.851 2.1515 0.0334, -9.851 2.1471 0.0459, -9.851 2.6279 0.1772, -9.851 2.6279 0.0, -9.851 2.3819 0.1772, -9.851 2.3687 0.1786, -9.7723 -1.9488 0.1772, -9.7723 -2.0866 0.1772, -9.851 -1.9488 0.1772, -9.851 -2.0866 0.1772, -9.851 -1.9488 0.3543, -9.851 -2.2244 0.3543, -9.7723 -1.9488 0.3543, -9.7723 -2.2244 0.3543, -9.7723 -2.3097 0.3051, -9.7723 -2.1328 0.1549, -9.7723 -2.294 0.3255, -9.7723 -2.1235 0.1643, -9.7723 -2.2736 0.3411, -9.7723 -2.2499 0.351, -9.7723 -2.1123 0.1713, -9.7723 -2.1398 0.1437, -9.7723 -2.3243 0.2231, -9.7723 -2.1442 0.1313, -9.7723 -2.3287 0.2106, -9.7723 -2.3451 0.19, -9.7723 -2.3563 0.183, -9.7723 -2.2047 0.0, -9.7723 -2.3195 0.2814, -9.7723 -2.3229 0.2559, -9.7723 -2.3229 0.2362, -9.7723 -2.3357 0.1994, -9.7723 -2.1457 0.0591, -9.7723 -2.1457 0.1181, -9.7723 -2.0998 0.1757, -9.7723 -2.1916 0.0015, -9.7723 -2.1791 0.0058, -9.7723 -2.1679 0.0129, -9.7723 -2.1586 0.0222, -9.7723 -2.1515 0.0334, -9.7723 -2.1472 0.0459, -9.7723 -2.628 0.1772, -9.7723 -2.628 0.0, -9.7723 -2.3819 0.1772, -9.7723 -2.3688 0.1786, -9.851 -2.3243 0.2231, -9.851 -2.3229 0.2362, -9.851 -2.1398 0.1437, -9.851 -2.1235 0.1643, -9.851 -2.2499 0.351, -9.851 -2.1123 0.1713, -9.851 -2.0998 0.1757, -9.851 -2.3195 0.2814, -9.851 -2.3097 0.3051, -9.851 -2.1328 0.1549, -9.851 -2.294 0.3255, -9.851 -2.2736 0.3411, -9.851 -2.3229 0.2559, -9.851 -2.1457 0.1181, -9.851 -2.1457 0.0591, -9.851 -2.3287 0.2106, -9.851 -2.3357 0.1994, -9.851 -2.1442 0.1313, -9.851 -2.1679 0.0129, -9.851 -2.1791 0.0058, -9.851 -2.3451 0.19, -9.851 -2.1916 0.0015, -9.851 -2.3563 0.183, -9.851 -2.2047 0.0, -9.851 -2.3688 0.1786, -9.851 -2.628 0.0, -9.851 -2.628 0.1772, -9.851 -2.3819 0.1772, -9.851 -2.1472 0.0459, -9.851 -2.1515 0.0334, -9.851 -2.1586 0.0222, 10.4876 -0.9449 0.0787, 11.5225 -0.9449 0.0787, 10.4876 0.9449 0.0787, 11.5225 0.9449 0.0787, 11.5225 -0.9449 0.0, 10.4876 -0.9449 0.0, 11.5225 0.9449 0.0, 10.4876 0.9449 0.0, 10.4088 -0.9449 0.1969, 10.4088 0.9449 0.1969, 10.3301 -0.9449 0.1969, 10.3301 0.9449 0.1969, 10.4088 0.9449 0.1575, 10.4088 -0.9449 0.1575, 10.3301 0.9449 0.1575, 10.3301 -0.9449 0.1575, 10.47 0.9449 0.0807, 10.4525 0.9449 0.0039, 10.4534 0.9449 0.0865, 10.4192 0.9449 0.0156, 10.4385 0.9449 0.0959, 10.3894 0.9449 0.0344, 10.426 0.9449 0.1084, 10.3644 0.9449 0.0593, 10.4166 0.9449 0.1233, 10.3457 0.9449 0.0892, 10.4108 0.9449 0.14, 10.334 0.9449 0.1224, 10.4108 -0.9449 0.14, 10.334 -0.9449 0.1224, 10.4166 -0.9449 0.1233, 10.3457 -0.9449 0.0892, 10.426 -0.9449 0.1084, 10.3644 -0.9449 0.0593, 10.4385 -0.9449 0.0959, 10.3894 -0.9449 0.0344, 10.4534 -0.9449 0.0865, 10.4192 -0.9449 0.0156, 10.47 -0.9449 0.0807, 10.4525 -0.9449 0.0039, -10.4376 -0.9449 0.0787, -11.4726 -0.9449 0.0787, -10.4376 -0.9449 0.0, -11.4726 -0.9449 0.0, -10.4376 0.9449 0.0, -11.4726 0.9449 0.0, -10.4376 0.9449 0.0787, -11.4726 0.9449 0.0787, -10.3589 0.9449 0.1969, -10.3589 -0.9449 0.1969, -10.2801 0.9449 0.1969, -10.2801 -0.9449 0.1969, -10.3589 -0.9449 0.1575, -10.3589 0.9449 0.1575, -10.2801 -0.9449 0.1575, -10.2801 0.9449 0.1575, -10.3609 0.9449 0.14, -10.2841 0.9449 0.1224, -10.3667 0.9449 0.1233, -10.2957 0.9449 0.0892, -10.3761 0.9449 0.1084, -10.3145 0.9449 0.0593, -10.3885 0.9449 0.0959, -10.3394 0.9449 0.0344, -10.4035 0.9449 0.0865, -10.3693 0.9449 0.0156, -10.4201 0.9449 0.0807, -10.4026 0.9449 0.0039, -10.4201 -0.9449 0.0807, -10.4026 -0.9449 0.0039, -10.4035 -0.9449 0.0865, -10.3693 -0.9449 0.0156, -10.3885 -0.9449 0.0959, -10.3394 -0.9449 0.0344, -10.3761 -0.9449 0.1084, -10.3145 -0.9449 0.0593, -10.3667 -0.9449 0.1233, -10.2957 -0.9449 0.0892, -10.3609 -0.9449 0.14, -10.2841 -0.9449 0.1224
            ]
        }
        coordIndex [
            0,1,2,-1,2,1,3,-1,4,5,6,-1,6,5,7,-1,8,9,10,-1,11,12,13,-1,13,12,1,-1,13,1,14,-1,15,16,17,-1,17,16,18,-1,17,18,11,-1,11,18,19,-1,11,19,12,-1,10,9,17,-1,17,9,20,-1,17,20,15,-1,21,22,23,-1,23,22,24,-1,8,10,23,-1,23,10,25,-1,23,25,21,-1,0,6,1,-1,1,6,7,-1,1,7,14,-1,26,27,28,-1,28,27,29,-1,28,29,30,-1,30,29,31,-1,30,31,32,-1,33,34,31,-1,31,34,35,-1,31,35,32,-1,22,36,24,-1,24,36,37,-1,24,37,28,-1,28,37,38,-1,28,38,26,-1,39,40,41,-1,41,40,42,-1,41,42,43,-1,43,42,44,-1,44,42,45,-1,44,45,3,-1,46,47,48,-1,48,47,49,-1,39,50,40,-1,40,50,51,-1,40,51,46,-1,46,51,52,-1,46,52,47,-1,53,54,55,-1,4,2,5,-1,5,2,3,-1,5,3,56,-1,56,3,45,-1,57,58,49,-1,49,58,59,-1,49,59,48,-1,55,60,53,-1,53,60,61,-1,53,61,62,-1,62,63,53,-1,53,63,64,-1,53,64,57,-1,57,64,65,-1,57,65,58,-1,66,67,68,-1,68,67,55,-1,68,55,69,-1,69,55,54,-1,22,58,65,-1,22,65,36,-1,36,65,64,-1,36,64,37,-1,37,64,63,-1,37,63,38,-1,38,63,62,-1,38,62,26,-1,26,62,61,-1,26,61,27,-1,27,61,60,-1,27,60,29,-1,29,60,55,-1,29,55,31,-1,33,31,67,-1,67,31,55,-1,34,33,66,-1,66,33,67,-1,35,34,68,-1,68,34,66,-1,35,68,69,-1,35,69,32,-1,32,69,54,-1,32,54,30,-1,30,54,53,-1,30,53,28,-1,28,53,57,-1,28,57,24,-1,24,57,49,-1,24,49,23,-1,23,49,47,-1,23,47,8,-1,8,47,52,-1,8,52,9,-1,20,9,51,-1,51,9,52,-1,20,51,50,-1,20,50,15,-1,15,50,39,-1,15,39,16,-1,16,39,41,-1,16,41,18,-1,18,41,43,-1,18,43,19,-1,19,43,44,-1,19,44,12,-1,12,44,3,-1,12,3,1,-1,7,5,56,-1,7,56,14,-1,14,56,45,-1,14,45,13,-1,13,45,42,-1,13,42,11,-1,11,42,40,-1,11,40,17,-1,17,40,46,-1,17,46,10,-1,10,46,48,-1,10,48,25,-1,25,48,59,-1,25,59,21,-1,22,21,58,-1,58,21,59,-1,70,71,72,-1,72,71,73,-1,74,75,76,-1,76,75,77,-1,78,79,80,-1,80,79,81,-1,80,81,82,-1,82,81,83,-1,83,81,84,-1,83,84,77,-1,85,86,87,-1,87,86,88,-1,89,90,91,-1,78,92,79,-1,79,92,93,-1,79,93,85,-1,85,93,94,-1,85,94,86,-1,95,96,88,-1,88,96,97,-1,88,97,87,-1,70,76,71,-1,71,76,77,-1,71,77,98,-1,98,77,84,-1,91,99,89,-1,89,99,100,-1,89,100,101,-1,101,102,89,-1,89,102,103,-1,89,103,95,-1,95,103,104,-1,95,104,96,-1,105,106,107,-1,107,106,91,-1,107,91,108,-1,108,91,90,-1,109,110,111,-1,112,113,114,-1,114,113,75,-1,114,75,115,-1,116,117,118,-1,118,117,119,-1,118,119,112,-1,112,119,120,-1,112,120,113,-1,111,110,118,-1,118,110,121,-1,118,121,116,-1,122,123,124,-1,124,123,125,-1,109,111,124,-1,124,111,126,-1,124,126,122,-1,74,72,75,-1,75,72,73,-1,75,73,115,-1,127,128,129,-1,129,128,130,-1,129,130,131,-1,131,130,132,-1,131,132,133,-1,134,135,132,-1,132,135,136,-1,132,136,133,-1,123,137,125,-1,125,137,138,-1,125,138,129,-1,129,138,139,-1,129,139,127,-1,91,132,130,-1,91,130,99,-1,99,130,128,-1,99,128,100,-1,100,128,127,-1,100,127,101,-1,101,127,139,-1,101,139,102,-1,102,139,138,-1,102,138,103,-1,103,138,137,-1,103,137,104,-1,104,137,123,-1,104,123,96,-1,97,96,122,-1,122,96,123,-1,97,122,126,-1,97,126,87,-1,87,126,111,-1,87,111,85,-1,85,111,118,-1,85,118,79,-1,79,118,112,-1,79,112,81,-1,81,112,114,-1,81,114,84,-1,84,114,115,-1,84,115,98,-1,98,115,73,-1,98,73,71,-1,77,75,113,-1,77,113,83,-1,83,113,120,-1,83,120,82,-1,82,120,119,-1,82,119,80,-1,80,119,117,-1,80,117,78,-1,78,117,116,-1,78,116,92,-1,92,116,121,-1,92,121,93,-1,94,93,110,-1,110,93,121,-1,94,110,109,-1,94,109,86,-1,86,109,124,-1,86,124,88,-1,88,124,125,-1,88,125,95,-1,95,125,129,-1,95,129,89,-1,89,129,131,-1,89,131,90,-1,90,131,133,-1,90,133,108,-1,108,133,136,-1,108,136,107,-1,105,107,135,-1,135,107,136,-1,106,105,134,-1,134,105,135,-1,91,106,132,-1,132,106,134,-1,140,141,142,-1,142,141,143,-1,144,145,146,-1,146,145,147,-1,148,149,150,-1,151,152,153,-1,153,152,141,-1,153,141,154,-1,155,156,157,-1,157,156,158,-1,157,158,151,-1,151,158,159,-1,151,159,152,-1,150,149,157,-1,157,149,160,-1,157,160,155,-1,161,162,163,-1,163,162,164,-1,148,150,163,-1,163,150,165,-1,163,165,161,-1,140,146,141,-1,141,146,147,-1,141,147,154,-1,166,167,168,-1,168,167,169,-1,168,169,170,-1,170,169,171,-1,170,171,172,-1,173,174,171,-1,171,174,175,-1,171,175,172,-1,162,176,164,-1,164,176,177,-1,164,177,168,-1,168,177,178,-1,168,178,166,-1,179,180,181,-1,181,180,182,-1,181,182,183,-1,183,182,184,-1,184,182,185,-1,184,185,143,-1,186,187,188,-1,188,187,189,-1,179,190,180,-1,180,190,191,-1,180,191,186,-1,186,191,192,-1,186,192,187,-1,193,194,195,-1,144,142,145,-1,145,142,143,-1,145,143,196,-1,196,143,185,-1,197,198,189,-1,189,198,199,-1,189,199,188,-1,195,200,193,-1,193,200,201,-1,193,201,202,-1,202,203,193,-1,193,203,204,-1,193,204,197,-1,197,204,205,-1,197,205,198,-1,206,207,208,-1,208,207,195,-1,208,195,209,-1,209,195,194,-1,162,198,205,-1,162,205,176,-1,176,205,204,-1,176,204,177,-1,177,204,203,-1,177,203,178,-1,178,203,202,-1,178,202,166,-1,166,202,201,-1,166,201,167,-1,167,201,200,-1,167,200,169,-1,169,200,195,-1,169,195,171,-1,173,171,207,-1,207,171,195,-1,174,173,206,-1,206,173,207,-1,175,174,208,-1,208,174,206,-1,175,208,209,-1,175,209,172,-1,172,209,194,-1,172,194,170,-1,170,194,193,-1,170,193,168,-1,168,193,197,-1,168,197,164,-1,164,197,189,-1,164,189,163,-1,163,189,187,-1,163,187,148,-1,148,187,192,-1,148,192,149,-1,160,149,191,-1,191,149,192,-1,160,191,190,-1,160,190,155,-1,155,190,179,-1,155,179,156,-1,156,179,181,-1,156,181,158,-1,158,181,183,-1,158,183,159,-1,159,183,184,-1,159,184,152,-1,152,184,143,-1,152,143,141,-1,147,145,196,-1,147,196,154,-1,154,196,185,-1,154,185,153,-1,153,185,182,-1,153,182,151,-1,151,182,180,-1,151,180,157,-1,157,180,186,-1,157,186,150,-1,150,186,188,-1,150,188,165,-1,165,188,199,-1,165,199,161,-1,162,161,198,-1,198,161,199,-1,210,211,212,-1,212,211,213,-1,214,215,216,-1,216,215,217,-1,218,219,220,-1,220,219,221,-1,220,221,222,-1,222,221,223,-1,223,221,224,-1,223,224,217,-1,225,226,227,-1,227,226,228,-1,229,230,231,-1,218,232,219,-1,219,232,233,-1,219,233,225,-1,225,233,234,-1,225,234,226,-1,235,236,228,-1,228,236,237,-1,228,237,227,-1,210,216,211,-1,211,216,217,-1,211,217,238,-1,238,217,224,-1,231,239,229,-1,229,239,240,-1,229,240,241,-1,241,242,229,-1,229,242,243,-1,229,243,235,-1,235,243,244,-1,235,244,236,-1,245,246,247,-1,247,246,231,-1,247,231,248,-1,248,231,230,-1,249,250,251,-1,252,253,254,-1,254,253,215,-1,254,215,255,-1,256,257,258,-1,258,257,259,-1,258,259,252,-1,252,259,260,-1,252,260,253,-1,251,250,258,-1,258,250,261,-1,258,261,256,-1,262,263,264,-1,264,263,265,-1,249,251,264,-1,264,251,266,-1,264,266,262,-1,214,212,215,-1,215,212,213,-1,215,213,255,-1,267,268,269,-1,269,268,270,-1,269,270,271,-1,271,270,272,-1,271,272,273,-1,274,275,272,-1,272,275,276,-1,272,276,273,-1,263,277,265,-1,265,277,278,-1,265,278,269,-1,269,278,279,-1,269,279,267,-1,231,272,270,-1,231,270,239,-1,239,270,268,-1,239,268,240,-1,240,268,267,-1,240,267,241,-1,241,267,279,-1,241,279,242,-1,242,279,278,-1,242,278,243,-1,243,278,277,-1,243,277,244,-1,244,277,263,-1,244,263,236,-1,237,236,262,-1,262,236,263,-1,237,262,266,-1,237,266,227,-1,227,266,251,-1,227,251,225,-1,225,251,258,-1,225,258,219,-1,219,258,252,-1,219,252,221,-1,221,252,254,-1,221,254,224,-1,224,254,255,-1,224,255,238,-1,238,255,213,-1,238,213,211,-1,217,215,253,-1,217,253,223,-1,223,253,260,-1,223,260,222,-1,222,260,259,-1,222,259,220,-1,220,259,257,-1,220,257,218,-1,218,257,256,-1,218,256,232,-1,232,256,261,-1,232,261,233,-1,234,233,250,-1,250,233,261,-1,234,250,249,-1,234,249,226,-1,226,249,264,-1,226,264,228,-1,228,264,265,-1,228,265,235,-1,235,265,269,-1,235,269,229,-1,229,269,271,-1,229,271,230,-1,230,271,273,-1,230,273,248,-1,248,273,276,-1,248,276,247,-1,245,247,275,-1,275,247,276,-1,246,245,274,-1,274,245,275,-1,231,246,272,-1,272,246,274,-1,280,281,282,-1,282,281,283,-1,284,285,286,-1,286,285,287,-1,288,289,290,-1,291,292,293,-1,293,292,281,-1,293,281,294,-1,295,296,297,-1,297,296,298,-1,297,298,291,-1,291,298,299,-1,291,299,292,-1,290,289,297,-1,297,289,300,-1,297,300,295,-1,301,302,303,-1,303,302,304,-1,288,290,303,-1,303,290,305,-1,303,305,301,-1,280,286,281,-1,281,286,287,-1,281,287,294,-1,306,307,308,-1,308,307,309,-1,308,309,310,-1,310,309,311,-1,310,311,312,-1,313,314,311,-1,311,314,315,-1,311,315,312,-1,302,316,304,-1,304,316,317,-1,304,317,308,-1,308,317,318,-1,308,318,306,-1,319,320,321,-1,321,320,322,-1,321,322,323,-1,323,322,324,-1,324,322,325,-1,324,325,283,-1,326,327,328,-1,328,327,329,-1,319,330,320,-1,320,330,331,-1,320,331,326,-1,326,331,332,-1,326,332,327,-1,333,334,335,-1,284,282,285,-1,285,282,283,-1,285,283,336,-1,336,283,325,-1,337,338,329,-1,329,338,339,-1,329,339,328,-1,335,340,333,-1,333,340,341,-1,333,341,342,-1,342,343,333,-1,333,343,344,-1,333,344,337,-1,337,344,345,-1,337,345,338,-1,346,347,348,-1,348,347,335,-1,348,335,349,-1,349,335,334,-1,302,338,345,-1,302,345,316,-1,316,345,344,-1,316,344,317,-1,317,344,343,-1,317,343,318,-1,318,343,342,-1,318,342,306,-1,306,342,341,-1,306,341,307,-1,307,341,340,-1,307,340,309,-1,309,340,335,-1,309,335,311,-1,313,311,347,-1,347,311,335,-1,314,313,346,-1,346,313,347,-1,315,314,348,-1,348,314,346,-1,315,348,349,-1,315,349,312,-1,312,349,334,-1,312,334,310,-1,310,334,333,-1,310,333,308,-1,308,333,337,-1,308,337,304,-1,304,337,329,-1,304,329,303,-1,303,329,327,-1,303,327,288,-1,288,327,332,-1,288,332,289,-1,300,289,331,-1,331,289,332,-1,300,331,330,-1,300,330,295,-1,295,330,319,-1,295,319,296,-1,296,319,321,-1,296,321,298,-1,298,321,323,-1,298,323,299,-1,299,323,324,-1,299,324,292,-1,292,324,283,-1,292,283,281,-1,287,285,336,-1,287,336,294,-1,294,336,325,-1,294,325,293,-1,293,325,322,-1,293,322,291,-1,291,322,320,-1,291,320,297,-1,297,320,326,-1,297,326,290,-1,290,326,328,-1,290,328,305,-1,305,328,339,-1,305,339,301,-1,302,301,338,-1,338,301,339,-1,350,351,352,-1,352,351,353,-1,354,355,356,-1,356,355,357,-1,358,359,360,-1,360,359,361,-1,360,361,362,-1,362,361,363,-1,363,361,364,-1,363,364,357,-1,365,366,367,-1,367,366,368,-1,369,370,371,-1,358,372,359,-1,359,372,373,-1,359,373,365,-1,365,373,374,-1,365,374,366,-1,375,376,368,-1,368,376,377,-1,368,377,367,-1,350,356,351,-1,351,356,357,-1,351,357,378,-1,378,357,364,-1,371,379,369,-1,369,379,380,-1,369,380,381,-1,381,382,369,-1,369,382,383,-1,369,383,375,-1,375,383,384,-1,375,384,376,-1,385,386,387,-1,387,386,371,-1,387,371,388,-1,388,371,370,-1,389,390,391,-1,392,393,394,-1,394,393,355,-1,394,355,395,-1,396,397,398,-1,398,397,399,-1,398,399,392,-1,392,399,400,-1,392,400,393,-1,391,390,398,-1,398,390,401,-1,398,401,396,-1,402,403,404,-1,404,403,405,-1,389,391,404,-1,404,391,406,-1,404,406,402,-1,354,352,355,-1,355,352,353,-1,355,353,395,-1,407,408,409,-1,409,408,410,-1,409,410,411,-1,411,410,412,-1,411,412,413,-1,414,415,412,-1,412,415,416,-1,412,416,413,-1,403,417,405,-1,405,417,418,-1,405,418,409,-1,409,418,419,-1,409,419,407,-1,371,412,410,-1,371,410,379,-1,379,410,408,-1,379,408,380,-1,380,408,407,-1,380,407,381,-1,381,407,419,-1,381,419,382,-1,382,419,418,-1,382,418,383,-1,383,418,417,-1,383,417,384,-1,384,417,403,-1,384,403,376,-1,377,376,402,-1,402,376,403,-1,377,402,406,-1,377,406,367,-1,367,406,391,-1,367,391,365,-1,365,391,398,-1,365,398,359,-1,359,398,392,-1,359,392,361,-1,361,392,394,-1,361,394,364,-1,364,394,395,-1,364,395,378,-1,378,395,353,-1,378,353,351,-1,357,355,393,-1,357,393,363,-1,363,393,400,-1,363,400,362,-1,362,400,399,-1,362,399,360,-1,360,399,397,-1,360,397,358,-1,358,397,396,-1,358,396,372,-1,372,396,401,-1,372,401,373,-1,374,373,390,-1,390,373,401,-1,374,390,389,-1,374,389,366,-1,366,389,404,-1,366,404,368,-1,368,404,405,-1,368,405,375,-1,375,405,409,-1,375,409,369,-1,369,409,411,-1,369,411,370,-1,370,411,413,-1,370,413,388,-1,388,413,416,-1,388,416,387,-1,385,387,415,-1,415,387,416,-1,386,385,414,-1,414,385,415,-1,371,386,412,-1,412,386,414,-1,420,421,422,-1,422,421,423,-1,424,425,426,-1,426,425,427,-1,428,429,430,-1,431,432,433,-1,433,432,421,-1,433,421,434,-1,435,436,437,-1,437,436,438,-1,437,438,431,-1,431,438,439,-1,431,439,432,-1,430,429,437,-1,437,429,440,-1,437,440,435,-1,441,442,443,-1,443,442,444,-1,428,430,443,-1,443,430,445,-1,443,445,441,-1,420,426,421,-1,421,426,427,-1,421,427,434,-1,446,447,448,-1,448,447,449,-1,448,449,450,-1,450,449,451,-1,450,451,452,-1,453,454,451,-1,451,454,455,-1,451,455,452,-1,442,456,444,-1,444,456,457,-1,444,457,448,-1,448,457,458,-1,448,458,446,-1,459,460,461,-1,461,460,462,-1,461,462,463,-1,463,462,464,-1,464,462,465,-1,464,465,423,-1,466,467,468,-1,468,467,469,-1,459,470,460,-1,460,470,471,-1,460,471,466,-1,466,471,472,-1,466,472,467,-1,473,474,475,-1,424,422,425,-1,425,422,423,-1,425,423,476,-1,476,423,465,-1,477,478,469,-1,469,478,479,-1,469,479,468,-1,475,480,473,-1,473,480,481,-1,473,481,482,-1,482,483,473,-1,473,483,484,-1,473,484,477,-1,477,484,485,-1,477,485,478,-1,486,487,488,-1,488,487,475,-1,488,475,489,-1,489,475,474,-1,442,478,485,-1,442,485,456,-1,456,485,484,-1,456,484,457,-1,457,484,483,-1,457,483,458,-1,458,483,482,-1,458,482,446,-1,446,482,481,-1,446,481,447,-1,447,481,480,-1,447,480,449,-1,449,480,475,-1,449,475,451,-1,453,451,487,-1,487,451,475,-1,454,453,486,-1,486,453,487,-1,455,454,488,-1,488,454,486,-1,455,488,489,-1,455,489,452,-1,452,489,474,-1,452,474,450,-1,450,474,473,-1,450,473,448,-1,448,473,477,-1,448,477,444,-1,444,477,469,-1,444,469,443,-1,443,469,467,-1,443,467,428,-1,428,467,472,-1,428,472,429,-1,440,429,471,-1,471,429,472,-1,440,471,470,-1,440,470,435,-1,435,470,459,-1,435,459,436,-1,436,459,461,-1,436,461,438,-1,438,461,463,-1,438,463,439,-1,439,463,464,-1,439,464,432,-1,432,464,423,-1,432,423,421,-1,427,425,476,-1,427,476,434,-1,434,476,465,-1,434,465,433,-1,433,465,462,-1,433,462,431,-1,431,462,460,-1,431,460,437,-1,437,460,466,-1,437,466,430,-1,430,466,468,-1,430,468,445,-1,445,468,479,-1,445,479,441,-1,442,441,478,-1,478,441,479,-1,490,491,492,-1,492,491,493,-1,494,495,496,-1,496,495,497,-1,498,499,500,-1,500,499,501,-1,500,501,502,-1,502,501,503,-1,503,501,504,-1,503,504,497,-1,505,506,507,-1,507,506,508,-1,509,510,511,-1,498,512,499,-1,499,512,513,-1,499,513,505,-1,505,513,514,-1,505,514,506,-1,515,516,508,-1,508,516,517,-1,508,517,507,-1,490,496,491,-1,491,496,497,-1,491,497,518,-1,518,497,504,-1,511,519,509,-1,509,519,520,-1,509,520,521,-1,521,522,509,-1,509,522,523,-1,509,523,515,-1,515,523,524,-1,515,524,516,-1,525,526,527,-1,527,526,511,-1,527,511,528,-1,528,511,510,-1,529,530,531,-1,532,533,534,-1,534,533,495,-1,534,495,535,-1,536,537,538,-1,538,537,539,-1,538,539,532,-1,532,539,540,-1,532,540,533,-1,531,530,538,-1,538,530,541,-1,538,541,536,-1,542,543,544,-1,544,543,545,-1,529,531,544,-1,544,531,546,-1,544,546,542,-1,494,492,495,-1,495,492,493,-1,495,493,535,-1,547,548,549,-1,549,548,550,-1,549,550,551,-1,551,550,552,-1,551,552,553,-1,554,555,552,-1,552,555,556,-1,552,556,553,-1,543,557,545,-1,545,557,558,-1,545,558,549,-1,549,558,559,-1,549,559,547,-1,511,552,550,-1,511,550,519,-1,519,550,548,-1,519,548,520,-1,520,548,547,-1,520,547,521,-1,521,547,559,-1,521,559,522,-1,522,559,558,-1,522,558,523,-1,523,558,557,-1,523,557,524,-1,524,557,543,-1,524,543,516,-1,517,516,542,-1,542,516,543,-1,517,542,546,-1,517,546,507,-1,507,546,531,-1,507,531,505,-1,505,531,538,-1,505,538,499,-1,499,538,532,-1,499,532,501,-1,501,532,534,-1,501,534,504,-1,504,534,535,-1,504,535,518,-1,518,535,493,-1,518,493,491,-1,497,495,533,-1,497,533,503,-1,503,533,540,-1,503,540,502,-1,502,540,539,-1,502,539,500,-1,500,539,537,-1,500,537,498,-1,498,537,536,-1,498,536,512,-1,512,536,541,-1,512,541,513,-1,514,513,530,-1,530,513,541,-1,514,530,529,-1,514,529,506,-1,506,529,544,-1,506,544,508,-1,508,544,545,-1,508,545,515,-1,515,545,549,-1,515,549,509,-1,509,549,551,-1,509,551,510,-1,510,551,553,-1,510,553,528,-1,528,553,556,-1,528,556,527,-1,525,527,555,-1,555,527,556,-1,526,525,554,-1,554,525,555,-1,511,526,552,-1,552,526,554,-1,560,561,562,-1,562,561,563,-1,564,565,566,-1,566,565,567,-1,568,569,570,-1,571,572,573,-1,573,572,561,-1,573,561,574,-1,575,576,577,-1,577,576,578,-1,577,578,571,-1,571,578,579,-1,571,579,572,-1,570,569,577,-1,577,569,580,-1,577,580,575,-1,581,582,583,-1,583,582,584,-1,568,570,583,-1,583,570,585,-1,583,585,581,-1,560,566,561,-1,561,566,567,-1,561,567,574,-1,586,587,588,-1,588,587,589,-1,588,589,590,-1,590,589,591,-1,590,591,592,-1,593,594,591,-1,591,594,595,-1,591,595,592,-1,582,596,584,-1,584,596,597,-1,584,597,588,-1,588,597,598,-1,588,598,586,-1,599,600,601,-1,601,600,602,-1,601,602,603,-1,603,602,604,-1,604,602,605,-1,604,605,563,-1,606,607,608,-1,608,607,609,-1,599,610,600,-1,600,610,611,-1,600,611,606,-1,606,611,612,-1,606,612,607,-1,613,614,615,-1,564,562,565,-1,565,562,563,-1,565,563,616,-1,616,563,605,-1,617,618,609,-1,609,618,619,-1,609,619,608,-1,615,620,613,-1,613,620,621,-1,613,621,622,-1,622,623,613,-1,613,623,624,-1,613,624,617,-1,617,624,625,-1,617,625,618,-1,626,627,628,-1,628,627,615,-1,628,615,629,-1,629,615,614,-1,582,618,625,-1,582,625,596,-1,596,625,624,-1,596,624,597,-1,597,624,623,-1,597,623,598,-1,598,623,622,-1,598,622,586,-1,586,622,621,-1,586,621,587,-1,587,621,620,-1,587,620,589,-1,589,620,615,-1,589,615,591,-1,593,591,627,-1,627,591,615,-1,594,593,626,-1,626,593,627,-1,595,594,628,-1,628,594,626,-1,595,628,629,-1,595,629,592,-1,592,629,614,-1,592,614,590,-1,590,614,613,-1,590,613,588,-1,588,613,617,-1,588,617,584,-1,584,617,609,-1,584,609,583,-1,583,609,607,-1,583,607,568,-1,568,607,612,-1,568,612,569,-1,580,569,611,-1,611,569,612,-1,580,611,610,-1,580,610,575,-1,575,610,599,-1,575,599,576,-1,576,599,601,-1,576,601,578,-1,578,601,603,-1,578,603,579,-1,579,603,604,-1,579,604,572,-1,572,604,563,-1,572,563,561,-1,567,565,616,-1,567,616,574,-1,574,616,605,-1,574,605,573,-1,573,605,602,-1,573,602,571,-1,571,602,600,-1,571,600,577,-1,577,600,606,-1,577,606,570,-1,570,606,608,-1,570,608,585,-1,585,608,619,-1,585,619,581,-1,582,581,618,-1,618,581,619,-1,630,631,632,-1,632,631,633,-1,634,635,636,-1,636,635,637,-1,638,639,640,-1,640,639,641,-1,640,641,642,-1,642,641,643,-1,643,641,644,-1,643,644,637,-1,645,646,647,-1,647,646,648,-1,649,650,651,-1,638,652,639,-1,639,652,653,-1,639,653,645,-1,645,653,654,-1,645,654,646,-1,655,656,648,-1,648,656,657,-1,648,657,647,-1,630,636,631,-1,631,636,637,-1,631,637,658,-1,658,637,644,-1,651,659,649,-1,649,659,660,-1,649,660,661,-1,661,662,649,-1,649,662,663,-1,649,663,655,-1,655,663,664,-1,655,664,656,-1,665,666,667,-1,667,666,651,-1,667,651,668,-1,668,651,650,-1,669,670,671,-1,672,673,674,-1,674,673,635,-1,674,635,675,-1,676,677,678,-1,678,677,679,-1,678,679,672,-1,672,679,680,-1,672,680,673,-1,671,670,678,-1,678,670,681,-1,678,681,676,-1,682,683,684,-1,684,683,685,-1,669,671,684,-1,684,671,686,-1,684,686,682,-1,634,632,635,-1,635,632,633,-1,635,633,675,-1,687,688,689,-1,689,688,690,-1,689,690,691,-1,691,690,692,-1,691,692,693,-1,694,695,692,-1,692,695,696,-1,692,696,693,-1,683,697,685,-1,685,697,698,-1,685,698,689,-1,689,698,699,-1,689,699,687,-1,651,692,690,-1,651,690,659,-1,659,690,688,-1,659,688,660,-1,660,688,687,-1,660,687,661,-1,661,687,699,-1,661,699,662,-1,662,699,698,-1,662,698,663,-1,663,698,697,-1,663,697,664,-1,664,697,683,-1,664,683,656,-1,657,656,682,-1,682,656,683,-1,657,682,686,-1,657,686,647,-1,647,686,671,-1,647,671,645,-1,645,671,678,-1,645,678,639,-1,639,678,672,-1,639,672,641,-1,641,672,674,-1,641,674,644,-1,644,674,675,-1,644,675,658,-1,658,675,633,-1,658,633,631,-1,637,635,673,-1,637,673,643,-1,643,673,680,-1,643,680,642,-1,642,680,679,-1,642,679,640,-1,640,679,677,-1,640,677,638,-1,638,677,676,-1,638,676,652,-1,652,676,681,-1,652,681,653,-1,654,653,670,-1,670,653,681,-1,654,670,669,-1,654,669,646,-1,646,669,684,-1,646,684,648,-1,648,684,685,-1,648,685,655,-1,655,685,689,-1,655,689,649,-1,649,689,691,-1,649,691,650,-1,650,691,693,-1,650,693,668,-1,668,693,696,-1,668,696,667,-1,665,667,695,-1,695,667,696,-1,666,665,694,-1,694,665,695,-1,651,666,692,-1,692,666,694,-1,700,701,702,-1,702,701,703,-1,704,705,706,-1,706,705,707,-1,708,709,710,-1,711,712,713,-1,713,712,701,-1,713,701,714,-1,715,716,717,-1,717,716,718,-1,717,718,711,-1,711,718,719,-1,711,719,712,-1,710,709,717,-1,717,709,720,-1,717,720,715,-1,721,722,723,-1,723,722,724,-1,708,710,723,-1,723,710,725,-1,723,725,721,-1,700,706,701,-1,701,706,707,-1,701,707,714,-1,726,727,728,-1,728,727,729,-1,728,729,730,-1,730,729,731,-1,730,731,732,-1,733,734,731,-1,731,734,735,-1,731,735,732,-1,722,736,724,-1,724,736,737,-1,724,737,728,-1,728,737,738,-1,728,738,726,-1,739,740,741,-1,741,740,742,-1,741,742,743,-1,743,742,744,-1,744,742,745,-1,744,745,703,-1,746,747,748,-1,748,747,749,-1,739,750,740,-1,740,750,751,-1,740,751,746,-1,746,751,752,-1,746,752,747,-1,753,754,755,-1,704,702,705,-1,705,702,703,-1,705,703,756,-1,756,703,745,-1,757,758,749,-1,749,758,759,-1,749,759,748,-1,755,760,753,-1,753,760,761,-1,753,761,762,-1,762,763,753,-1,753,763,764,-1,753,764,757,-1,757,764,765,-1,757,765,758,-1,766,767,768,-1,768,767,755,-1,768,755,769,-1,769,755,754,-1,722,758,765,-1,722,765,736,-1,736,765,764,-1,736,764,737,-1,737,764,763,-1,737,763,738,-1,738,763,762,-1,738,762,726,-1,726,762,761,-1,726,761,727,-1,727,761,760,-1,727,760,729,-1,729,760,755,-1,729,755,731,-1,733,731,767,-1,767,731,755,-1,734,733,766,-1,766,733,767,-1,735,734,768,-1,768,734,766,-1,735,768,769,-1,735,769,732,-1,732,769,754,-1,732,754,730,-1,730,754,753,-1,730,753,728,-1,728,753,757,-1,728,757,724,-1,724,757,749,-1,724,749,723,-1,723,749,747,-1,723,747,708,-1,708,747,752,-1,708,752,709,-1,720,709,751,-1,751,709,752,-1,720,751,750,-1,720,750,715,-1,715,750,739,-1,715,739,716,-1,716,739,741,-1,716,741,718,-1,718,741,743,-1,718,743,719,-1,719,743,744,-1,719,744,712,-1,712,744,703,-1,712,703,701,-1,707,705,756,-1,707,756,714,-1,714,756,745,-1,714,745,713,-1,713,745,742,-1,713,742,711,-1,711,742,740,-1,711,740,717,-1,717,740,746,-1,717,746,710,-1,710,746,748,-1,710,748,725,-1,725,748,759,-1,725,759,721,-1,722,721,758,-1,758,721,759,-1,770,771,772,-1,772,771,773,-1,774,775,776,-1,776,775,777,-1,778,779,780,-1,780,779,781,-1,780,781,782,-1,782,781,783,-1,783,781,784,-1,783,784,777,-1,785,786,787,-1,787,786,788,-1,789,790,791,-1,778,792,779,-1,779,792,793,-1,779,793,785,-1,785,793,794,-1,785,794,786,-1,795,796,788,-1,788,796,797,-1,788,797,787,-1,770,776,771,-1,771,776,777,-1,771,777,798,-1,798,777,784,-1,791,799,789,-1,789,799,800,-1,789,800,801,-1,801,802,789,-1,789,802,803,-1,789,803,795,-1,795,803,804,-1,795,804,796,-1,805,806,807,-1,807,806,791,-1,807,791,808,-1,808,791,790,-1,809,810,811,-1,812,813,814,-1,814,813,775,-1,814,775,815,-1,816,817,818,-1,818,817,819,-1,818,819,812,-1,812,819,820,-1,812,820,813,-1,811,810,818,-1,818,810,821,-1,818,821,816,-1,822,823,824,-1,824,823,825,-1,809,811,824,-1,824,811,826,-1,824,826,822,-1,774,772,775,-1,775,772,773,-1,775,773,815,-1,827,828,829,-1,829,828,830,-1,829,830,831,-1,831,830,832,-1,831,832,833,-1,834,835,832,-1,832,835,836,-1,832,836,833,-1,823,837,825,-1,825,837,838,-1,825,838,829,-1,829,838,839,-1,829,839,827,-1,791,832,830,-1,791,830,799,-1,799,830,828,-1,799,828,800,-1,800,828,827,-1,800,827,801,-1,801,827,839,-1,801,839,802,-1,802,839,838,-1,802,838,803,-1,803,838,837,-1,803,837,804,-1,804,837,823,-1,804,823,796,-1,797,796,822,-1,822,796,823,-1,797,822,826,-1,797,826,787,-1,787,826,811,-1,787,811,785,-1,785,811,818,-1,785,818,779,-1,779,818,812,-1,779,812,781,-1,781,812,814,-1,781,814,784,-1,784,814,815,-1,784,815,798,-1,798,815,773,-1,798,773,771,-1,777,775,813,-1,777,813,783,-1,783,813,820,-1,783,820,782,-1,782,820,819,-1,782,819,780,-1,780,819,817,-1,780,817,778,-1,778,817,816,-1,778,816,792,-1,792,816,821,-1,792,821,793,-1,794,793,810,-1,810,793,821,-1,794,810,809,-1,794,809,786,-1,786,809,824,-1,786,824,788,-1,788,824,825,-1,788,825,795,-1,795,825,829,-1,795,829,789,-1,789,829,831,-1,789,831,790,-1,790,831,833,-1,790,833,808,-1,808,833,836,-1,808,836,807,-1,805,807,835,-1,835,807,836,-1,806,805,834,-1,834,805,835,-1,791,806,832,-1,832,806,834,-1,840,841,842,-1,842,841,843,-1,844,845,846,-1,846,845,847,-1,848,849,850,-1,851,852,853,-1,853,852,841,-1,853,841,854,-1,855,856,857,-1,857,856,858,-1,857,858,851,-1,851,858,859,-1,851,859,852,-1,850,849,857,-1,857,849,860,-1,857,860,855,-1,861,862,863,-1,863,862,864,-1,848,850,863,-1,863,850,865,-1,863,865,861,-1,840,846,841,-1,841,846,847,-1,841,847,854,-1,866,867,868,-1,868,867,869,-1,868,869,870,-1,870,869,871,-1,870,871,872,-1,873,874,871,-1,871,874,875,-1,871,875,872,-1,862,876,864,-1,864,876,877,-1,864,877,868,-1,868,877,878,-1,868,878,866,-1,879,880,881,-1,881,880,882,-1,881,882,883,-1,883,882,884,-1,884,882,885,-1,884,885,843,-1,886,887,888,-1,888,887,889,-1,879,890,880,-1,880,890,891,-1,880,891,886,-1,886,891,892,-1,886,892,887,-1,893,894,895,-1,844,842,845,-1,845,842,843,-1,845,843,896,-1,896,843,885,-1,897,898,889,-1,889,898,899,-1,889,899,888,-1,895,900,893,-1,893,900,901,-1,893,901,902,-1,902,903,893,-1,893,903,904,-1,893,904,897,-1,897,904,905,-1,897,905,898,-1,906,907,908,-1,908,907,895,-1,908,895,909,-1,909,895,894,-1,862,898,905,-1,862,905,876,-1,876,905,904,-1,876,904,877,-1,877,904,903,-1,877,903,878,-1,878,903,902,-1,878,902,866,-1,866,902,901,-1,866,901,867,-1,867,901,900,-1,867,900,869,-1,869,900,895,-1,869,895,871,-1,873,871,907,-1,907,871,895,-1,874,873,906,-1,906,873,907,-1,875,874,908,-1,908,874,906,-1,875,908,909,-1,875,909,872,-1,872,909,894,-1,872,894,870,-1,870,894,893,-1,870,893,868,-1,868,893,897,-1,868,897,864,-1,864,897,889,-1,864,889,863,-1,863,889,887,-1,863,887,848,-1,848,887,892,-1,848,892,849,-1,860,849,891,-1,891,849,892,-1,860,891,890,-1,860,890,855,-1,855,890,879,-1,855,879,856,-1,856,879,881,-1,856,881,858,-1,858,881,883,-1,858,883,859,-1,859,883,884,-1,859,884,852,-1,852,884,843,-1,852,843,841,-1,847,845,896,-1,847,896,854,-1,854,896,885,-1,854,885,853,-1,853,885,882,-1,853,882,851,-1,851,882,880,-1,851,880,857,-1,857,880,886,-1,857,886,850,-1,850,886,888,-1,850,888,865,-1,865,888,899,-1,865,899,861,-1,862,861,898,-1,898,861,899,-1,910,911,912,-1,912,911,913,-1,914,915,916,-1,916,915,917,-1,918,919,920,-1,920,919,921,-1,920,921,922,-1,922,921,923,-1,923,921,924,-1,923,924,917,-1,925,926,927,-1,927,926,928,-1,929,930,931,-1,918,932,919,-1,919,932,933,-1,919,933,925,-1,925,933,934,-1,925,934,926,-1,935,936,928,-1,928,936,937,-1,928,937,927,-1,910,916,911,-1,911,916,917,-1,911,917,938,-1,938,917,924,-1,931,939,929,-1,929,939,940,-1,929,940,941,-1,941,942,929,-1,929,942,943,-1,929,943,935,-1,935,943,944,-1,935,944,936,-1,945,946,947,-1,947,946,931,-1,947,931,948,-1,948,931,930,-1,949,950,951,-1,952,953,954,-1,954,953,915,-1,954,915,955,-1,956,957,958,-1,958,957,959,-1,958,959,952,-1,952,959,960,-1,952,960,953,-1,951,950,958,-1,958,950,961,-1,958,961,956,-1,962,963,964,-1,964,963,965,-1,949,951,964,-1,964,951,966,-1,964,966,962,-1,914,912,915,-1,915,912,913,-1,915,913,955,-1,967,968,969,-1,969,968,970,-1,969,970,971,-1,971,970,972,-1,971,972,973,-1,974,975,972,-1,972,975,976,-1,972,976,973,-1,963,977,965,-1,965,977,978,-1,965,978,969,-1,969,978,979,-1,969,979,967,-1,931,972,970,-1,931,970,939,-1,939,970,968,-1,939,968,940,-1,940,968,967,-1,940,967,941,-1,941,967,979,-1,941,979,942,-1,942,979,978,-1,942,978,943,-1,943,978,977,-1,943,977,944,-1,944,977,963,-1,944,963,936,-1,937,936,962,-1,962,936,963,-1,937,962,966,-1,937,966,927,-1,927,966,951,-1,927,951,925,-1,925,951,958,-1,925,958,919,-1,919,958,952,-1,919,952,921,-1,921,952,954,-1,921,954,924,-1,924,954,955,-1,924,955,938,-1,938,955,913,-1,938,913,911,-1,917,915,953,-1,917,953,923,-1,923,953,960,-1,923,960,922,-1,922,960,959,-1,922,959,920,-1,920,959,957,-1,920,957,918,-1,918,957,956,-1,918,956,932,-1,932,956,961,-1,932,961,933,-1,934,933,950,-1,950,933,961,-1,934,950,949,-1,934,949,926,-1,926,949,964,-1,926,964,928,-1,928,964,965,-1,928,965,935,-1,935,965,969,-1,935,969,929,-1,929,969,971,-1,929,971,930,-1,930,971,973,-1,930,973,948,-1,948,973,976,-1,948,976,947,-1,945,947,975,-1,975,947,976,-1,946,945,974,-1,974,945,975,-1,931,946,972,-1,972,946,974,-1,980,981,982,-1,982,981,983,-1,984,985,986,-1,986,985,987,-1,988,989,990,-1,991,992,993,-1,993,992,981,-1,993,981,994,-1,995,996,997,-1,997,996,998,-1,997,998,991,-1,991,998,999,-1,991,999,992,-1,990,989,997,-1,997,989,1000,-1,997,1000,995,-1,1001,1002,1003,-1,1003,1002,1004,-1,988,990,1003,-1,1003,990,1005,-1,1003,1005,1001,-1,980,986,981,-1,981,986,987,-1,981,987,994,-1,1006,1007,1008,-1,1008,1007,1009,-1,1008,1009,1010,-1,1010,1009,1011,-1,1010,1011,1012,-1,1013,1014,1011,-1,1011,1014,1015,-1,1011,1015,1012,-1,1002,1016,1004,-1,1004,1016,1017,-1,1004,1017,1008,-1,1008,1017,1018,-1,1008,1018,1006,-1,1019,1020,1021,-1,1021,1020,1022,-1,1021,1022,1023,-1,1023,1022,1024,-1,1024,1022,1025,-1,1024,1025,983,-1,1026,1027,1028,-1,1028,1027,1029,-1,1019,1030,1020,-1,1020,1030,1031,-1,1020,1031,1026,-1,1026,1031,1032,-1,1026,1032,1027,-1,1033,1034,1035,-1,984,982,985,-1,985,982,983,-1,985,983,1036,-1,1036,983,1025,-1,1037,1038,1029,-1,1029,1038,1039,-1,1029,1039,1028,-1,1035,1040,1033,-1,1033,1040,1041,-1,1033,1041,1042,-1,1042,1043,1033,-1,1033,1043,1044,-1,1033,1044,1037,-1,1037,1044,1045,-1,1037,1045,1038,-1,1046,1047,1048,-1,1048,1047,1035,-1,1048,1035,1049,-1,1049,1035,1034,-1,1002,1038,1045,-1,1002,1045,1016,-1,1016,1045,1044,-1,1016,1044,1017,-1,1017,1044,1043,-1,1017,1043,1018,-1,1018,1043,1042,-1,1018,1042,1006,-1,1006,1042,1041,-1,1006,1041,1007,-1,1007,1041,1040,-1,1007,1040,1009,-1,1009,1040,1035,-1,1009,1035,1011,-1,1013,1011,1047,-1,1047,1011,1035,-1,1014,1013,1046,-1,1046,1013,1047,-1,1015,1014,1048,-1,1048,1014,1046,-1,1015,1048,1049,-1,1015,1049,1012,-1,1012,1049,1034,-1,1012,1034,1010,-1,1010,1034,1033,-1,1010,1033,1008,-1,1008,1033,1037,-1,1008,1037,1004,-1,1004,1037,1029,-1,1004,1029,1003,-1,1003,1029,1027,-1,1003,1027,988,-1,988,1027,1032,-1,988,1032,989,-1,1000,989,1031,-1,1031,989,1032,-1,1000,1031,1030,-1,1000,1030,995,-1,995,1030,1019,-1,995,1019,996,-1,996,1019,1021,-1,996,1021,998,-1,998,1021,1023,-1,998,1023,999,-1,999,1023,1024,-1,999,1024,992,-1,992,1024,983,-1,992,983,981,-1,987,985,1036,-1,987,1036,994,-1,994,1036,1025,-1,994,1025,993,-1,993,1025,1022,-1,993,1022,991,-1,991,1022,1020,-1,991,1020,997,-1,997,1020,1026,-1,997,1026,990,-1,990,1026,1028,-1,990,1028,1005,-1,1005,1028,1039,-1,1005,1039,1001,-1,1002,1001,1038,-1,1038,1001,1039,-1,1050,1051,1052,-1,1052,1051,1053,-1,1054,1055,1056,-1,1056,1055,1057,-1,1058,1059,1060,-1,1060,1059,1061,-1,1060,1061,1062,-1,1062,1061,1063,-1,1063,1061,1064,-1,1063,1064,1057,-1,1065,1066,1067,-1,1067,1066,1068,-1,1069,1070,1071,-1,1058,1072,1059,-1,1059,1072,1073,-1,1059,1073,1065,-1,1065,1073,1074,-1,1065,1074,1066,-1,1075,1076,1068,-1,1068,1076,1077,-1,1068,1077,1067,-1,1050,1056,1051,-1,1051,1056,1057,-1,1051,1057,1078,-1,1078,1057,1064,-1,1071,1079,1069,-1,1069,1079,1080,-1,1069,1080,1081,-1,1081,1082,1069,-1,1069,1082,1083,-1,1069,1083,1075,-1,1075,1083,1084,-1,1075,1084,1076,-1,1085,1086,1087,-1,1087,1086,1071,-1,1087,1071,1088,-1,1088,1071,1070,-1,1089,1090,1091,-1,1092,1093,1094,-1,1094,1093,1055,-1,1094,1055,1095,-1,1096,1097,1098,-1,1098,1097,1099,-1,1098,1099,1092,-1,1092,1099,1100,-1,1092,1100,1093,-1,1091,1090,1098,-1,1098,1090,1101,-1,1098,1101,1096,-1,1102,1103,1104,-1,1104,1103,1105,-1,1089,1091,1104,-1,1104,1091,1106,-1,1104,1106,1102,-1,1054,1052,1055,-1,1055,1052,1053,-1,1055,1053,1095,-1,1107,1108,1109,-1,1109,1108,1110,-1,1109,1110,1111,-1,1111,1110,1112,-1,1111,1112,1113,-1,1114,1115,1112,-1,1112,1115,1116,-1,1112,1116,1113,-1,1103,1117,1105,-1,1105,1117,1118,-1,1105,1118,1109,-1,1109,1118,1119,-1,1109,1119,1107,-1,1071,1112,1110,-1,1071,1110,1079,-1,1079,1110,1108,-1,1079,1108,1080,-1,1080,1108,1107,-1,1080,1107,1081,-1,1081,1107,1119,-1,1081,1119,1082,-1,1082,1119,1118,-1,1082,1118,1083,-1,1083,1118,1117,-1,1083,1117,1084,-1,1084,1117,1103,-1,1084,1103,1076,-1,1077,1076,1102,-1,1102,1076,1103,-1,1077,1102,1106,-1,1077,1106,1067,-1,1067,1106,1091,-1,1067,1091,1065,-1,1065,1091,1098,-1,1065,1098,1059,-1,1059,1098,1092,-1,1059,1092,1061,-1,1061,1092,1094,-1,1061,1094,1064,-1,1064,1094,1095,-1,1064,1095,1078,-1,1078,1095,1053,-1,1078,1053,1051,-1,1057,1055,1093,-1,1057,1093,1063,-1,1063,1093,1100,-1,1063,1100,1062,-1,1062,1100,1099,-1,1062,1099,1060,-1,1060,1099,1097,-1,1060,1097,1058,-1,1058,1097,1096,-1,1058,1096,1072,-1,1072,1096,1101,-1,1072,1101,1073,-1,1074,1073,1090,-1,1090,1073,1101,-1,1074,1090,1089,-1,1074,1089,1066,-1,1066,1089,1104,-1,1066,1104,1068,-1,1068,1104,1105,-1,1068,1105,1075,-1,1075,1105,1109,-1,1075,1109,1069,-1,1069,1109,1111,-1,1069,1111,1070,-1,1070,1111,1113,-1,1070,1113,1088,-1,1088,1113,1116,-1,1088,1116,1087,-1,1085,1087,1115,-1,1115,1087,1116,-1,1086,1085,1114,-1,1114,1085,1115,-1,1071,1086,1112,-1,1112,1086,1114,-1,1120,1121,1122,-1,1122,1121,1123,-1,1124,1125,1126,-1,1126,1125,1127,-1,1128,1129,1130,-1,1131,1132,1133,-1,1133,1132,1121,-1,1133,1121,1134,-1,1135,1136,1137,-1,1137,1136,1138,-1,1137,1138,1131,-1,1131,1138,1139,-1,1131,1139,1132,-1,1130,1129,1137,-1,1137,1129,1140,-1,1137,1140,1135,-1,1141,1142,1143,-1,1143,1142,1144,-1,1128,1130,1143,-1,1143,1130,1145,-1,1143,1145,1141,-1,1120,1126,1121,-1,1121,1126,1127,-1,1121,1127,1134,-1,1146,1147,1148,-1,1148,1147,1149,-1,1148,1149,1150,-1,1150,1149,1151,-1,1150,1151,1152,-1,1153,1154,1151,-1,1151,1154,1155,-1,1151,1155,1152,-1,1142,1156,1144,-1,1144,1156,1157,-1,1144,1157,1148,-1,1148,1157,1158,-1,1148,1158,1146,-1,1159,1160,1161,-1,1161,1160,1162,-1,1161,1162,1163,-1,1163,1162,1164,-1,1164,1162,1165,-1,1164,1165,1123,-1,1166,1167,1168,-1,1168,1167,1169,-1,1159,1170,1160,-1,1160,1170,1171,-1,1160,1171,1166,-1,1166,1171,1172,-1,1166,1172,1167,-1,1173,1174,1175,-1,1124,1122,1125,-1,1125,1122,1123,-1,1125,1123,1176,-1,1176,1123,1165,-1,1177,1178,1169,-1,1169,1178,1179,-1,1169,1179,1168,-1,1175,1180,1173,-1,1173,1180,1181,-1,1173,1181,1182,-1,1182,1183,1173,-1,1173,1183,1184,-1,1173,1184,1177,-1,1177,1184,1185,-1,1177,1185,1178,-1,1186,1187,1188,-1,1188,1187,1175,-1,1188,1175,1189,-1,1189,1175,1174,-1,1142,1178,1185,-1,1142,1185,1156,-1,1156,1185,1184,-1,1156,1184,1157,-1,1157,1184,1183,-1,1157,1183,1158,-1,1158,1183,1182,-1,1158,1182,1146,-1,1146,1182,1181,-1,1146,1181,1147,-1,1147,1181,1180,-1,1147,1180,1149,-1,1149,1180,1175,-1,1149,1175,1151,-1,1153,1151,1187,-1,1187,1151,1175,-1,1154,1153,1186,-1,1186,1153,1187,-1,1155,1154,1188,-1,1188,1154,1186,-1,1155,1188,1189,-1,1155,1189,1152,-1,1152,1189,1174,-1,1152,1174,1150,-1,1150,1174,1173,-1,1150,1173,1148,-1,1148,1173,1177,-1,1148,1177,1144,-1,1144,1177,1169,-1,1144,1169,1143,-1,1143,1169,1167,-1,1143,1167,1128,-1,1128,1167,1172,-1,1128,1172,1129,-1,1140,1129,1171,-1,1171,1129,1172,-1,1140,1171,1170,-1,1140,1170,1135,-1,1135,1170,1159,-1,1135,1159,1136,-1,1136,1159,1161,-1,1136,1161,1138,-1,1138,1161,1163,-1,1138,1163,1139,-1,1139,1163,1164,-1,1139,1164,1132,-1,1132,1164,1123,-1,1132,1123,1121,-1,1127,1125,1176,-1,1127,1176,1134,-1,1134,1176,1165,-1,1134,1165,1133,-1,1133,1165,1162,-1,1133,1162,1131,-1,1131,1162,1160,-1,1131,1160,1137,-1,1137,1160,1166,-1,1137,1166,1130,-1,1130,1166,1168,-1,1130,1168,1145,-1,1145,1168,1179,-1,1145,1179,1141,-1,1142,1141,1178,-1,1178,1141,1179,-1,1190,1191,1192,-1,1192,1191,1193,-1,1194,1195,1196,-1,1196,1195,1197,-1,1198,1199,1200,-1,1200,1199,1201,-1,1200,1201,1202,-1,1202,1201,1203,-1,1203,1201,1204,-1,1203,1204,1197,-1,1205,1206,1207,-1,1207,1206,1208,-1,1209,1210,1211,-1,1198,1212,1199,-1,1199,1212,1213,-1,1199,1213,1205,-1,1205,1213,1214,-1,1205,1214,1206,-1,1215,1216,1208,-1,1208,1216,1217,-1,1208,1217,1207,-1,1190,1196,1191,-1,1191,1196,1197,-1,1191,1197,1218,-1,1218,1197,1204,-1,1211,1219,1209,-1,1209,1219,1220,-1,1209,1220,1221,-1,1221,1222,1209,-1,1209,1222,1223,-1,1209,1223,1215,-1,1215,1223,1224,-1,1215,1224,1216,-1,1225,1226,1227,-1,1227,1226,1211,-1,1227,1211,1228,-1,1228,1211,1210,-1,1229,1230,1231,-1,1232,1233,1234,-1,1234,1233,1195,-1,1234,1195,1235,-1,1236,1237,1238,-1,1238,1237,1239,-1,1238,1239,1232,-1,1232,1239,1240,-1,1232,1240,1233,-1,1231,1230,1238,-1,1238,1230,1241,-1,1238,1241,1236,-1,1242,1243,1244,-1,1244,1243,1245,-1,1229,1231,1244,-1,1244,1231,1246,-1,1244,1246,1242,-1,1194,1192,1195,-1,1195,1192,1193,-1,1195,1193,1235,-1,1247,1248,1249,-1,1249,1248,1250,-1,1249,1250,1251,-1,1251,1250,1252,-1,1251,1252,1253,-1,1254,1255,1252,-1,1252,1255,1256,-1,1252,1256,1253,-1,1243,1257,1245,-1,1245,1257,1258,-1,1245,1258,1249,-1,1249,1258,1259,-1,1249,1259,1247,-1,1211,1252,1250,-1,1211,1250,1219,-1,1219,1250,1248,-1,1219,1248,1220,-1,1220,1248,1247,-1,1220,1247,1221,-1,1221,1247,1259,-1,1221,1259,1222,-1,1222,1259,1258,-1,1222,1258,1223,-1,1223,1258,1257,-1,1223,1257,1224,-1,1224,1257,1243,-1,1224,1243,1216,-1,1217,1216,1242,-1,1242,1216,1243,-1,1217,1242,1246,-1,1217,1246,1207,-1,1207,1246,1231,-1,1207,1231,1205,-1,1205,1231,1238,-1,1205,1238,1199,-1,1199,1238,1232,-1,1199,1232,1201,-1,1201,1232,1234,-1,1201,1234,1204,-1,1204,1234,1235,-1,1204,1235,1218,-1,1218,1235,1193,-1,1218,1193,1191,-1,1197,1195,1233,-1,1197,1233,1203,-1,1203,1233,1240,-1,1203,1240,1202,-1,1202,1240,1239,-1,1202,1239,1200,-1,1200,1239,1237,-1,1200,1237,1198,-1,1198,1237,1236,-1,1198,1236,1212,-1,1212,1236,1241,-1,1212,1241,1213,-1,1214,1213,1230,-1,1230,1213,1241,-1,1214,1230,1229,-1,1214,1229,1206,-1,1206,1229,1244,-1,1206,1244,1208,-1,1208,1244,1245,-1,1208,1245,1215,-1,1215,1245,1249,-1,1215,1249,1209,-1,1209,1249,1251,-1,1209,1251,1210,-1,1210,1251,1253,-1,1210,1253,1228,-1,1228,1253,1256,-1,1228,1256,1227,-1,1225,1227,1255,-1,1255,1227,1256,-1,1226,1225,1254,-1,1254,1225,1255,-1,1211,1226,1252,-1,1252,1226,1254,-1,1260,1261,1262,-1,1262,1261,1263,-1,1264,1265,1266,-1,1266,1265,1267,-1,1268,1269,1270,-1,1271,1272,1273,-1,1273,1272,1261,-1,1273,1261,1274,-1,1275,1276,1277,-1,1277,1276,1278,-1,1277,1278,1271,-1,1271,1278,1279,-1,1271,1279,1272,-1,1270,1269,1277,-1,1277,1269,1280,-1,1277,1280,1275,-1,1281,1282,1283,-1,1283,1282,1284,-1,1268,1270,1283,-1,1283,1270,1285,-1,1283,1285,1281,-1,1260,1266,1261,-1,1261,1266,1267,-1,1261,1267,1274,-1,1286,1287,1288,-1,1288,1287,1289,-1,1288,1289,1290,-1,1290,1289,1291,-1,1290,1291,1292,-1,1293,1294,1291,-1,1291,1294,1295,-1,1291,1295,1292,-1,1282,1296,1284,-1,1284,1296,1297,-1,1284,1297,1288,-1,1288,1297,1298,-1,1288,1298,1286,-1,1299,1300,1301,-1,1301,1300,1302,-1,1301,1302,1303,-1,1303,1302,1304,-1,1304,1302,1305,-1,1304,1305,1263,-1,1306,1307,1308,-1,1308,1307,1309,-1,1299,1310,1300,-1,1300,1310,1311,-1,1300,1311,1306,-1,1306,1311,1312,-1,1306,1312,1307,-1,1313,1314,1315,-1,1264,1262,1265,-1,1265,1262,1263,-1,1265,1263,1316,-1,1316,1263,1305,-1,1317,1318,1309,-1,1309,1318,1319,-1,1309,1319,1308,-1,1315,1320,1313,-1,1313,1320,1321,-1,1313,1321,1322,-1,1322,1323,1313,-1,1313,1323,1324,-1,1313,1324,1317,-1,1317,1324,1325,-1,1317,1325,1318,-1,1326,1327,1328,-1,1328,1327,1315,-1,1328,1315,1329,-1,1329,1315,1314,-1,1282,1318,1325,-1,1282,1325,1296,-1,1296,1325,1324,-1,1296,1324,1297,-1,1297,1324,1323,-1,1297,1323,1298,-1,1298,1323,1322,-1,1298,1322,1286,-1,1286,1322,1321,-1,1286,1321,1287,-1,1287,1321,1320,-1,1287,1320,1289,-1,1289,1320,1315,-1,1289,1315,1291,-1,1293,1291,1327,-1,1327,1291,1315,-1,1294,1293,1326,-1,1326,1293,1327,-1,1295,1294,1328,-1,1328,1294,1326,-1,1295,1328,1329,-1,1295,1329,1292,-1,1292,1329,1314,-1,1292,1314,1290,-1,1290,1314,1313,-1,1290,1313,1288,-1,1288,1313,1317,-1,1288,1317,1284,-1,1284,1317,1309,-1,1284,1309,1283,-1,1283,1309,1307,-1,1283,1307,1268,-1,1268,1307,1312,-1,1268,1312,1269,-1,1280,1269,1311,-1,1311,1269,1312,-1,1280,1311,1310,-1,1280,1310,1275,-1,1275,1310,1299,-1,1275,1299,1276,-1,1276,1299,1301,-1,1276,1301,1278,-1,1278,1301,1303,-1,1278,1303,1279,-1,1279,1303,1304,-1,1279,1304,1272,-1,1272,1304,1263,-1,1272,1263,1261,-1,1267,1265,1316,-1,1267,1316,1274,-1,1274,1316,1305,-1,1274,1305,1273,-1,1273,1305,1302,-1,1273,1302,1271,-1,1271,1302,1300,-1,1271,1300,1277,-1,1277,1300,1306,-1,1277,1306,1270,-1,1270,1306,1308,-1,1270,1308,1285,-1,1285,1308,1319,-1,1285,1319,1281,-1,1282,1281,1318,-1,1318,1281,1319,-1,1330,1331,1332,-1,1332,1331,1333,-1,1334,1335,1336,-1,1336,1335,1337,-1,1338,1339,1340,-1,1340,1339,1341,-1,1340,1341,1342,-1,1342,1341,1343,-1,1343,1341,1344,-1,1343,1344,1337,-1,1345,1346,1347,-1,1347,1346,1348,-1,1349,1350,1351,-1,1338,1352,1339,-1,1339,1352,1353,-1,1339,1353,1345,-1,1345,1353,1354,-1,1345,1354,1346,-1,1355,1356,1348,-1,1348,1356,1357,-1,1348,1357,1347,-1,1330,1336,1331,-1,1331,1336,1337,-1,1331,1337,1358,-1,1358,1337,1344,-1,1351,1359,1349,-1,1349,1359,1360,-1,1349,1360,1361,-1,1361,1362,1349,-1,1349,1362,1363,-1,1349,1363,1355,-1,1355,1363,1364,-1,1355,1364,1356,-1,1365,1366,1367,-1,1367,1366,1351,-1,1367,1351,1368,-1,1368,1351,1350,-1,1369,1370,1371,-1,1372,1373,1374,-1,1374,1373,1335,-1,1374,1335,1375,-1,1376,1377,1378,-1,1378,1377,1379,-1,1378,1379,1372,-1,1372,1379,1380,-1,1372,1380,1373,-1,1371,1370,1378,-1,1378,1370,1381,-1,1378,1381,1376,-1,1382,1383,1384,-1,1384,1383,1385,-1,1369,1371,1384,-1,1384,1371,1386,-1,1384,1386,1382,-1,1334,1332,1335,-1,1335,1332,1333,-1,1335,1333,1375,-1,1387,1388,1389,-1,1389,1388,1390,-1,1389,1390,1391,-1,1391,1390,1392,-1,1391,1392,1393,-1,1394,1395,1392,-1,1392,1395,1396,-1,1392,1396,1393,-1,1383,1397,1385,-1,1385,1397,1398,-1,1385,1398,1389,-1,1389,1398,1399,-1,1389,1399,1387,-1,1351,1392,1390,-1,1351,1390,1359,-1,1359,1390,1388,-1,1359,1388,1360,-1,1360,1388,1387,-1,1360,1387,1361,-1,1361,1387,1399,-1,1361,1399,1362,-1,1362,1399,1398,-1,1362,1398,1363,-1,1363,1398,1397,-1,1363,1397,1364,-1,1364,1397,1383,-1,1364,1383,1356,-1,1357,1356,1382,-1,1382,1356,1383,-1,1357,1382,1386,-1,1357,1386,1347,-1,1347,1386,1371,-1,1347,1371,1345,-1,1345,1371,1378,-1,1345,1378,1339,-1,1339,1378,1372,-1,1339,1372,1341,-1,1341,1372,1374,-1,1341,1374,1344,-1,1344,1374,1375,-1,1344,1375,1358,-1,1358,1375,1333,-1,1358,1333,1331,-1,1337,1335,1373,-1,1337,1373,1343,-1,1343,1373,1380,-1,1343,1380,1342,-1,1342,1380,1379,-1,1342,1379,1340,-1,1340,1379,1377,-1,1340,1377,1338,-1,1338,1377,1376,-1,1338,1376,1352,-1,1352,1376,1381,-1,1352,1381,1353,-1,1354,1353,1370,-1,1370,1353,1381,-1,1354,1370,1369,-1,1354,1369,1346,-1,1346,1369,1384,-1,1346,1384,1348,-1,1348,1384,1385,-1,1348,1385,1355,-1,1355,1385,1389,-1,1355,1389,1349,-1,1349,1389,1391,-1,1349,1391,1350,-1,1350,1391,1393,-1,1350,1393,1368,-1,1368,1393,1396,-1,1368,1396,1367,-1,1365,1367,1395,-1,1395,1367,1396,-1,1366,1365,1394,-1,1394,1365,1395,-1,1351,1366,1392,-1,1392,1366,1394,-1,1400,1401,1402,-1,1402,1401,1403,-1,1404,1405,1406,-1,1406,1405,1407,-1,1408,1409,1410,-1,1411,1412,1413,-1,1413,1412,1401,-1,1413,1401,1414,-1,1415,1416,1417,-1,1417,1416,1418,-1,1417,1418,1411,-1,1411,1418,1419,-1,1411,1419,1412,-1,1410,1409,1417,-1,1417,1409,1420,-1,1417,1420,1415,-1,1421,1422,1423,-1,1423,1422,1424,-1,1408,1410,1423,-1,1423,1410,1425,-1,1423,1425,1421,-1,1400,1406,1401,-1,1401,1406,1407,-1,1401,1407,1414,-1,1426,1427,1428,-1,1428,1427,1429,-1,1428,1429,1430,-1,1430,1429,1431,-1,1430,1431,1432,-1,1433,1434,1431,-1,1431,1434,1435,-1,1431,1435,1432,-1,1422,1436,1424,-1,1424,1436,1437,-1,1424,1437,1428,-1,1428,1437,1438,-1,1428,1438,1426,-1,1439,1440,1441,-1,1441,1440,1442,-1,1441,1442,1443,-1,1443,1442,1444,-1,1444,1442,1445,-1,1444,1445,1403,-1,1446,1447,1448,-1,1448,1447,1449,-1,1439,1450,1440,-1,1440,1450,1451,-1,1440,1451,1446,-1,1446,1451,1452,-1,1446,1452,1447,-1,1453,1454,1455,-1,1404,1402,1405,-1,1405,1402,1403,-1,1405,1403,1456,-1,1456,1403,1445,-1,1457,1458,1449,-1,1449,1458,1459,-1,1449,1459,1448,-1,1455,1460,1453,-1,1453,1460,1461,-1,1453,1461,1462,-1,1462,1463,1453,-1,1453,1463,1464,-1,1453,1464,1457,-1,1457,1464,1465,-1,1457,1465,1458,-1,1466,1467,1468,-1,1468,1467,1455,-1,1468,1455,1469,-1,1469,1455,1454,-1,1422,1458,1465,-1,1422,1465,1436,-1,1436,1465,1464,-1,1436,1464,1437,-1,1437,1464,1463,-1,1437,1463,1438,-1,1438,1463,1462,-1,1438,1462,1426,-1,1426,1462,1461,-1,1426,1461,1427,-1,1427,1461,1460,-1,1427,1460,1429,-1,1429,1460,1455,-1,1429,1455,1431,-1,1433,1431,1467,-1,1467,1431,1455,-1,1434,1433,1466,-1,1466,1433,1467,-1,1435,1434,1468,-1,1468,1434,1466,-1,1435,1468,1469,-1,1435,1469,1432,-1,1432,1469,1454,-1,1432,1454,1430,-1,1430,1454,1453,-1,1430,1453,1428,-1,1428,1453,1457,-1,1428,1457,1424,-1,1424,1457,1449,-1,1424,1449,1423,-1,1423,1449,1447,-1,1423,1447,1408,-1,1408,1447,1452,-1,1408,1452,1409,-1,1420,1409,1451,-1,1451,1409,1452,-1,1420,1451,1450,-1,1420,1450,1415,-1,1415,1450,1439,-1,1415,1439,1416,-1,1416,1439,1441,-1,1416,1441,1418,-1,1418,1441,1443,-1,1418,1443,1419,-1,1419,1443,1444,-1,1419,1444,1412,-1,1412,1444,1403,-1,1412,1403,1401,-1,1407,1405,1456,-1,1407,1456,1414,-1,1414,1456,1445,-1,1414,1445,1413,-1,1413,1445,1442,-1,1413,1442,1411,-1,1411,1442,1440,-1,1411,1440,1417,-1,1417,1440,1446,-1,1417,1446,1410,-1,1410,1446,1448,-1,1410,1448,1425,-1,1425,1448,1459,-1,1425,1459,1421,-1,1422,1421,1458,-1,1458,1421,1459,-1,1470,1471,1472,-1,1472,1471,1473,-1,1474,1475,1476,-1,1476,1475,1477,-1,1478,1479,1480,-1,1480,1479,1481,-1,1480,1481,1482,-1,1482,1481,1483,-1,1483,1481,1484,-1,1483,1484,1477,-1,1485,1486,1487,-1,1487,1486,1488,-1,1489,1490,1491,-1,1478,1492,1479,-1,1479,1492,1493,-1,1479,1493,1485,-1,1485,1493,1494,-1,1485,1494,1486,-1,1495,1496,1488,-1,1488,1496,1497,-1,1488,1497,1487,-1,1470,1476,1471,-1,1471,1476,1477,-1,1471,1477,1498,-1,1498,1477,1484,-1,1491,1499,1489,-1,1489,1499,1500,-1,1489,1500,1501,-1,1501,1502,1489,-1,1489,1502,1503,-1,1489,1503,1495,-1,1495,1503,1504,-1,1495,1504,1496,-1,1505,1506,1507,-1,1507,1506,1491,-1,1507,1491,1508,-1,1508,1491,1490,-1,1509,1510,1511,-1,1512,1513,1514,-1,1514,1513,1475,-1,1514,1475,1515,-1,1516,1517,1518,-1,1518,1517,1519,-1,1518,1519,1512,-1,1512,1519,1520,-1,1512,1520,1513,-1,1511,1510,1518,-1,1518,1510,1521,-1,1518,1521,1516,-1,1522,1523,1524,-1,1524,1523,1525,-1,1509,1511,1524,-1,1524,1511,1526,-1,1524,1526,1522,-1,1474,1472,1475,-1,1475,1472,1473,-1,1475,1473,1515,-1,1527,1528,1529,-1,1529,1528,1530,-1,1529,1530,1531,-1,1531,1530,1532,-1,1531,1532,1533,-1,1534,1535,1532,-1,1532,1535,1536,-1,1532,1536,1533,-1,1523,1537,1525,-1,1525,1537,1538,-1,1525,1538,1529,-1,1529,1538,1539,-1,1529,1539,1527,-1,1491,1532,1530,-1,1491,1530,1499,-1,1499,1530,1528,-1,1499,1528,1500,-1,1500,1528,1527,-1,1500,1527,1501,-1,1501,1527,1539,-1,1501,1539,1502,-1,1502,1539,1538,-1,1502,1538,1503,-1,1503,1538,1537,-1,1503,1537,1504,-1,1504,1537,1523,-1,1504,1523,1496,-1,1497,1496,1522,-1,1522,1496,1523,-1,1497,1522,1526,-1,1497,1526,1487,-1,1487,1526,1511,-1,1487,1511,1485,-1,1485,1511,1518,-1,1485,1518,1479,-1,1479,1518,1512,-1,1479,1512,1481,-1,1481,1512,1514,-1,1481,1514,1484,-1,1484,1514,1515,-1,1484,1515,1498,-1,1498,1515,1473,-1,1498,1473,1471,-1,1477,1475,1513,-1,1477,1513,1483,-1,1483,1513,1520,-1,1483,1520,1482,-1,1482,1520,1519,-1,1482,1519,1480,-1,1480,1519,1517,-1,1480,1517,1478,-1,1478,1517,1516,-1,1478,1516,1492,-1,1492,1516,1521,-1,1492,1521,1493,-1,1494,1493,1510,-1,1510,1493,1521,-1,1494,1510,1509,-1,1494,1509,1486,-1,1486,1509,1524,-1,1486,1524,1488,-1,1488,1524,1525,-1,1488,1525,1495,-1,1495,1525,1529,-1,1495,1529,1489,-1,1489,1529,1531,-1,1489,1531,1490,-1,1490,1531,1533,-1,1490,1533,1508,-1,1508,1533,1536,-1,1508,1536,1507,-1,1505,1507,1535,-1,1535,1507,1536,-1,1506,1505,1534,-1,1534,1505,1535,-1,1491,1506,1532,-1,1532,1506,1534,-1,1540,1541,1542,-1,1542,1541,1543,-1,1544,1545,1546,-1,1546,1545,1547,-1,1548,1549,1550,-1,1551,1552,1553,-1,1553,1552,1541,-1,1553,1541,1554,-1,1555,1556,1557,-1,1557,1556,1558,-1,1557,1558,1551,-1,1551,1558,1559,-1,1551,1559,1552,-1,1550,1549,1557,-1,1557,1549,1560,-1,1557,1560,1555,-1,1561,1562,1563,-1,1563,1562,1564,-1,1548,1550,1563,-1,1563,1550,1565,-1,1563,1565,1561,-1,1540,1546,1541,-1,1541,1546,1547,-1,1541,1547,1554,-1,1566,1567,1568,-1,1568,1567,1569,-1,1568,1569,1570,-1,1570,1569,1571,-1,1570,1571,1572,-1,1573,1574,1571,-1,1571,1574,1575,-1,1571,1575,1572,-1,1562,1576,1564,-1,1564,1576,1577,-1,1564,1577,1568,-1,1568,1577,1578,-1,1568,1578,1566,-1,1579,1580,1581,-1,1581,1580,1582,-1,1581,1582,1583,-1,1583,1582,1584,-1,1584,1582,1585,-1,1584,1585,1543,-1,1586,1587,1588,-1,1588,1587,1589,-1,1579,1590,1580,-1,1580,1590,1591,-1,1580,1591,1586,-1,1586,1591,1592,-1,1586,1592,1587,-1,1593,1594,1595,-1,1544,1542,1545,-1,1545,1542,1543,-1,1545,1543,1596,-1,1596,1543,1585,-1,1597,1598,1589,-1,1589,1598,1599,-1,1589,1599,1588,-1,1595,1600,1593,-1,1593,1600,1601,-1,1593,1601,1602,-1,1602,1603,1593,-1,1593,1603,1604,-1,1593,1604,1597,-1,1597,1604,1605,-1,1597,1605,1598,-1,1606,1607,1608,-1,1608,1607,1595,-1,1608,1595,1609,-1,1609,1595,1594,-1,1562,1598,1605,-1,1562,1605,1576,-1,1576,1605,1604,-1,1576,1604,1577,-1,1577,1604,1603,-1,1577,1603,1578,-1,1578,1603,1602,-1,1578,1602,1566,-1,1566,1602,1601,-1,1566,1601,1567,-1,1567,1601,1600,-1,1567,1600,1569,-1,1569,1600,1595,-1,1569,1595,1571,-1,1573,1571,1607,-1,1607,1571,1595,-1,1574,1573,1606,-1,1606,1573,1607,-1,1575,1574,1608,-1,1608,1574,1606,-1,1575,1608,1609,-1,1575,1609,1572,-1,1572,1609,1594,-1,1572,1594,1570,-1,1570,1594,1593,-1,1570,1593,1568,-1,1568,1593,1597,-1,1568,1597,1564,-1,1564,1597,1589,-1,1564,1589,1563,-1,1563,1589,1587,-1,1563,1587,1548,-1,1548,1587,1592,-1,1548,1592,1549,-1,1560,1549,1591,-1,1591,1549,1592,-1,1560,1591,1590,-1,1560,1590,1555,-1,1555,1590,1579,-1,1555,1579,1556,-1,1556,1579,1581,-1,1556,1581,1558,-1,1558,1581,1583,-1,1558,1583,1559,-1,1559,1583,1584,-1,1559,1584,1552,-1,1552,1584,1543,-1,1552,1543,1541,-1,1547,1545,1596,-1,1547,1596,1554,-1,1554,1596,1585,-1,1554,1585,1553,-1,1553,1585,1582,-1,1553,1582,1551,-1,1551,1582,1580,-1,1551,1580,1557,-1,1557,1580,1586,-1,1557,1586,1550,-1,1550,1586,1588,-1,1550,1588,1565,-1,1565,1588,1599,-1,1565,1599,1561,-1,1562,1561,1598,-1,1598,1561,1599,-1,1610,1611,1612,-1,1612,1611,1613,-1,1614,1615,1616,-1,1616,1615,1617,-1,1618,1619,1620,-1,1620,1619,1621,-1,1620,1621,1622,-1,1622,1621,1623,-1,1623,1621,1624,-1,1623,1624,1617,-1,1625,1626,1627,-1,1627,1626,1628,-1,1629,1630,1631,-1,1618,1632,1619,-1,1619,1632,1633,-1,1619,1633,1625,-1,1625,1633,1634,-1,1625,1634,1626,-1,1635,1636,1628,-1,1628,1636,1637,-1,1628,1637,1627,-1,1610,1616,1611,-1,1611,1616,1617,-1,1611,1617,1638,-1,1638,1617,1624,-1,1631,1639,1629,-1,1629,1639,1640,-1,1629,1640,1641,-1,1641,1642,1629,-1,1629,1642,1643,-1,1629,1643,1635,-1,1635,1643,1644,-1,1635,1644,1636,-1,1645,1646,1647,-1,1647,1646,1631,-1,1647,1631,1648,-1,1648,1631,1630,-1,1649,1650,1651,-1,1652,1653,1654,-1,1654,1653,1615,-1,1654,1615,1655,-1,1656,1657,1658,-1,1658,1657,1659,-1,1658,1659,1652,-1,1652,1659,1660,-1,1652,1660,1653,-1,1651,1650,1658,-1,1658,1650,1661,-1,1658,1661,1656,-1,1662,1663,1664,-1,1664,1663,1665,-1,1649,1651,1664,-1,1664,1651,1666,-1,1664,1666,1662,-1,1614,1612,1615,-1,1615,1612,1613,-1,1615,1613,1655,-1,1667,1668,1669,-1,1669,1668,1670,-1,1669,1670,1671,-1,1671,1670,1672,-1,1671,1672,1673,-1,1674,1675,1672,-1,1672,1675,1676,-1,1672,1676,1673,-1,1663,1677,1665,-1,1665,1677,1678,-1,1665,1678,1669,-1,1669,1678,1679,-1,1669,1679,1667,-1,1631,1672,1670,-1,1631,1670,1639,-1,1639,1670,1668,-1,1639,1668,1640,-1,1640,1668,1667,-1,1640,1667,1641,-1,1641,1667,1679,-1,1641,1679,1642,-1,1642,1679,1678,-1,1642,1678,1643,-1,1643,1678,1677,-1,1643,1677,1644,-1,1644,1677,1663,-1,1644,1663,1636,-1,1637,1636,1662,-1,1662,1636,1663,-1,1637,1662,1666,-1,1637,1666,1627,-1,1627,1666,1651,-1,1627,1651,1625,-1,1625,1651,1658,-1,1625,1658,1619,-1,1619,1658,1652,-1,1619,1652,1621,-1,1621,1652,1654,-1,1621,1654,1624,-1,1624,1654,1655,-1,1624,1655,1638,-1,1638,1655,1613,-1,1638,1613,1611,-1,1617,1615,1653,-1,1617,1653,1623,-1,1623,1653,1660,-1,1623,1660,1622,-1,1622,1660,1659,-1,1622,1659,1620,-1,1620,1659,1657,-1,1620,1657,1618,-1,1618,1657,1656,-1,1618,1656,1632,-1,1632,1656,1661,-1,1632,1661,1633,-1,1634,1633,1650,-1,1650,1633,1661,-1,1634,1650,1649,-1,1634,1649,1626,-1,1626,1649,1664,-1,1626,1664,1628,-1,1628,1664,1665,-1,1628,1665,1635,-1,1635,1665,1669,-1,1635,1669,1629,-1,1629,1669,1671,-1,1629,1671,1630,-1,1630,1671,1673,-1,1630,1673,1648,-1,1648,1673,1676,-1,1648,1676,1647,-1,1645,1647,1675,-1,1675,1647,1676,-1,1646,1645,1674,-1,1674,1645,1675,-1,1631,1646,1672,-1,1672,1646,1674,-1,1680,1681,1682,-1,1682,1681,1683,-1,1684,1685,1686,-1,1686,1685,1687,-1,1688,1689,1690,-1,1691,1692,1693,-1,1693,1692,1681,-1,1693,1681,1694,-1,1695,1696,1697,-1,1697,1696,1698,-1,1697,1698,1691,-1,1691,1698,1699,-1,1691,1699,1692,-1,1690,1689,1697,-1,1697,1689,1700,-1,1697,1700,1695,-1,1701,1702,1703,-1,1703,1702,1704,-1,1688,1690,1703,-1,1703,1690,1705,-1,1703,1705,1701,-1,1680,1686,1681,-1,1681,1686,1687,-1,1681,1687,1694,-1,1706,1707,1708,-1,1708,1707,1709,-1,1708,1709,1710,-1,1710,1709,1711,-1,1710,1711,1712,-1,1713,1714,1711,-1,1711,1714,1715,-1,1711,1715,1712,-1,1702,1716,1704,-1,1704,1716,1717,-1,1704,1717,1708,-1,1708,1717,1718,-1,1708,1718,1706,-1,1719,1720,1721,-1,1721,1720,1722,-1,1721,1722,1723,-1,1723,1722,1724,-1,1724,1722,1725,-1,1724,1725,1683,-1,1726,1727,1728,-1,1728,1727,1729,-1,1719,1730,1720,-1,1720,1730,1731,-1,1720,1731,1726,-1,1726,1731,1732,-1,1726,1732,1727,-1,1733,1734,1735,-1,1684,1682,1685,-1,1685,1682,1683,-1,1685,1683,1736,-1,1736,1683,1725,-1,1737,1738,1729,-1,1729,1738,1739,-1,1729,1739,1728,-1,1735,1740,1733,-1,1733,1740,1741,-1,1733,1741,1742,-1,1742,1743,1733,-1,1733,1743,1744,-1,1733,1744,1737,-1,1737,1744,1745,-1,1737,1745,1738,-1,1746,1747,1748,-1,1748,1747,1735,-1,1748,1735,1749,-1,1749,1735,1734,-1,1702,1738,1745,-1,1702,1745,1716,-1,1716,1745,1744,-1,1716,1744,1717,-1,1717,1744,1743,-1,1717,1743,1718,-1,1718,1743,1742,-1,1718,1742,1706,-1,1706,1742,1741,-1,1706,1741,1707,-1,1707,1741,1740,-1,1707,1740,1709,-1,1709,1740,1735,-1,1709,1735,1711,-1,1713,1711,1747,-1,1747,1711,1735,-1,1714,1713,1746,-1,1746,1713,1747,-1,1715,1714,1748,-1,1748,1714,1746,-1,1715,1748,1749,-1,1715,1749,1712,-1,1712,1749,1734,-1,1712,1734,1710,-1,1710,1734,1733,-1,1710,1733,1708,-1,1708,1733,1737,-1,1708,1737,1704,-1,1704,1737,1729,-1,1704,1729,1703,-1,1703,1729,1727,-1,1703,1727,1688,-1,1688,1727,1732,-1,1688,1732,1689,-1,1700,1689,1731,-1,1731,1689,1732,-1,1700,1731,1730,-1,1700,1730,1695,-1,1695,1730,1719,-1,1695,1719,1696,-1,1696,1719,1721,-1,1696,1721,1698,-1,1698,1721,1723,-1,1698,1723,1699,-1,1699,1723,1724,-1,1699,1724,1692,-1,1692,1724,1683,-1,1692,1683,1681,-1,1687,1685,1736,-1,1687,1736,1694,-1,1694,1736,1725,-1,1694,1725,1693,-1,1693,1725,1722,-1,1693,1722,1691,-1,1691,1722,1720,-1,1691,1720,1697,-1,1697,1720,1726,-1,1697,1726,1690,-1,1690,1726,1728,-1,1690,1728,1705,-1,1705,1728,1739,-1,1705,1739,1701,-1,1702,1701,1738,-1,1738,1701,1739,-1,1750,1751,1752,-1,1752,1751,1753,-1,1754,1755,1756,-1,1756,1755,1757,-1,1758,1759,1760,-1,1760,1759,1761,-1,1760,1761,1762,-1,1762,1761,1763,-1,1763,1761,1764,-1,1763,1764,1757,-1,1765,1766,1767,-1,1767,1766,1768,-1,1769,1770,1771,-1,1758,1772,1759,-1,1759,1772,1773,-1,1759,1773,1765,-1,1765,1773,1774,-1,1765,1774,1766,-1,1775,1776,1768,-1,1768,1776,1777,-1,1768,1777,1767,-1,1750,1756,1751,-1,1751,1756,1757,-1,1751,1757,1778,-1,1778,1757,1764,-1,1771,1779,1769,-1,1769,1779,1780,-1,1769,1780,1781,-1,1781,1782,1769,-1,1769,1782,1783,-1,1769,1783,1775,-1,1775,1783,1784,-1,1775,1784,1776,-1,1785,1786,1787,-1,1787,1786,1771,-1,1787,1771,1788,-1,1788,1771,1770,-1,1789,1790,1791,-1,1792,1793,1794,-1,1794,1793,1755,-1,1794,1755,1795,-1,1796,1797,1798,-1,1798,1797,1799,-1,1798,1799,1792,-1,1792,1799,1800,-1,1792,1800,1793,-1,1791,1790,1798,-1,1798,1790,1801,-1,1798,1801,1796,-1,1802,1803,1804,-1,1804,1803,1805,-1,1789,1791,1804,-1,1804,1791,1806,-1,1804,1806,1802,-1,1754,1752,1755,-1,1755,1752,1753,-1,1755,1753,1795,-1,1807,1808,1809,-1,1809,1808,1810,-1,1809,1810,1811,-1,1811,1810,1812,-1,1811,1812,1813,-1,1814,1815,1812,-1,1812,1815,1816,-1,1812,1816,1813,-1,1803,1817,1805,-1,1805,1817,1818,-1,1805,1818,1809,-1,1809,1818,1819,-1,1809,1819,1807,-1,1771,1812,1810,-1,1771,1810,1779,-1,1779,1810,1808,-1,1779,1808,1780,-1,1780,1808,1807,-1,1780,1807,1781,-1,1781,1807,1819,-1,1781,1819,1782,-1,1782,1819,1818,-1,1782,1818,1783,-1,1783,1818,1817,-1,1783,1817,1784,-1,1784,1817,1803,-1,1784,1803,1776,-1,1777,1776,1802,-1,1802,1776,1803,-1,1777,1802,1806,-1,1777,1806,1767,-1,1767,1806,1791,-1,1767,1791,1765,-1,1765,1791,1798,-1,1765,1798,1759,-1,1759,1798,1792,-1,1759,1792,1761,-1,1761,1792,1794,-1,1761,1794,1764,-1,1764,1794,1795,-1,1764,1795,1778,-1,1778,1795,1753,-1,1778,1753,1751,-1,1757,1755,1793,-1,1757,1793,1763,-1,1763,1793,1800,-1,1763,1800,1762,-1,1762,1800,1799,-1,1762,1799,1760,-1,1760,1799,1797,-1,1760,1797,1758,-1,1758,1797,1796,-1,1758,1796,1772,-1,1772,1796,1801,-1,1772,1801,1773,-1,1774,1773,1790,-1,1790,1773,1801,-1,1774,1790,1789,-1,1774,1789,1766,-1,1766,1789,1804,-1,1766,1804,1768,-1,1768,1804,1805,-1,1768,1805,1775,-1,1775,1805,1809,-1,1775,1809,1769,-1,1769,1809,1811,-1,1769,1811,1770,-1,1770,1811,1813,-1,1770,1813,1788,-1,1788,1813,1816,-1,1788,1816,1787,-1,1785,1787,1815,-1,1815,1787,1816,-1,1786,1785,1814,-1,1814,1785,1815,-1,1771,1786,1812,-1,1812,1786,1814,-1,1820,1821,1822,-1,1822,1821,1823,-1,1824,1825,1826,-1,1826,1825,1827,-1,1828,1829,1830,-1,1831,1832,1833,-1,1833,1832,1821,-1,1833,1821,1834,-1,1835,1836,1837,-1,1837,1836,1838,-1,1837,1838,1831,-1,1831,1838,1839,-1,1831,1839,1832,-1,1830,1829,1837,-1,1837,1829,1840,-1,1837,1840,1835,-1,1841,1842,1843,-1,1843,1842,1844,-1,1828,1830,1843,-1,1843,1830,1845,-1,1843,1845,1841,-1,1820,1826,1821,-1,1821,1826,1827,-1,1821,1827,1834,-1,1846,1847,1848,-1,1848,1847,1849,-1,1848,1849,1850,-1,1850,1849,1851,-1,1850,1851,1852,-1,1853,1854,1851,-1,1851,1854,1855,-1,1851,1855,1852,-1,1842,1856,1844,-1,1844,1856,1857,-1,1844,1857,1848,-1,1848,1857,1858,-1,1848,1858,1846,-1,1859,1860,1861,-1,1861,1860,1862,-1,1861,1862,1863,-1,1863,1862,1864,-1,1864,1862,1865,-1,1864,1865,1823,-1,1866,1867,1868,-1,1868,1867,1869,-1,1859,1870,1860,-1,1860,1870,1871,-1,1860,1871,1866,-1,1866,1871,1872,-1,1866,1872,1867,-1,1873,1874,1875,-1,1824,1822,1825,-1,1825,1822,1823,-1,1825,1823,1876,-1,1876,1823,1865,-1,1877,1878,1869,-1,1869,1878,1879,-1,1869,1879,1868,-1,1875,1880,1873,-1,1873,1880,1881,-1,1873,1881,1882,-1,1882,1883,1873,-1,1873,1883,1884,-1,1873,1884,1877,-1,1877,1884,1885,-1,1877,1885,1878,-1,1886,1887,1888,-1,1888,1887,1875,-1,1888,1875,1889,-1,1889,1875,1874,-1,1842,1878,1885,-1,1842,1885,1856,-1,1856,1885,1884,-1,1856,1884,1857,-1,1857,1884,1883,-1,1857,1883,1858,-1,1858,1883,1882,-1,1858,1882,1846,-1,1846,1882,1881,-1,1846,1881,1847,-1,1847,1881,1880,-1,1847,1880,1849,-1,1849,1880,1875,-1,1849,1875,1851,-1,1853,1851,1887,-1,1887,1851,1875,-1,1854,1853,1886,-1,1886,1853,1887,-1,1855,1854,1888,-1,1888,1854,1886,-1,1855,1888,1889,-1,1855,1889,1852,-1,1852,1889,1874,-1,1852,1874,1850,-1,1850,1874,1873,-1,1850,1873,1848,-1,1848,1873,1877,-1,1848,1877,1844,-1,1844,1877,1869,-1,1844,1869,1843,-1,1843,1869,1867,-1,1843,1867,1828,-1,1828,1867,1872,-1,1828,1872,1829,-1,1840,1829,1871,-1,1871,1829,1872,-1,1840,1871,1870,-1,1840,1870,1835,-1,1835,1870,1859,-1,1835,1859,1836,-1,1836,1859,1861,-1,1836,1861,1838,-1,1838,1861,1863,-1,1838,1863,1839,-1,1839,1863,1864,-1,1839,1864,1832,-1,1832,1864,1823,-1,1832,1823,1821,-1,1827,1825,1876,-1,1827,1876,1834,-1,1834,1876,1865,-1,1834,1865,1833,-1,1833,1865,1862,-1,1833,1862,1831,-1,1831,1862,1860,-1,1831,1860,1837,-1,1837,1860,1866,-1,1837,1866,1830,-1,1830,1866,1868,-1,1830,1868,1845,-1,1845,1868,1879,-1,1845,1879,1841,-1,1842,1841,1878,-1,1878,1841,1879,-1,1890,1891,1892,-1,1892,1891,1893,-1,1894,1895,1896,-1,1896,1895,1897,-1,1898,1899,1900,-1,1900,1899,1901,-1,1900,1901,1902,-1,1902,1901,1903,-1,1903,1901,1904,-1,1903,1904,1897,-1,1905,1906,1907,-1,1907,1906,1908,-1,1909,1910,1911,-1,1898,1912,1899,-1,1899,1912,1913,-1,1899,1913,1905,-1,1905,1913,1914,-1,1905,1914,1906,-1,1915,1916,1908,-1,1908,1916,1917,-1,1908,1917,1907,-1,1890,1896,1891,-1,1891,1896,1897,-1,1891,1897,1918,-1,1918,1897,1904,-1,1911,1919,1909,-1,1909,1919,1920,-1,1909,1920,1921,-1,1921,1922,1909,-1,1909,1922,1923,-1,1909,1923,1915,-1,1915,1923,1924,-1,1915,1924,1916,-1,1925,1926,1927,-1,1927,1926,1911,-1,1927,1911,1928,-1,1928,1911,1910,-1,1929,1930,1931,-1,1932,1933,1934,-1,1934,1933,1895,-1,1934,1895,1935,-1,1936,1937,1938,-1,1938,1937,1939,-1,1938,1939,1932,-1,1932,1939,1940,-1,1932,1940,1933,-1,1931,1930,1938,-1,1938,1930,1941,-1,1938,1941,1936,-1,1942,1943,1944,-1,1944,1943,1945,-1,1929,1931,1944,-1,1944,1931,1946,-1,1944,1946,1942,-1,1894,1892,1895,-1,1895,1892,1893,-1,1895,1893,1935,-1,1947,1948,1949,-1,1949,1948,1950,-1,1949,1950,1951,-1,1951,1950,1952,-1,1951,1952,1953,-1,1954,1955,1952,-1,1952,1955,1956,-1,1952,1956,1953,-1,1943,1957,1945,-1,1945,1957,1958,-1,1945,1958,1949,-1,1949,1958,1959,-1,1949,1959,1947,-1,1911,1952,1950,-1,1911,1950,1919,-1,1919,1950,1948,-1,1919,1948,1920,-1,1920,1948,1947,-1,1920,1947,1921,-1,1921,1947,1959,-1,1921,1959,1922,-1,1922,1959,1958,-1,1922,1958,1923,-1,1923,1958,1957,-1,1923,1957,1924,-1,1924,1957,1943,-1,1924,1943,1916,-1,1917,1916,1942,-1,1942,1916,1943,-1,1917,1942,1946,-1,1917,1946,1907,-1,1907,1946,1931,-1,1907,1931,1905,-1,1905,1931,1938,-1,1905,1938,1899,-1,1899,1938,1932,-1,1899,1932,1901,-1,1901,1932,1934,-1,1901,1934,1904,-1,1904,1934,1935,-1,1904,1935,1918,-1,1918,1935,1893,-1,1918,1893,1891,-1,1897,1895,1933,-1,1897,1933,1903,-1,1903,1933,1940,-1,1903,1940,1902,-1,1902,1940,1939,-1,1902,1939,1900,-1,1900,1939,1937,-1,1900,1937,1898,-1,1898,1937,1936,-1,1898,1936,1912,-1,1912,1936,1941,-1,1912,1941,1913,-1,1914,1913,1930,-1,1930,1913,1941,-1,1914,1930,1929,-1,1914,1929,1906,-1,1906,1929,1944,-1,1906,1944,1908,-1,1908,1944,1945,-1,1908,1945,1915,-1,1915,1945,1949,-1,1915,1949,1909,-1,1909,1949,1951,-1,1909,1951,1910,-1,1910,1951,1953,-1,1910,1953,1928,-1,1928,1953,1956,-1,1928,1956,1927,-1,1925,1927,1955,-1,1955,1927,1956,-1,1926,1925,1954,-1,1954,1925,1955,-1,1911,1926,1952,-1,1952,1926,1954,-1,1960,1961,1962,-1,1962,1961,1963,-1,1964,1965,1966,-1,1966,1965,1967,-1,1968,1969,1970,-1,1971,1972,1973,-1,1973,1972,1961,-1,1973,1961,1974,-1,1975,1976,1977,-1,1977,1976,1978,-1,1977,1978,1971,-1,1971,1978,1979,-1,1971,1979,1972,-1,1970,1969,1977,-1,1977,1969,1980,-1,1977,1980,1975,-1,1981,1982,1983,-1,1983,1982,1984,-1,1968,1970,1983,-1,1983,1970,1985,-1,1983,1985,1981,-1,1960,1966,1961,-1,1961,1966,1967,-1,1961,1967,1974,-1,1986,1987,1988,-1,1988,1987,1989,-1,1988,1989,1990,-1,1990,1989,1991,-1,1990,1991,1992,-1,1993,1994,1991,-1,1991,1994,1995,-1,1991,1995,1992,-1,1982,1996,1984,-1,1984,1996,1997,-1,1984,1997,1988,-1,1988,1997,1998,-1,1988,1998,1986,-1,1999,2000,2001,-1,2001,2000,2002,-1,2001,2002,2003,-1,2003,2002,2004,-1,2004,2002,2005,-1,2004,2005,1963,-1,2006,2007,2008,-1,2008,2007,2009,-1,1999,2010,2000,-1,2000,2010,2011,-1,2000,2011,2006,-1,2006,2011,2012,-1,2006,2012,2007,-1,2013,2014,2015,-1,1964,1962,1965,-1,1965,1962,1963,-1,1965,1963,2016,-1,2016,1963,2005,-1,2017,2018,2009,-1,2009,2018,2019,-1,2009,2019,2008,-1,2015,2020,2013,-1,2013,2020,2021,-1,2013,2021,2022,-1,2022,2023,2013,-1,2013,2023,2024,-1,2013,2024,2017,-1,2017,2024,2025,-1,2017,2025,2018,-1,2026,2027,2028,-1,2028,2027,2015,-1,2028,2015,2029,-1,2029,2015,2014,-1,1982,2018,2025,-1,1982,2025,1996,-1,1996,2025,2024,-1,1996,2024,1997,-1,1997,2024,2023,-1,1997,2023,1998,-1,1998,2023,2022,-1,1998,2022,1986,-1,1986,2022,2021,-1,1986,2021,1987,-1,1987,2021,2020,-1,1987,2020,1989,-1,1989,2020,2015,-1,1989,2015,1991,-1,1993,1991,2027,-1,2027,1991,2015,-1,1994,1993,2026,-1,2026,1993,2027,-1,1995,1994,2028,-1,2028,1994,2026,-1,1995,2028,2029,-1,1995,2029,1992,-1,1992,2029,2014,-1,1992,2014,1990,-1,1990,2014,2013,-1,1990,2013,1988,-1,1988,2013,2017,-1,1988,2017,1984,-1,1984,2017,2009,-1,1984,2009,1983,-1,1983,2009,2007,-1,1983,2007,1968,-1,1968,2007,2012,-1,1968,2012,1969,-1,1980,1969,2011,-1,2011,1969,2012,-1,1980,2011,2010,-1,1980,2010,1975,-1,1975,2010,1999,-1,1975,1999,1976,-1,1976,1999,2001,-1,1976,2001,1978,-1,1978,2001,2003,-1,1978,2003,1979,-1,1979,2003,2004,-1,1979,2004,1972,-1,1972,2004,1963,-1,1972,1963,1961,-1,1967,1965,2016,-1,1967,2016,1974,-1,1974,2016,2005,-1,1974,2005,1973,-1,1973,2005,2002,-1,1973,2002,1971,-1,1971,2002,2000,-1,1971,2000,1977,-1,1977,2000,2006,-1,1977,2006,1970,-1,1970,2006,2008,-1,1970,2008,1985,-1,1985,2008,2019,-1,1985,2019,1981,-1,1982,1981,2018,-1,2018,1981,2019,-1,2030,2031,2032,-1,2032,2031,2033,-1,2034,2035,2036,-1,2036,2035,2037,-1,2038,2039,2040,-1,2040,2039,2041,-1,2040,2041,2042,-1,2042,2041,2043,-1,2043,2041,2044,-1,2043,2044,2037,-1,2045,2046,2047,-1,2047,2046,2048,-1,2049,2050,2051,-1,2038,2052,2039,-1,2039,2052,2053,-1,2039,2053,2045,-1,2045,2053,2054,-1,2045,2054,2046,-1,2055,2056,2048,-1,2048,2056,2057,-1,2048,2057,2047,-1,2030,2036,2031,-1,2031,2036,2037,-1,2031,2037,2058,-1,2058,2037,2044,-1,2051,2059,2049,-1,2049,2059,2060,-1,2049,2060,2061,-1,2061,2062,2049,-1,2049,2062,2063,-1,2049,2063,2055,-1,2055,2063,2064,-1,2055,2064,2056,-1,2065,2066,2067,-1,2067,2066,2051,-1,2067,2051,2068,-1,2068,2051,2050,-1,2069,2070,2071,-1,2072,2073,2074,-1,2074,2073,2035,-1,2074,2035,2075,-1,2076,2077,2078,-1,2078,2077,2079,-1,2078,2079,2072,-1,2072,2079,2080,-1,2072,2080,2073,-1,2071,2070,2078,-1,2078,2070,2081,-1,2078,2081,2076,-1,2082,2083,2084,-1,2084,2083,2085,-1,2069,2071,2084,-1,2084,2071,2086,-1,2084,2086,2082,-1,2034,2032,2035,-1,2035,2032,2033,-1,2035,2033,2075,-1,2087,2088,2089,-1,2089,2088,2090,-1,2089,2090,2091,-1,2091,2090,2092,-1,2091,2092,2093,-1,2094,2095,2092,-1,2092,2095,2096,-1,2092,2096,2093,-1,2083,2097,2085,-1,2085,2097,2098,-1,2085,2098,2089,-1,2089,2098,2099,-1,2089,2099,2087,-1,2051,2092,2090,-1,2051,2090,2059,-1,2059,2090,2088,-1,2059,2088,2060,-1,2060,2088,2087,-1,2060,2087,2061,-1,2061,2087,2099,-1,2061,2099,2062,-1,2062,2099,2098,-1,2062,2098,2063,-1,2063,2098,2097,-1,2063,2097,2064,-1,2064,2097,2083,-1,2064,2083,2056,-1,2057,2056,2082,-1,2082,2056,2083,-1,2057,2082,2086,-1,2057,2086,2047,-1,2047,2086,2071,-1,2047,2071,2045,-1,2045,2071,2078,-1,2045,2078,2039,-1,2039,2078,2072,-1,2039,2072,2041,-1,2041,2072,2074,-1,2041,2074,2044,-1,2044,2074,2075,-1,2044,2075,2058,-1,2058,2075,2033,-1,2058,2033,2031,-1,2037,2035,2073,-1,2037,2073,2043,-1,2043,2073,2080,-1,2043,2080,2042,-1,2042,2080,2079,-1,2042,2079,2040,-1,2040,2079,2077,-1,2040,2077,2038,-1,2038,2077,2076,-1,2038,2076,2052,-1,2052,2076,2081,-1,2052,2081,2053,-1,2054,2053,2070,-1,2070,2053,2081,-1,2054,2070,2069,-1,2054,2069,2046,-1,2046,2069,2084,-1,2046,2084,2048,-1,2048,2084,2085,-1,2048,2085,2055,-1,2055,2085,2089,-1,2055,2089,2049,-1,2049,2089,2091,-1,2049,2091,2050,-1,2050,2091,2093,-1,2050,2093,2068,-1,2068,2093,2096,-1,2068,2096,2067,-1,2065,2067,2095,-1,2095,2067,2096,-1,2066,2065,2094,-1,2094,2065,2095,-1,2051,2066,2092,-1,2092,2066,2094,-1,2100,2101,2102,-1,2102,2101,2103,-1,2104,2105,2106,-1,2106,2105,2107,-1,2108,2109,2110,-1,2111,2112,2113,-1,2113,2112,2101,-1,2113,2101,2114,-1,2115,2116,2117,-1,2117,2116,2118,-1,2117,2118,2111,-1,2111,2118,2119,-1,2111,2119,2112,-1,2110,2109,2117,-1,2117,2109,2120,-1,2117,2120,2115,-1,2121,2122,2123,-1,2123,2122,2124,-1,2108,2110,2123,-1,2123,2110,2125,-1,2123,2125,2121,-1,2100,2106,2101,-1,2101,2106,2107,-1,2101,2107,2114,-1,2126,2127,2128,-1,2128,2127,2129,-1,2128,2129,2130,-1,2130,2129,2131,-1,2130,2131,2132,-1,2133,2134,2131,-1,2131,2134,2135,-1,2131,2135,2132,-1,2122,2136,2124,-1,2124,2136,2137,-1,2124,2137,2128,-1,2128,2137,2138,-1,2128,2138,2126,-1,2139,2140,2141,-1,2141,2140,2142,-1,2141,2142,2143,-1,2143,2142,2144,-1,2144,2142,2145,-1,2144,2145,2103,-1,2146,2147,2148,-1,2148,2147,2149,-1,2139,2150,2140,-1,2140,2150,2151,-1,2140,2151,2146,-1,2146,2151,2152,-1,2146,2152,2147,-1,2153,2154,2155,-1,2104,2102,2105,-1,2105,2102,2103,-1,2105,2103,2156,-1,2156,2103,2145,-1,2157,2158,2149,-1,2149,2158,2159,-1,2149,2159,2148,-1,2155,2160,2153,-1,2153,2160,2161,-1,2153,2161,2162,-1,2162,2163,2153,-1,2153,2163,2164,-1,2153,2164,2157,-1,2157,2164,2165,-1,2157,2165,2158,-1,2166,2167,2168,-1,2168,2167,2155,-1,2168,2155,2169,-1,2169,2155,2154,-1,2122,2158,2165,-1,2122,2165,2136,-1,2136,2165,2164,-1,2136,2164,2137,-1,2137,2164,2163,-1,2137,2163,2138,-1,2138,2163,2162,-1,2138,2162,2126,-1,2126,2162,2161,-1,2126,2161,2127,-1,2127,2161,2160,-1,2127,2160,2129,-1,2129,2160,2155,-1,2129,2155,2131,-1,2133,2131,2167,-1,2167,2131,2155,-1,2134,2133,2166,-1,2166,2133,2167,-1,2135,2134,2168,-1,2168,2134,2166,-1,2135,2168,2169,-1,2135,2169,2132,-1,2132,2169,2154,-1,2132,2154,2130,-1,2130,2154,2153,-1,2130,2153,2128,-1,2128,2153,2157,-1,2128,2157,2124,-1,2124,2157,2149,-1,2124,2149,2123,-1,2123,2149,2147,-1,2123,2147,2108,-1,2108,2147,2152,-1,2108,2152,2109,-1,2120,2109,2151,-1,2151,2109,2152,-1,2120,2151,2150,-1,2120,2150,2115,-1,2115,2150,2139,-1,2115,2139,2116,-1,2116,2139,2141,-1,2116,2141,2118,-1,2118,2141,2143,-1,2118,2143,2119,-1,2119,2143,2144,-1,2119,2144,2112,-1,2112,2144,2103,-1,2112,2103,2101,-1,2107,2105,2156,-1,2107,2156,2114,-1,2114,2156,2145,-1,2114,2145,2113,-1,2113,2145,2142,-1,2113,2142,2111,-1,2111,2142,2140,-1,2111,2140,2117,-1,2117,2140,2146,-1,2117,2146,2110,-1,2110,2146,2148,-1,2110,2148,2125,-1,2125,2148,2159,-1,2125,2159,2121,-1,2122,2121,2158,-1,2158,2121,2159,-1,2170,2171,2172,-1,2172,2171,2173,-1,2174,2175,2176,-1,2176,2175,2177,-1,2178,2179,2180,-1,2180,2179,2181,-1,2180,2181,2182,-1,2182,2181,2183,-1,2183,2181,2184,-1,2183,2184,2177,-1,2185,2186,2187,-1,2187,2186,2188,-1,2189,2190,2191,-1,2178,2192,2179,-1,2179,2192,2193,-1,2179,2193,2185,-1,2185,2193,2194,-1,2185,2194,2186,-1,2195,2196,2188,-1,2188,2196,2197,-1,2188,2197,2187,-1,2170,2176,2171,-1,2171,2176,2177,-1,2171,2177,2198,-1,2198,2177,2184,-1,2191,2199,2189,-1,2189,2199,2200,-1,2189,2200,2201,-1,2201,2202,2189,-1,2189,2202,2203,-1,2189,2203,2195,-1,2195,2203,2204,-1,2195,2204,2196,-1,2205,2206,2207,-1,2207,2206,2191,-1,2207,2191,2208,-1,2208,2191,2190,-1,2209,2210,2211,-1,2212,2213,2214,-1,2214,2213,2175,-1,2214,2175,2215,-1,2216,2217,2218,-1,2218,2217,2219,-1,2218,2219,2212,-1,2212,2219,2220,-1,2212,2220,2213,-1,2211,2210,2218,-1,2218,2210,2221,-1,2218,2221,2216,-1,2222,2223,2224,-1,2224,2223,2225,-1,2209,2211,2224,-1,2224,2211,2226,-1,2224,2226,2222,-1,2174,2172,2175,-1,2175,2172,2173,-1,2175,2173,2215,-1,2227,2228,2229,-1,2229,2228,2230,-1,2229,2230,2231,-1,2231,2230,2232,-1,2231,2232,2233,-1,2234,2235,2232,-1,2232,2235,2236,-1,2232,2236,2233,-1,2223,2237,2225,-1,2225,2237,2238,-1,2225,2238,2229,-1,2229,2238,2239,-1,2229,2239,2227,-1,2191,2232,2230,-1,2191,2230,2199,-1,2199,2230,2228,-1,2199,2228,2200,-1,2200,2228,2227,-1,2200,2227,2201,-1,2201,2227,2239,-1,2201,2239,2202,-1,2202,2239,2238,-1,2202,2238,2203,-1,2203,2238,2237,-1,2203,2237,2204,-1,2204,2237,2223,-1,2204,2223,2196,-1,2197,2196,2222,-1,2222,2196,2223,-1,2197,2222,2226,-1,2197,2226,2187,-1,2187,2226,2211,-1,2187,2211,2185,-1,2185,2211,2218,-1,2185,2218,2179,-1,2179,2218,2212,-1,2179,2212,2181,-1,2181,2212,2214,-1,2181,2214,2184,-1,2184,2214,2215,-1,2184,2215,2198,-1,2198,2215,2173,-1,2198,2173,2171,-1,2177,2175,2213,-1,2177,2213,2183,-1,2183,2213,2220,-1,2183,2220,2182,-1,2182,2220,2219,-1,2182,2219,2180,-1,2180,2219,2217,-1,2180,2217,2178,-1,2178,2217,2216,-1,2178,2216,2192,-1,2192,2216,2221,-1,2192,2221,2193,-1,2194,2193,2210,-1,2210,2193,2221,-1,2194,2210,2209,-1,2194,2209,2186,-1,2186,2209,2224,-1,2186,2224,2188,-1,2188,2224,2225,-1,2188,2225,2195,-1,2195,2225,2229,-1,2195,2229,2189,-1,2189,2229,2231,-1,2189,2231,2190,-1,2190,2231,2233,-1,2190,2233,2208,-1,2208,2233,2236,-1,2208,2236,2207,-1,2205,2207,2235,-1,2235,2207,2236,-1,2206,2205,2234,-1,2234,2205,2235,-1,2191,2206,2232,-1,2232,2206,2234,-1,2240,2241,2242,-1,2242,2241,2243,-1,2244,2245,2246,-1,2246,2245,2247,-1,2248,2249,2250,-1,2251,2252,2253,-1,2253,2252,2241,-1,2253,2241,2254,-1,2255,2256,2257,-1,2257,2256,2258,-1,2257,2258,2251,-1,2251,2258,2259,-1,2251,2259,2252,-1,2250,2249,2257,-1,2257,2249,2260,-1,2257,2260,2255,-1,2261,2262,2263,-1,2263,2262,2264,-1,2248,2250,2263,-1,2263,2250,2265,-1,2263,2265,2261,-1,2240,2246,2241,-1,2241,2246,2247,-1,2241,2247,2254,-1,2266,2267,2268,-1,2268,2267,2269,-1,2268,2269,2270,-1,2270,2269,2271,-1,2270,2271,2272,-1,2273,2274,2271,-1,2271,2274,2275,-1,2271,2275,2272,-1,2262,2276,2264,-1,2264,2276,2277,-1,2264,2277,2268,-1,2268,2277,2278,-1,2268,2278,2266,-1,2279,2280,2281,-1,2281,2280,2282,-1,2281,2282,2283,-1,2283,2282,2284,-1,2284,2282,2285,-1,2284,2285,2243,-1,2286,2287,2288,-1,2288,2287,2289,-1,2279,2290,2280,-1,2280,2290,2291,-1,2280,2291,2286,-1,2286,2291,2292,-1,2286,2292,2287,-1,2293,2294,2295,-1,2244,2242,2245,-1,2245,2242,2243,-1,2245,2243,2296,-1,2296,2243,2285,-1,2297,2298,2289,-1,2289,2298,2299,-1,2289,2299,2288,-1,2295,2300,2293,-1,2293,2300,2301,-1,2293,2301,2302,-1,2302,2303,2293,-1,2293,2303,2304,-1,2293,2304,2297,-1,2297,2304,2305,-1,2297,2305,2298,-1,2306,2307,2308,-1,2308,2307,2295,-1,2308,2295,2309,-1,2309,2295,2294,-1,2262,2298,2305,-1,2262,2305,2276,-1,2276,2305,2304,-1,2276,2304,2277,-1,2277,2304,2303,-1,2277,2303,2278,-1,2278,2303,2302,-1,2278,2302,2266,-1,2266,2302,2301,-1,2266,2301,2267,-1,2267,2301,2300,-1,2267,2300,2269,-1,2269,2300,2295,-1,2269,2295,2271,-1,2273,2271,2307,-1,2307,2271,2295,-1,2274,2273,2306,-1,2306,2273,2307,-1,2275,2274,2308,-1,2308,2274,2306,-1,2275,2308,2309,-1,2275,2309,2272,-1,2272,2309,2294,-1,2272,2294,2270,-1,2270,2294,2293,-1,2270,2293,2268,-1,2268,2293,2297,-1,2268,2297,2264,-1,2264,2297,2289,-1,2264,2289,2263,-1,2263,2289,2287,-1,2263,2287,2248,-1,2248,2287,2292,-1,2248,2292,2249,-1,2260,2249,2291,-1,2291,2249,2292,-1,2260,2291,2290,-1,2260,2290,2255,-1,2255,2290,2279,-1,2255,2279,2256,-1,2256,2279,2281,-1,2256,2281,2258,-1,2258,2281,2283,-1,2258,2283,2259,-1,2259,2283,2284,-1,2259,2284,2252,-1,2252,2284,2243,-1,2252,2243,2241,-1,2247,2245,2296,-1,2247,2296,2254,-1,2254,2296,2285,-1,2254,2285,2253,-1,2253,2285,2282,-1,2253,2282,2251,-1,2251,2282,2280,-1,2251,2280,2257,-1,2257,2280,2286,-1,2257,2286,2250,-1,2250,2286,2288,-1,2250,2288,2265,-1,2265,2288,2299,-1,2265,2299,2261,-1,2262,2261,2298,-1,2298,2261,2299,-1,2310,2311,2312,-1,2312,2311,2313,-1,2314,2315,2316,-1,2316,2315,2317,-1,2318,2319,2320,-1,2320,2319,2321,-1,2320,2321,2322,-1,2322,2321,2323,-1,2323,2321,2324,-1,2323,2324,2317,-1,2325,2326,2327,-1,2327,2326,2328,-1,2329,2330,2331,-1,2318,2332,2319,-1,2319,2332,2333,-1,2319,2333,2325,-1,2325,2333,2334,-1,2325,2334,2326,-1,2335,2336,2328,-1,2328,2336,2337,-1,2328,2337,2327,-1,2310,2316,2311,-1,2311,2316,2317,-1,2311,2317,2338,-1,2338,2317,2324,-1,2331,2339,2329,-1,2329,2339,2340,-1,2329,2340,2341,-1,2341,2342,2329,-1,2329,2342,2343,-1,2329,2343,2335,-1,2335,2343,2344,-1,2335,2344,2336,-1,2345,2346,2347,-1,2347,2346,2331,-1,2347,2331,2348,-1,2348,2331,2330,-1,2349,2350,2351,-1,2352,2353,2354,-1,2354,2353,2315,-1,2354,2315,2355,-1,2356,2357,2358,-1,2358,2357,2359,-1,2358,2359,2352,-1,2352,2359,2360,-1,2352,2360,2353,-1,2351,2350,2358,-1,2358,2350,2361,-1,2358,2361,2356,-1,2362,2363,2364,-1,2364,2363,2365,-1,2349,2351,2364,-1,2364,2351,2366,-1,2364,2366,2362,-1,2314,2312,2315,-1,2315,2312,2313,-1,2315,2313,2355,-1,2367,2368,2369,-1,2369,2368,2370,-1,2369,2370,2371,-1,2371,2370,2372,-1,2371,2372,2373,-1,2374,2375,2372,-1,2372,2375,2376,-1,2372,2376,2373,-1,2363,2377,2365,-1,2365,2377,2378,-1,2365,2378,2369,-1,2369,2378,2379,-1,2369,2379,2367,-1,2331,2372,2370,-1,2331,2370,2339,-1,2339,2370,2368,-1,2339,2368,2340,-1,2340,2368,2367,-1,2340,2367,2341,-1,2341,2367,2379,-1,2341,2379,2342,-1,2342,2379,2378,-1,2342,2378,2343,-1,2343,2378,2377,-1,2343,2377,2344,-1,2344,2377,2363,-1,2344,2363,2336,-1,2337,2336,2362,-1,2362,2336,2363,-1,2337,2362,2366,-1,2337,2366,2327,-1,2327,2366,2351,-1,2327,2351,2325,-1,2325,2351,2358,-1,2325,2358,2319,-1,2319,2358,2352,-1,2319,2352,2321,-1,2321,2352,2354,-1,2321,2354,2324,-1,2324,2354,2355,-1,2324,2355,2338,-1,2338,2355,2313,-1,2338,2313,2311,-1,2317,2315,2353,-1,2317,2353,2323,-1,2323,2353,2360,-1,2323,2360,2322,-1,2322,2360,2359,-1,2322,2359,2320,-1,2320,2359,2357,-1,2320,2357,2318,-1,2318,2357,2356,-1,2318,2356,2332,-1,2332,2356,2361,-1,2332,2361,2333,-1,2334,2333,2350,-1,2350,2333,2361,-1,2334,2350,2349,-1,2334,2349,2326,-1,2326,2349,2364,-1,2326,2364,2328,-1,2328,2364,2365,-1,2328,2365,2335,-1,2335,2365,2369,-1,2335,2369,2329,-1,2329,2369,2371,-1,2329,2371,2330,-1,2330,2371,2373,-1,2330,2373,2348,-1,2348,2373,2376,-1,2348,2376,2347,-1,2345,2347,2375,-1,2375,2347,2376,-1,2346,2345,2374,-1,2374,2345,2375,-1,2331,2346,2372,-1,2372,2346,2374,-1,2380,2381,2382,-1,2382,2381,2383,-1,2384,2385,2386,-1,2386,2385,2387,-1,2388,2389,2390,-1,2391,2392,2393,-1,2393,2392,2381,-1,2393,2381,2394,-1,2395,2396,2397,-1,2397,2396,2398,-1,2397,2398,2391,-1,2391,2398,2399,-1,2391,2399,2392,-1,2390,2389,2397,-1,2397,2389,2400,-1,2397,2400,2395,-1,2401,2402,2403,-1,2403,2402,2404,-1,2388,2390,2403,-1,2403,2390,2405,-1,2403,2405,2401,-1,2380,2386,2381,-1,2381,2386,2387,-1,2381,2387,2394,-1,2406,2407,2408,-1,2408,2407,2409,-1,2408,2409,2410,-1,2410,2409,2411,-1,2410,2411,2412,-1,2413,2414,2411,-1,2411,2414,2415,-1,2411,2415,2412,-1,2402,2416,2404,-1,2404,2416,2417,-1,2404,2417,2408,-1,2408,2417,2418,-1,2408,2418,2406,-1,2419,2420,2421,-1,2421,2420,2422,-1,2421,2422,2423,-1,2423,2422,2424,-1,2424,2422,2425,-1,2424,2425,2383,-1,2426,2427,2428,-1,2428,2427,2429,-1,2419,2430,2420,-1,2420,2430,2431,-1,2420,2431,2426,-1,2426,2431,2432,-1,2426,2432,2427,-1,2433,2434,2435,-1,2384,2382,2385,-1,2385,2382,2383,-1,2385,2383,2436,-1,2436,2383,2425,-1,2437,2438,2429,-1,2429,2438,2439,-1,2429,2439,2428,-1,2435,2440,2433,-1,2433,2440,2441,-1,2433,2441,2442,-1,2442,2443,2433,-1,2433,2443,2444,-1,2433,2444,2437,-1,2437,2444,2445,-1,2437,2445,2438,-1,2446,2447,2448,-1,2448,2447,2435,-1,2448,2435,2449,-1,2449,2435,2434,-1,2402,2438,2445,-1,2402,2445,2416,-1,2416,2445,2444,-1,2416,2444,2417,-1,2417,2444,2443,-1,2417,2443,2418,-1,2418,2443,2442,-1,2418,2442,2406,-1,2406,2442,2441,-1,2406,2441,2407,-1,2407,2441,2440,-1,2407,2440,2409,-1,2409,2440,2435,-1,2409,2435,2411,-1,2413,2411,2447,-1,2447,2411,2435,-1,2414,2413,2446,-1,2446,2413,2447,-1,2415,2414,2448,-1,2448,2414,2446,-1,2415,2448,2449,-1,2415,2449,2412,-1,2412,2449,2434,-1,2412,2434,2410,-1,2410,2434,2433,-1,2410,2433,2408,-1,2408,2433,2437,-1,2408,2437,2404,-1,2404,2437,2429,-1,2404,2429,2403,-1,2403,2429,2427,-1,2403,2427,2388,-1,2388,2427,2432,-1,2388,2432,2389,-1,2400,2389,2431,-1,2431,2389,2432,-1,2400,2431,2430,-1,2400,2430,2395,-1,2395,2430,2419,-1,2395,2419,2396,-1,2396,2419,2421,-1,2396,2421,2398,-1,2398,2421,2423,-1,2398,2423,2399,-1,2399,2423,2424,-1,2399,2424,2392,-1,2392,2424,2383,-1,2392,2383,2381,-1,2387,2385,2436,-1,2387,2436,2394,-1,2394,2436,2425,-1,2394,2425,2393,-1,2393,2425,2422,-1,2393,2422,2391,-1,2391,2422,2420,-1,2391,2420,2397,-1,2397,2420,2426,-1,2397,2426,2390,-1,2390,2426,2428,-1,2390,2428,2405,-1,2405,2428,2439,-1,2405,2439,2401,-1,2402,2401,2438,-1,2438,2401,2439,-1,2450,2451,2452,-1,2452,2451,2453,-1,2454,2455,2456,-1,2456,2455,2457,-1,2458,2459,2460,-1,2460,2459,2461,-1,2460,2461,2462,-1,2462,2461,2463,-1,2463,2461,2464,-1,2463,2464,2457,-1,2465,2466,2467,-1,2467,2466,2468,-1,2469,2470,2471,-1,2458,2472,2459,-1,2459,2472,2473,-1,2459,2473,2465,-1,2465,2473,2474,-1,2465,2474,2466,-1,2475,2476,2468,-1,2468,2476,2477,-1,2468,2477,2467,-1,2450,2456,2451,-1,2451,2456,2457,-1,2451,2457,2478,-1,2478,2457,2464,-1,2471,2479,2469,-1,2469,2479,2480,-1,2469,2480,2481,-1,2481,2482,2469,-1,2469,2482,2483,-1,2469,2483,2475,-1,2475,2483,2484,-1,2475,2484,2476,-1,2485,2486,2487,-1,2487,2486,2471,-1,2487,2471,2488,-1,2488,2471,2470,-1,2489,2490,2491,-1,2492,2493,2494,-1,2494,2493,2455,-1,2494,2455,2495,-1,2496,2497,2498,-1,2498,2497,2499,-1,2498,2499,2492,-1,2492,2499,2500,-1,2492,2500,2493,-1,2491,2490,2498,-1,2498,2490,2501,-1,2498,2501,2496,-1,2502,2503,2504,-1,2504,2503,2505,-1,2489,2491,2504,-1,2504,2491,2506,-1,2504,2506,2502,-1,2454,2452,2455,-1,2455,2452,2453,-1,2455,2453,2495,-1,2507,2508,2509,-1,2509,2508,2510,-1,2509,2510,2511,-1,2511,2510,2512,-1,2511,2512,2513,-1,2514,2515,2512,-1,2512,2515,2516,-1,2512,2516,2513,-1,2503,2517,2505,-1,2505,2517,2518,-1,2505,2518,2509,-1,2509,2518,2519,-1,2509,2519,2507,-1,2471,2512,2510,-1,2471,2510,2479,-1,2479,2510,2508,-1,2479,2508,2480,-1,2480,2508,2507,-1,2480,2507,2481,-1,2481,2507,2519,-1,2481,2519,2482,-1,2482,2519,2518,-1,2482,2518,2483,-1,2483,2518,2517,-1,2483,2517,2484,-1,2484,2517,2503,-1,2484,2503,2476,-1,2477,2476,2502,-1,2502,2476,2503,-1,2477,2502,2506,-1,2477,2506,2467,-1,2467,2506,2491,-1,2467,2491,2465,-1,2465,2491,2498,-1,2465,2498,2459,-1,2459,2498,2492,-1,2459,2492,2461,-1,2461,2492,2494,-1,2461,2494,2464,-1,2464,2494,2495,-1,2464,2495,2478,-1,2478,2495,2453,-1,2478,2453,2451,-1,2457,2455,2493,-1,2457,2493,2463,-1,2463,2493,2500,-1,2463,2500,2462,-1,2462,2500,2499,-1,2462,2499,2460,-1,2460,2499,2497,-1,2460,2497,2458,-1,2458,2497,2496,-1,2458,2496,2472,-1,2472,2496,2501,-1,2472,2501,2473,-1,2474,2473,2490,-1,2490,2473,2501,-1,2474,2490,2489,-1,2474,2489,2466,-1,2466,2489,2504,-1,2466,2504,2468,-1,2468,2504,2505,-1,2468,2505,2475,-1,2475,2505,2509,-1,2475,2509,2469,-1,2469,2509,2511,-1,2469,2511,2470,-1,2470,2511,2513,-1,2470,2513,2488,-1,2488,2513,2516,-1,2488,2516,2487,-1,2485,2487,2515,-1,2515,2487,2516,-1,2486,2485,2514,-1,2514,2485,2515,-1,2471,2486,2512,-1,2512,2486,2514,-1,2520,2521,2522,-1,2522,2521,2523,-1,2524,2525,2526,-1,2526,2525,2527,-1,2528,2529,2530,-1,2531,2532,2533,-1,2533,2532,2521,-1,2533,2521,2534,-1,2535,2536,2537,-1,2537,2536,2538,-1,2537,2538,2531,-1,2531,2538,2539,-1,2531,2539,2532,-1,2530,2529,2537,-1,2537,2529,2540,-1,2537,2540,2535,-1,2541,2542,2543,-1,2543,2542,2544,-1,2528,2530,2543,-1,2543,2530,2545,-1,2543,2545,2541,-1,2520,2526,2521,-1,2521,2526,2527,-1,2521,2527,2534,-1,2546,2547,2548,-1,2548,2547,2549,-1,2548,2549,2550,-1,2550,2549,2551,-1,2550,2551,2552,-1,2553,2554,2551,-1,2551,2554,2555,-1,2551,2555,2552,-1,2542,2556,2544,-1,2544,2556,2557,-1,2544,2557,2548,-1,2548,2557,2558,-1,2548,2558,2546,-1,2559,2560,2561,-1,2561,2560,2562,-1,2561,2562,2563,-1,2563,2562,2564,-1,2564,2562,2565,-1,2564,2565,2523,-1,2566,2567,2568,-1,2568,2567,2569,-1,2559,2570,2560,-1,2560,2570,2571,-1,2560,2571,2566,-1,2566,2571,2572,-1,2566,2572,2567,-1,2573,2574,2575,-1,2524,2522,2525,-1,2525,2522,2523,-1,2525,2523,2576,-1,2576,2523,2565,-1,2577,2578,2569,-1,2569,2578,2579,-1,2569,2579,2568,-1,2575,2580,2573,-1,2573,2580,2581,-1,2573,2581,2582,-1,2582,2583,2573,-1,2573,2583,2584,-1,2573,2584,2577,-1,2577,2584,2585,-1,2577,2585,2578,-1,2586,2587,2588,-1,2588,2587,2575,-1,2588,2575,2589,-1,2589,2575,2574,-1,2542,2578,2585,-1,2542,2585,2556,-1,2556,2585,2584,-1,2556,2584,2557,-1,2557,2584,2583,-1,2557,2583,2558,-1,2558,2583,2582,-1,2558,2582,2546,-1,2546,2582,2581,-1,2546,2581,2547,-1,2547,2581,2580,-1,2547,2580,2549,-1,2549,2580,2575,-1,2549,2575,2551,-1,2553,2551,2587,-1,2587,2551,2575,-1,2554,2553,2586,-1,2586,2553,2587,-1,2555,2554,2588,-1,2588,2554,2586,-1,2555,2588,2589,-1,2555,2589,2552,-1,2552,2589,2574,-1,2552,2574,2550,-1,2550,2574,2573,-1,2550,2573,2548,-1,2548,2573,2577,-1,2548,2577,2544,-1,2544,2577,2569,-1,2544,2569,2543,-1,2543,2569,2567,-1,2543,2567,2528,-1,2528,2567,2572,-1,2528,2572,2529,-1,2540,2529,2571,-1,2571,2529,2572,-1,2540,2571,2570,-1,2540,2570,2535,-1,2535,2570,2559,-1,2535,2559,2536,-1,2536,2559,2561,-1,2536,2561,2538,-1,2538,2561,2563,-1,2538,2563,2539,-1,2539,2563,2564,-1,2539,2564,2532,-1,2532,2564,2523,-1,2532,2523,2521,-1,2527,2525,2576,-1,2527,2576,2534,-1,2534,2576,2565,-1,2534,2565,2533,-1,2533,2565,2562,-1,2533,2562,2531,-1,2531,2562,2560,-1,2531,2560,2537,-1,2537,2560,2566,-1,2537,2566,2530,-1,2530,2566,2568,-1,2530,2568,2545,-1,2545,2568,2579,-1,2545,2579,2541,-1,2542,2541,2578,-1,2578,2541,2579,-1,2590,2591,2592,-1,2592,2591,2593,-1,2594,2595,2596,-1,2596,2595,2597,-1,2598,2599,2600,-1,2600,2599,2601,-1,2600,2601,2602,-1,2602,2601,2603,-1,2603,2601,2604,-1,2603,2604,2597,-1,2605,2606,2607,-1,2607,2606,2608,-1,2609,2610,2611,-1,2598,2612,2599,-1,2599,2612,2613,-1,2599,2613,2605,-1,2605,2613,2614,-1,2605,2614,2606,-1,2615,2616,2608,-1,2608,2616,2617,-1,2608,2617,2607,-1,2590,2596,2591,-1,2591,2596,2597,-1,2591,2597,2618,-1,2618,2597,2604,-1,2611,2619,2609,-1,2609,2619,2620,-1,2609,2620,2621,-1,2621,2622,2609,-1,2609,2622,2623,-1,2609,2623,2615,-1,2615,2623,2624,-1,2615,2624,2616,-1,2625,2626,2627,-1,2627,2626,2611,-1,2627,2611,2628,-1,2628,2611,2610,-1,2629,2630,2631,-1,2632,2633,2634,-1,2634,2633,2595,-1,2634,2595,2635,-1,2636,2637,2638,-1,2638,2637,2639,-1,2638,2639,2632,-1,2632,2639,2640,-1,2632,2640,2633,-1,2631,2630,2638,-1,2638,2630,2641,-1,2638,2641,2636,-1,2642,2643,2644,-1,2644,2643,2645,-1,2629,2631,2644,-1,2644,2631,2646,-1,2644,2646,2642,-1,2594,2592,2595,-1,2595,2592,2593,-1,2595,2593,2635,-1,2647,2648,2649,-1,2649,2648,2650,-1,2649,2650,2651,-1,2651,2650,2652,-1,2651,2652,2653,-1,2654,2655,2652,-1,2652,2655,2656,-1,2652,2656,2653,-1,2643,2657,2645,-1,2645,2657,2658,-1,2645,2658,2649,-1,2649,2658,2659,-1,2649,2659,2647,-1,2611,2652,2650,-1,2611,2650,2619,-1,2619,2650,2648,-1,2619,2648,2620,-1,2620,2648,2647,-1,2620,2647,2621,-1,2621,2647,2659,-1,2621,2659,2622,-1,2622,2659,2658,-1,2622,2658,2623,-1,2623,2658,2657,-1,2623,2657,2624,-1,2624,2657,2643,-1,2624,2643,2616,-1,2617,2616,2642,-1,2642,2616,2643,-1,2617,2642,2646,-1,2617,2646,2607,-1,2607,2646,2631,-1,2607,2631,2605,-1,2605,2631,2638,-1,2605,2638,2599,-1,2599,2638,2632,-1,2599,2632,2601,-1,2601,2632,2634,-1,2601,2634,2604,-1,2604,2634,2635,-1,2604,2635,2618,-1,2618,2635,2593,-1,2618,2593,2591,-1,2597,2595,2633,-1,2597,2633,2603,-1,2603,2633,2640,-1,2603,2640,2602,-1,2602,2640,2639,-1,2602,2639,2600,-1,2600,2639,2637,-1,2600,2637,2598,-1,2598,2637,2636,-1,2598,2636,2612,-1,2612,2636,2641,-1,2612,2641,2613,-1,2614,2613,2630,-1,2630,2613,2641,-1,2614,2630,2629,-1,2614,2629,2606,-1,2606,2629,2644,-1,2606,2644,2608,-1,2608,2644,2645,-1,2608,2645,2615,-1,2615,2645,2649,-1,2615,2649,2609,-1,2609,2649,2651,-1,2609,2651,2610,-1,2610,2651,2653,-1,2610,2653,2628,-1,2628,2653,2656,-1,2628,2656,2627,-1,2625,2627,2655,-1,2655,2627,2656,-1,2626,2625,2654,-1,2654,2625,2655,-1,2611,2626,2652,-1,2652,2626,2654,-1,2660,2661,2662,-1,2662,2661,2663,-1,2664,2665,2666,-1,2666,2665,2667,-1,2668,2669,2670,-1,2671,2672,2673,-1,2673,2672,2661,-1,2673,2661,2674,-1,2675,2676,2677,-1,2677,2676,2678,-1,2677,2678,2671,-1,2671,2678,2679,-1,2671,2679,2672,-1,2670,2669,2677,-1,2677,2669,2680,-1,2677,2680,2675,-1,2681,2682,2683,-1,2683,2682,2684,-1,2668,2670,2683,-1,2683,2670,2685,-1,2683,2685,2681,-1,2660,2666,2661,-1,2661,2666,2667,-1,2661,2667,2674,-1,2686,2687,2688,-1,2688,2687,2689,-1,2688,2689,2690,-1,2690,2689,2691,-1,2690,2691,2692,-1,2693,2694,2691,-1,2691,2694,2695,-1,2691,2695,2692,-1,2682,2696,2684,-1,2684,2696,2697,-1,2684,2697,2688,-1,2688,2697,2698,-1,2688,2698,2686,-1,2699,2700,2701,-1,2701,2700,2702,-1,2701,2702,2703,-1,2703,2702,2704,-1,2704,2702,2705,-1,2704,2705,2663,-1,2706,2707,2708,-1,2708,2707,2709,-1,2699,2710,2700,-1,2700,2710,2711,-1,2700,2711,2706,-1,2706,2711,2712,-1,2706,2712,2707,-1,2713,2714,2715,-1,2664,2662,2665,-1,2665,2662,2663,-1,2665,2663,2716,-1,2716,2663,2705,-1,2717,2718,2709,-1,2709,2718,2719,-1,2709,2719,2708,-1,2715,2720,2713,-1,2713,2720,2721,-1,2713,2721,2722,-1,2722,2723,2713,-1,2713,2723,2724,-1,2713,2724,2717,-1,2717,2724,2725,-1,2717,2725,2718,-1,2726,2727,2728,-1,2728,2727,2715,-1,2728,2715,2729,-1,2729,2715,2714,-1,2682,2718,2725,-1,2682,2725,2696,-1,2696,2725,2724,-1,2696,2724,2697,-1,2697,2724,2723,-1,2697,2723,2698,-1,2698,2723,2722,-1,2698,2722,2686,-1,2686,2722,2721,-1,2686,2721,2687,-1,2687,2721,2720,-1,2687,2720,2689,-1,2689,2720,2715,-1,2689,2715,2691,-1,2693,2691,2727,-1,2727,2691,2715,-1,2694,2693,2726,-1,2726,2693,2727,-1,2695,2694,2728,-1,2728,2694,2726,-1,2695,2728,2729,-1,2695,2729,2692,-1,2692,2729,2714,-1,2692,2714,2690,-1,2690,2714,2713,-1,2690,2713,2688,-1,2688,2713,2717,-1,2688,2717,2684,-1,2684,2717,2709,-1,2684,2709,2683,-1,2683,2709,2707,-1,2683,2707,2668,-1,2668,2707,2712,-1,2668,2712,2669,-1,2680,2669,2711,-1,2711,2669,2712,-1,2680,2711,2710,-1,2680,2710,2675,-1,2675,2710,2699,-1,2675,2699,2676,-1,2676,2699,2701,-1,2676,2701,2678,-1,2678,2701,2703,-1,2678,2703,2679,-1,2679,2703,2704,-1,2679,2704,2672,-1,2672,2704,2663,-1,2672,2663,2661,-1,2667,2665,2716,-1,2667,2716,2674,-1,2674,2716,2705,-1,2674,2705,2673,-1,2673,2705,2702,-1,2673,2702,2671,-1,2671,2702,2700,-1,2671,2700,2677,-1,2677,2700,2706,-1,2677,2706,2670,-1,2670,2706,2708,-1,2670,2708,2685,-1,2685,2708,2719,-1,2685,2719,2681,-1,2682,2681,2718,-1,2718,2681,2719,-1,2730,2731,2732,-1,2732,2731,2733,-1,2734,2735,2736,-1,2736,2735,2737,-1,2738,2739,2740,-1,2740,2739,2741,-1,2740,2741,2742,-1,2742,2741,2743,-1,2743,2741,2744,-1,2743,2744,2737,-1,2745,2746,2747,-1,2747,2746,2748,-1,2749,2750,2751,-1,2738,2752,2739,-1,2739,2752,2753,-1,2739,2753,2745,-1,2745,2753,2754,-1,2745,2754,2746,-1,2755,2756,2748,-1,2748,2756,2757,-1,2748,2757,2747,-1,2730,2736,2731,-1,2731,2736,2737,-1,2731,2737,2758,-1,2758,2737,2744,-1,2751,2759,2749,-1,2749,2759,2760,-1,2749,2760,2761,-1,2761,2762,2749,-1,2749,2762,2763,-1,2749,2763,2755,-1,2755,2763,2764,-1,2755,2764,2756,-1,2765,2766,2767,-1,2767,2766,2751,-1,2767,2751,2768,-1,2768,2751,2750,-1,2769,2770,2771,-1,2772,2773,2774,-1,2774,2773,2735,-1,2774,2735,2775,-1,2776,2777,2778,-1,2778,2777,2779,-1,2778,2779,2772,-1,2772,2779,2780,-1,2772,2780,2773,-1,2771,2770,2778,-1,2778,2770,2781,-1,2778,2781,2776,-1,2782,2783,2784,-1,2784,2783,2785,-1,2769,2771,2784,-1,2784,2771,2786,-1,2784,2786,2782,-1,2734,2732,2735,-1,2735,2732,2733,-1,2735,2733,2775,-1,2787,2788,2789,-1,2789,2788,2790,-1,2789,2790,2791,-1,2791,2790,2792,-1,2791,2792,2793,-1,2794,2795,2792,-1,2792,2795,2796,-1,2792,2796,2793,-1,2783,2797,2785,-1,2785,2797,2798,-1,2785,2798,2789,-1,2789,2798,2799,-1,2789,2799,2787,-1,2751,2792,2790,-1,2751,2790,2759,-1,2759,2790,2788,-1,2759,2788,2760,-1,2760,2788,2787,-1,2760,2787,2761,-1,2761,2787,2799,-1,2761,2799,2762,-1,2762,2799,2798,-1,2762,2798,2763,-1,2763,2798,2797,-1,2763,2797,2764,-1,2764,2797,2783,-1,2764,2783,2756,-1,2757,2756,2782,-1,2782,2756,2783,-1,2757,2782,2786,-1,2757,2786,2747,-1,2747,2786,2771,-1,2747,2771,2745,-1,2745,2771,2778,-1,2745,2778,2739,-1,2739,2778,2772,-1,2739,2772,2741,-1,2741,2772,2774,-1,2741,2774,2744,-1,2744,2774,2775,-1,2744,2775,2758,-1,2758,2775,2733,-1,2758,2733,2731,-1,2737,2735,2773,-1,2737,2773,2743,-1,2743,2773,2780,-1,2743,2780,2742,-1,2742,2780,2779,-1,2742,2779,2740,-1,2740,2779,2777,-1,2740,2777,2738,-1,2738,2777,2776,-1,2738,2776,2752,-1,2752,2776,2781,-1,2752,2781,2753,-1,2754,2753,2770,-1,2770,2753,2781,-1,2754,2770,2769,-1,2754,2769,2746,-1,2746,2769,2784,-1,2746,2784,2748,-1,2748,2784,2785,-1,2748,2785,2755,-1,2755,2785,2789,-1,2755,2789,2749,-1,2749,2789,2791,-1,2749,2791,2750,-1,2750,2791,2793,-1,2750,2793,2768,-1,2768,2793,2796,-1,2768,2796,2767,-1,2765,2767,2795,-1,2795,2767,2796,-1,2766,2765,2794,-1,2794,2765,2795,-1,2751,2766,2792,-1,2792,2766,2794,-1,2800,2801,2802,-1,2802,2801,2803,-1,2804,2805,2806,-1,2806,2805,2807,-1,2808,2809,2810,-1,2811,2812,2813,-1,2813,2812,2801,-1,2813,2801,2814,-1,2815,2816,2817,-1,2817,2816,2818,-1,2817,2818,2811,-1,2811,2818,2819,-1,2811,2819,2812,-1,2810,2809,2817,-1,2817,2809,2820,-1,2817,2820,2815,-1,2821,2822,2823,-1,2823,2822,2824,-1,2808,2810,2823,-1,2823,2810,2825,-1,2823,2825,2821,-1,2800,2806,2801,-1,2801,2806,2807,-1,2801,2807,2814,-1,2826,2827,2828,-1,2828,2827,2829,-1,2828,2829,2830,-1,2830,2829,2831,-1,2830,2831,2832,-1,2833,2834,2831,-1,2831,2834,2835,-1,2831,2835,2832,-1,2822,2836,2824,-1,2824,2836,2837,-1,2824,2837,2828,-1,2828,2837,2838,-1,2828,2838,2826,-1,2839,2840,2841,-1,2841,2840,2842,-1,2841,2842,2843,-1,2843,2842,2844,-1,2844,2842,2845,-1,2844,2845,2803,-1,2846,2847,2848,-1,2848,2847,2849,-1,2839,2850,2840,-1,2840,2850,2851,-1,2840,2851,2846,-1,2846,2851,2852,-1,2846,2852,2847,-1,2853,2854,2855,-1,2804,2802,2805,-1,2805,2802,2803,-1,2805,2803,2856,-1,2856,2803,2845,-1,2857,2858,2849,-1,2849,2858,2859,-1,2849,2859,2848,-1,2855,2860,2853,-1,2853,2860,2861,-1,2853,2861,2862,-1,2862,2863,2853,-1,2853,2863,2864,-1,2853,2864,2857,-1,2857,2864,2865,-1,2857,2865,2858,-1,2866,2867,2868,-1,2868,2867,2855,-1,2868,2855,2869,-1,2869,2855,2854,-1,2822,2858,2865,-1,2822,2865,2836,-1,2836,2865,2864,-1,2836,2864,2837,-1,2837,2864,2863,-1,2837,2863,2838,-1,2838,2863,2862,-1,2838,2862,2826,-1,2826,2862,2861,-1,2826,2861,2827,-1,2827,2861,2860,-1,2827,2860,2829,-1,2829,2860,2855,-1,2829,2855,2831,-1,2833,2831,2867,-1,2867,2831,2855,-1,2834,2833,2866,-1,2866,2833,2867,-1,2835,2834,2868,-1,2868,2834,2866,-1,2835,2868,2869,-1,2835,2869,2832,-1,2832,2869,2854,-1,2832,2854,2830,-1,2830,2854,2853,-1,2830,2853,2828,-1,2828,2853,2857,-1,2828,2857,2824,-1,2824,2857,2849,-1,2824,2849,2823,-1,2823,2849,2847,-1,2823,2847,2808,-1,2808,2847,2852,-1,2808,2852,2809,-1,2820,2809,2851,-1,2851,2809,2852,-1,2820,2851,2850,-1,2820,2850,2815,-1,2815,2850,2839,-1,2815,2839,2816,-1,2816,2839,2841,-1,2816,2841,2818,-1,2818,2841,2843,-1,2818,2843,2819,-1,2819,2843,2844,-1,2819,2844,2812,-1,2812,2844,2803,-1,2812,2803,2801,-1,2807,2805,2856,-1,2807,2856,2814,-1,2814,2856,2845,-1,2814,2845,2813,-1,2813,2845,2842,-1,2813,2842,2811,-1,2811,2842,2840,-1,2811,2840,2817,-1,2817,2840,2846,-1,2817,2846,2810,-1,2810,2846,2848,-1,2810,2848,2825,-1,2825,2848,2859,-1,2825,2859,2821,-1,2822,2821,2858,-1,2858,2821,2859,-1,2870,2871,2872,-1,2872,2871,2873,-1,2874,2875,2876,-1,2876,2875,2877,-1,2878,2879,2880,-1,2880,2879,2881,-1,2880,2881,2882,-1,2882,2881,2883,-1,2883,2881,2884,-1,2883,2884,2877,-1,2885,2886,2887,-1,2887,2886,2888,-1,2889,2890,2891,-1,2878,2892,2879,-1,2879,2892,2893,-1,2879,2893,2885,-1,2885,2893,2894,-1,2885,2894,2886,-1,2895,2896,2888,-1,2888,2896,2897,-1,2888,2897,2887,-1,2870,2876,2871,-1,2871,2876,2877,-1,2871,2877,2898,-1,2898,2877,2884,-1,2891,2899,2889,-1,2889,2899,2900,-1,2889,2900,2901,-1,2901,2902,2889,-1,2889,2902,2903,-1,2889,2903,2895,-1,2895,2903,2904,-1,2895,2904,2896,-1,2905,2906,2907,-1,2907,2906,2891,-1,2907,2891,2908,-1,2908,2891,2890,-1,2909,2910,2911,-1,2912,2913,2914,-1,2914,2913,2875,-1,2914,2875,2915,-1,2916,2917,2918,-1,2918,2917,2919,-1,2918,2919,2912,-1,2912,2919,2920,-1,2912,2920,2913,-1,2911,2910,2918,-1,2918,2910,2921,-1,2918,2921,2916,-1,2922,2923,2924,-1,2924,2923,2925,-1,2909,2911,2924,-1,2924,2911,2926,-1,2924,2926,2922,-1,2874,2872,2875,-1,2875,2872,2873,-1,2875,2873,2915,-1,2927,2928,2929,-1,2929,2928,2930,-1,2929,2930,2931,-1,2931,2930,2932,-1,2931,2932,2933,-1,2934,2935,2932,-1,2932,2935,2936,-1,2932,2936,2933,-1,2923,2937,2925,-1,2925,2937,2938,-1,2925,2938,2929,-1,2929,2938,2939,-1,2929,2939,2927,-1,2891,2932,2930,-1,2891,2930,2899,-1,2899,2930,2928,-1,2899,2928,2900,-1,2900,2928,2927,-1,2900,2927,2901,-1,2901,2927,2939,-1,2901,2939,2902,-1,2902,2939,2938,-1,2902,2938,2903,-1,2903,2938,2937,-1,2903,2937,2904,-1,2904,2937,2923,-1,2904,2923,2896,-1,2897,2896,2922,-1,2922,2896,2923,-1,2897,2922,2926,-1,2897,2926,2887,-1,2887,2926,2911,-1,2887,2911,2885,-1,2885,2911,2918,-1,2885,2918,2879,-1,2879,2918,2912,-1,2879,2912,2881,-1,2881,2912,2914,-1,2881,2914,2884,-1,2884,2914,2915,-1,2884,2915,2898,-1,2898,2915,2873,-1,2898,2873,2871,-1,2877,2875,2913,-1,2877,2913,2883,-1,2883,2913,2920,-1,2883,2920,2882,-1,2882,2920,2919,-1,2882,2919,2880,-1,2880,2919,2917,-1,2880,2917,2878,-1,2878,2917,2916,-1,2878,2916,2892,-1,2892,2916,2921,-1,2892,2921,2893,-1,2894,2893,2910,-1,2910,2893,2921,-1,2894,2910,2909,-1,2894,2909,2886,-1,2886,2909,2924,-1,2886,2924,2888,-1,2888,2924,2925,-1,2888,2925,2895,-1,2895,2925,2929,-1,2895,2929,2889,-1,2889,2929,2931,-1,2889,2931,2890,-1,2890,2931,2933,-1,2890,2933,2908,-1,2908,2933,2936,-1,2908,2936,2907,-1,2905,2907,2935,-1,2935,2907,2936,-1,2906,2905,2934,-1,2934,2905,2935,-1,2891,2906,2932,-1,2932,2906,2934,-1,2940,2941,2942,-1,2942,2941,2943,-1,2944,2945,2946,-1,2946,2945,2947,-1,2948,2949,2950,-1,2951,2952,2953,-1,2953,2952,2941,-1,2953,2941,2954,-1,2955,2956,2957,-1,2957,2956,2958,-1,2957,2958,2951,-1,2951,2958,2959,-1,2951,2959,2952,-1,2950,2949,2957,-1,2957,2949,2960,-1,2957,2960,2955,-1,2961,2962,2963,-1,2963,2962,2964,-1,2948,2950,2963,-1,2963,2950,2965,-1,2963,2965,2961,-1,2940,2946,2941,-1,2941,2946,2947,-1,2941,2947,2954,-1,2966,2967,2968,-1,2968,2967,2969,-1,2968,2969,2970,-1,2970,2969,2971,-1,2970,2971,2972,-1,2973,2974,2971,-1,2971,2974,2975,-1,2971,2975,2972,-1,2962,2976,2964,-1,2964,2976,2977,-1,2964,2977,2968,-1,2968,2977,2978,-1,2968,2978,2966,-1,2979,2980,2981,-1,2981,2980,2982,-1,2981,2982,2983,-1,2983,2982,2984,-1,2984,2982,2985,-1,2984,2985,2943,-1,2986,2987,2988,-1,2988,2987,2989,-1,2979,2990,2980,-1,2980,2990,2991,-1,2980,2991,2986,-1,2986,2991,2992,-1,2986,2992,2987,-1,2993,2994,2995,-1,2944,2942,2945,-1,2945,2942,2943,-1,2945,2943,2996,-1,2996,2943,2985,-1,2997,2998,2989,-1,2989,2998,2999,-1,2989,2999,2988,-1,2995,3000,2993,-1,2993,3000,3001,-1,2993,3001,3002,-1,3002,3003,2993,-1,2993,3003,3004,-1,2993,3004,2997,-1,2997,3004,3005,-1,2997,3005,2998,-1,3006,3007,3008,-1,3008,3007,2995,-1,3008,2995,3009,-1,3009,2995,2994,-1,2962,2998,3005,-1,2962,3005,2976,-1,2976,3005,3004,-1,2976,3004,2977,-1,2977,3004,3003,-1,2977,3003,2978,-1,2978,3003,3002,-1,2978,3002,2966,-1,2966,3002,3001,-1,2966,3001,2967,-1,2967,3001,3000,-1,2967,3000,2969,-1,2969,3000,2995,-1,2969,2995,2971,-1,2973,2971,3007,-1,3007,2971,2995,-1,2974,2973,3006,-1,3006,2973,3007,-1,2975,2974,3008,-1,3008,2974,3006,-1,2975,3008,3009,-1,2975,3009,2972,-1,2972,3009,2994,-1,2972,2994,2970,-1,2970,2994,2993,-1,2970,2993,2968,-1,2968,2993,2997,-1,2968,2997,2964,-1,2964,2997,2989,-1,2964,2989,2963,-1,2963,2989,2987,-1,2963,2987,2948,-1,2948,2987,2992,-1,2948,2992,2949,-1,2960,2949,2991,-1,2991,2949,2992,-1,2960,2991,2990,-1,2960,2990,2955,-1,2955,2990,2979,-1,2955,2979,2956,-1,2956,2979,2981,-1,2956,2981,2958,-1,2958,2981,2983,-1,2958,2983,2959,-1,2959,2983,2984,-1,2959,2984,2952,-1,2952,2984,2943,-1,2952,2943,2941,-1,2947,2945,2996,-1,2947,2996,2954,-1,2954,2996,2985,-1,2954,2985,2953,-1,2953,2985,2982,-1,2953,2982,2951,-1,2951,2982,2980,-1,2951,2980,2957,-1,2957,2980,2986,-1,2957,2986,2950,-1,2950,2986,2988,-1,2950,2988,2965,-1,2965,2988,2999,-1,2965,2999,2961,-1,2962,2961,2998,-1,2998,2961,2999,-1,3010,3011,3012,-1,3012,3011,3013,-1,3014,3015,3016,-1,3016,3015,3017,-1,3018,3019,3020,-1,3020,3019,3021,-1,3020,3021,3022,-1,3022,3021,3023,-1,3023,3021,3024,-1,3023,3024,3017,-1,3025,3026,3027,-1,3027,3026,3028,-1,3029,3030,3031,-1,3018,3032,3019,-1,3019,3032,3033,-1,3019,3033,3025,-1,3025,3033,3034,-1,3025,3034,3026,-1,3035,3036,3028,-1,3028,3036,3037,-1,3028,3037,3027,-1,3010,3016,3011,-1,3011,3016,3017,-1,3011,3017,3038,-1,3038,3017,3024,-1,3031,3039,3029,-1,3029,3039,3040,-1,3029,3040,3041,-1,3041,3042,3029,-1,3029,3042,3043,-1,3029,3043,3035,-1,3035,3043,3044,-1,3035,3044,3036,-1,3045,3046,3047,-1,3047,3046,3031,-1,3047,3031,3048,-1,3048,3031,3030,-1,3049,3050,3051,-1,3052,3053,3054,-1,3054,3053,3015,-1,3054,3015,3055,-1,3056,3057,3058,-1,3058,3057,3059,-1,3058,3059,3052,-1,3052,3059,3060,-1,3052,3060,3053,-1,3051,3050,3058,-1,3058,3050,3061,-1,3058,3061,3056,-1,3062,3063,3064,-1,3064,3063,3065,-1,3049,3051,3064,-1,3064,3051,3066,-1,3064,3066,3062,-1,3014,3012,3015,-1,3015,3012,3013,-1,3015,3013,3055,-1,3067,3068,3069,-1,3069,3068,3070,-1,3069,3070,3071,-1,3071,3070,3072,-1,3071,3072,3073,-1,3074,3075,3072,-1,3072,3075,3076,-1,3072,3076,3073,-1,3063,3077,3065,-1,3065,3077,3078,-1,3065,3078,3069,-1,3069,3078,3079,-1,3069,3079,3067,-1,3031,3072,3070,-1,3031,3070,3039,-1,3039,3070,3068,-1,3039,3068,3040,-1,3040,3068,3067,-1,3040,3067,3041,-1,3041,3067,3079,-1,3041,3079,3042,-1,3042,3079,3078,-1,3042,3078,3043,-1,3043,3078,3077,-1,3043,3077,3044,-1,3044,3077,3063,-1,3044,3063,3036,-1,3037,3036,3062,-1,3062,3036,3063,-1,3037,3062,3066,-1,3037,3066,3027,-1,3027,3066,3051,-1,3027,3051,3025,-1,3025,3051,3058,-1,3025,3058,3019,-1,3019,3058,3052,-1,3019,3052,3021,-1,3021,3052,3054,-1,3021,3054,3024,-1,3024,3054,3055,-1,3024,3055,3038,-1,3038,3055,3013,-1,3038,3013,3011,-1,3017,3015,3053,-1,3017,3053,3023,-1,3023,3053,3060,-1,3023,3060,3022,-1,3022,3060,3059,-1,3022,3059,3020,-1,3020,3059,3057,-1,3020,3057,3018,-1,3018,3057,3056,-1,3018,3056,3032,-1,3032,3056,3061,-1,3032,3061,3033,-1,3034,3033,3050,-1,3050,3033,3061,-1,3034,3050,3049,-1,3034,3049,3026,-1,3026,3049,3064,-1,3026,3064,3028,-1,3028,3064,3065,-1,3028,3065,3035,-1,3035,3065,3069,-1,3035,3069,3029,-1,3029,3069,3071,-1,3029,3071,3030,-1,3030,3071,3073,-1,3030,3073,3048,-1,3048,3073,3076,-1,3048,3076,3047,-1,3045,3047,3075,-1,3075,3047,3076,-1,3046,3045,3074,-1,3074,3045,3075,-1,3031,3046,3072,-1,3072,3046,3074,-1,3080,3081,3082,-1,3082,3081,3083,-1,3084,3085,3086,-1,3086,3085,3087,-1,3088,3089,3090,-1,3091,3092,3093,-1,3093,3092,3081,-1,3093,3081,3094,-1,3095,3096,3097,-1,3097,3096,3098,-1,3097,3098,3091,-1,3091,3098,3099,-1,3091,3099,3092,-1,3090,3089,3097,-1,3097,3089,3100,-1,3097,3100,3095,-1,3101,3102,3103,-1,3103,3102,3104,-1,3088,3090,3103,-1,3103,3090,3105,-1,3103,3105,3101,-1,3080,3086,3081,-1,3081,3086,3087,-1,3081,3087,3094,-1,3106,3107,3108,-1,3108,3107,3109,-1,3108,3109,3110,-1,3110,3109,3111,-1,3110,3111,3112,-1,3113,3114,3111,-1,3111,3114,3115,-1,3111,3115,3112,-1,3102,3116,3104,-1,3104,3116,3117,-1,3104,3117,3108,-1,3108,3117,3118,-1,3108,3118,3106,-1,3119,3120,3121,-1,3121,3120,3122,-1,3121,3122,3123,-1,3123,3122,3124,-1,3124,3122,3125,-1,3124,3125,3083,-1,3126,3127,3128,-1,3128,3127,3129,-1,3119,3130,3120,-1,3120,3130,3131,-1,3120,3131,3126,-1,3126,3131,3132,-1,3126,3132,3127,-1,3133,3134,3135,-1,3084,3082,3085,-1,3085,3082,3083,-1,3085,3083,3136,-1,3136,3083,3125,-1,3137,3138,3129,-1,3129,3138,3139,-1,3129,3139,3128,-1,3135,3140,3133,-1,3133,3140,3141,-1,3133,3141,3142,-1,3142,3143,3133,-1,3133,3143,3144,-1,3133,3144,3137,-1,3137,3144,3145,-1,3137,3145,3138,-1,3146,3147,3148,-1,3148,3147,3135,-1,3148,3135,3149,-1,3149,3135,3134,-1,3102,3138,3145,-1,3102,3145,3116,-1,3116,3145,3144,-1,3116,3144,3117,-1,3117,3144,3143,-1,3117,3143,3118,-1,3118,3143,3142,-1,3118,3142,3106,-1,3106,3142,3141,-1,3106,3141,3107,-1,3107,3141,3140,-1,3107,3140,3109,-1,3109,3140,3135,-1,3109,3135,3111,-1,3113,3111,3147,-1,3147,3111,3135,-1,3114,3113,3146,-1,3146,3113,3147,-1,3115,3114,3148,-1,3148,3114,3146,-1,3115,3148,3149,-1,3115,3149,3112,-1,3112,3149,3134,-1,3112,3134,3110,-1,3110,3134,3133,-1,3110,3133,3108,-1,3108,3133,3137,-1,3108,3137,3104,-1,3104,3137,3129,-1,3104,3129,3103,-1,3103,3129,3127,-1,3103,3127,3088,-1,3088,3127,3132,-1,3088,3132,3089,-1,3100,3089,3131,-1,3131,3089,3132,-1,3100,3131,3130,-1,3100,3130,3095,-1,3095,3130,3119,-1,3095,3119,3096,-1,3096,3119,3121,-1,3096,3121,3098,-1,3098,3121,3123,-1,3098,3123,3099,-1,3099,3123,3124,-1,3099,3124,3092,-1,3092,3124,3083,-1,3092,3083,3081,-1,3087,3085,3136,-1,3087,3136,3094,-1,3094,3136,3125,-1,3094,3125,3093,-1,3093,3125,3122,-1,3093,3122,3091,-1,3091,3122,3120,-1,3091,3120,3097,-1,3097,3120,3126,-1,3097,3126,3090,-1,3090,3126,3128,-1,3090,3128,3105,-1,3105,3128,3139,-1,3105,3139,3101,-1,3102,3101,3138,-1,3138,3101,3139,-1,3150,3151,3152,-1,3152,3151,3153,-1,3154,3155,3156,-1,3156,3155,3157,-1,3158,3159,3160,-1,3160,3159,3161,-1,3160,3161,3162,-1,3162,3161,3163,-1,3163,3161,3164,-1,3163,3164,3157,-1,3165,3166,3167,-1,3167,3166,3168,-1,3169,3170,3171,-1,3158,3172,3159,-1,3159,3172,3173,-1,3159,3173,3165,-1,3165,3173,3174,-1,3165,3174,3166,-1,3175,3176,3168,-1,3168,3176,3177,-1,3168,3177,3167,-1,3150,3156,3151,-1,3151,3156,3157,-1,3151,3157,3178,-1,3178,3157,3164,-1,3171,3179,3169,-1,3169,3179,3180,-1,3169,3180,3181,-1,3181,3182,3169,-1,3169,3182,3183,-1,3169,3183,3175,-1,3175,3183,3184,-1,3175,3184,3176,-1,3185,3186,3187,-1,3187,3186,3171,-1,3187,3171,3188,-1,3188,3171,3170,-1,3189,3190,3191,-1,3192,3193,3194,-1,3194,3193,3155,-1,3194,3155,3195,-1,3196,3197,3198,-1,3198,3197,3199,-1,3198,3199,3192,-1,3192,3199,3200,-1,3192,3200,3193,-1,3191,3190,3198,-1,3198,3190,3201,-1,3198,3201,3196,-1,3202,3203,3204,-1,3204,3203,3205,-1,3189,3191,3204,-1,3204,3191,3206,-1,3204,3206,3202,-1,3154,3152,3155,-1,3155,3152,3153,-1,3155,3153,3195,-1,3207,3208,3209,-1,3209,3208,3210,-1,3209,3210,3211,-1,3211,3210,3212,-1,3211,3212,3213,-1,3214,3215,3212,-1,3212,3215,3216,-1,3212,3216,3213,-1,3203,3217,3205,-1,3205,3217,3218,-1,3205,3218,3209,-1,3209,3218,3219,-1,3209,3219,3207,-1,3171,3212,3210,-1,3171,3210,3179,-1,3179,3210,3208,-1,3179,3208,3180,-1,3180,3208,3207,-1,3180,3207,3181,-1,3181,3207,3219,-1,3181,3219,3182,-1,3182,3219,3218,-1,3182,3218,3183,-1,3183,3218,3217,-1,3183,3217,3184,-1,3184,3217,3203,-1,3184,3203,3176,-1,3177,3176,3202,-1,3202,3176,3203,-1,3177,3202,3206,-1,3177,3206,3167,-1,3167,3206,3191,-1,3167,3191,3165,-1,3165,3191,3198,-1,3165,3198,3159,-1,3159,3198,3192,-1,3159,3192,3161,-1,3161,3192,3194,-1,3161,3194,3164,-1,3164,3194,3195,-1,3164,3195,3178,-1,3178,3195,3153,-1,3178,3153,3151,-1,3157,3155,3193,-1,3157,3193,3163,-1,3163,3193,3200,-1,3163,3200,3162,-1,3162,3200,3199,-1,3162,3199,3160,-1,3160,3199,3197,-1,3160,3197,3158,-1,3158,3197,3196,-1,3158,3196,3172,-1,3172,3196,3201,-1,3172,3201,3173,-1,3174,3173,3190,-1,3190,3173,3201,-1,3174,3190,3189,-1,3174,3189,3166,-1,3166,3189,3204,-1,3166,3204,3168,-1,3168,3204,3205,-1,3168,3205,3175,-1,3175,3205,3209,-1,3175,3209,3169,-1,3169,3209,3211,-1,3169,3211,3170,-1,3170,3211,3213,-1,3170,3213,3188,-1,3188,3213,3216,-1,3188,3216,3187,-1,3185,3187,3215,-1,3215,3187,3216,-1,3186,3185,3214,-1,3214,3185,3215,-1,3171,3186,3212,-1,3212,3186,3214,-1,3220,3221,3222,-1,3222,3221,3223,-1,3224,3225,3226,-1,3226,3225,3227,-1,3228,3229,3230,-1,3231,3232,3233,-1,3233,3232,3221,-1,3233,3221,3234,-1,3235,3236,3237,-1,3237,3236,3238,-1,3237,3238,3231,-1,3231,3238,3239,-1,3231,3239,3232,-1,3230,3229,3237,-1,3237,3229,3240,-1,3237,3240,3235,-1,3241,3242,3243,-1,3243,3242,3244,-1,3228,3230,3243,-1,3243,3230,3245,-1,3243,3245,3241,-1,3220,3226,3221,-1,3221,3226,3227,-1,3221,3227,3234,-1,3246,3247,3248,-1,3248,3247,3249,-1,3248,3249,3250,-1,3250,3249,3251,-1,3250,3251,3252,-1,3253,3254,3251,-1,3251,3254,3255,-1,3251,3255,3252,-1,3242,3256,3244,-1,3244,3256,3257,-1,3244,3257,3248,-1,3248,3257,3258,-1,3248,3258,3246,-1,3259,3260,3261,-1,3261,3260,3262,-1,3261,3262,3263,-1,3263,3262,3264,-1,3264,3262,3265,-1,3264,3265,3223,-1,3266,3267,3268,-1,3268,3267,3269,-1,3259,3270,3260,-1,3260,3270,3271,-1,3260,3271,3266,-1,3266,3271,3272,-1,3266,3272,3267,-1,3273,3274,3275,-1,3224,3222,3225,-1,3225,3222,3223,-1,3225,3223,3276,-1,3276,3223,3265,-1,3277,3278,3269,-1,3269,3278,3279,-1,3269,3279,3268,-1,3275,3280,3273,-1,3273,3280,3281,-1,3273,3281,3282,-1,3282,3283,3273,-1,3273,3283,3284,-1,3273,3284,3277,-1,3277,3284,3285,-1,3277,3285,3278,-1,3286,3287,3288,-1,3288,3287,3275,-1,3288,3275,3289,-1,3289,3275,3274,-1,3242,3278,3285,-1,3242,3285,3256,-1,3256,3285,3284,-1,3256,3284,3257,-1,3257,3284,3283,-1,3257,3283,3258,-1,3258,3283,3282,-1,3258,3282,3246,-1,3246,3282,3281,-1,3246,3281,3247,-1,3247,3281,3280,-1,3247,3280,3249,-1,3249,3280,3275,-1,3249,3275,3251,-1,3253,3251,3287,-1,3287,3251,3275,-1,3254,3253,3286,-1,3286,3253,3287,-1,3255,3254,3288,-1,3288,3254,3286,-1,3255,3288,3289,-1,3255,3289,3252,-1,3252,3289,3274,-1,3252,3274,3250,-1,3250,3274,3273,-1,3250,3273,3248,-1,3248,3273,3277,-1,3248,3277,3244,-1,3244,3277,3269,-1,3244,3269,3243,-1,3243,3269,3267,-1,3243,3267,3228,-1,3228,3267,3272,-1,3228,3272,3229,-1,3240,3229,3271,-1,3271,3229,3272,-1,3240,3271,3270,-1,3240,3270,3235,-1,3235,3270,3259,-1,3235,3259,3236,-1,3236,3259,3261,-1,3236,3261,3238,-1,3238,3261,3263,-1,3238,3263,3239,-1,3239,3263,3264,-1,3239,3264,3232,-1,3232,3264,3223,-1,3232,3223,3221,-1,3227,3225,3276,-1,3227,3276,3234,-1,3234,3276,3265,-1,3234,3265,3233,-1,3233,3265,3262,-1,3233,3262,3231,-1,3231,3262,3260,-1,3231,3260,3237,-1,3237,3260,3266,-1,3237,3266,3230,-1,3230,3266,3268,-1,3230,3268,3245,-1,3245,3268,3279,-1,3245,3279,3241,-1,3242,3241,3278,-1,3278,3241,3279,-1,3290,3291,3292,-1,3292,3291,3293,-1,3294,3295,3296,-1,3296,3295,3297,-1,3298,3299,3300,-1,3300,3299,3301,-1,3300,3301,3302,-1,3302,3301,3303,-1,3303,3301,3304,-1,3303,3304,3297,-1,3305,3306,3307,-1,3307,3306,3308,-1,3309,3310,3311,-1,3298,3312,3299,-1,3299,3312,3313,-1,3299,3313,3305,-1,3305,3313,3314,-1,3305,3314,3306,-1,3315,3316,3308,-1,3308,3316,3317,-1,3308,3317,3307,-1,3290,3296,3291,-1,3291,3296,3297,-1,3291,3297,3318,-1,3318,3297,3304,-1,3311,3319,3309,-1,3309,3319,3320,-1,3309,3320,3321,-1,3321,3322,3309,-1,3309,3322,3323,-1,3309,3323,3315,-1,3315,3323,3324,-1,3315,3324,3316,-1,3325,3326,3327,-1,3327,3326,3311,-1,3327,3311,3328,-1,3328,3311,3310,-1,3329,3330,3331,-1,3332,3333,3334,-1,3334,3333,3295,-1,3334,3295,3335,-1,3336,3337,3338,-1,3338,3337,3339,-1,3338,3339,3332,-1,3332,3339,3340,-1,3332,3340,3333,-1,3331,3330,3338,-1,3338,3330,3341,-1,3338,3341,3336,-1,3342,3343,3344,-1,3344,3343,3345,-1,3329,3331,3344,-1,3344,3331,3346,-1,3344,3346,3342,-1,3294,3292,3295,-1,3295,3292,3293,-1,3295,3293,3335,-1,3347,3348,3349,-1,3349,3348,3350,-1,3349,3350,3351,-1,3351,3350,3352,-1,3351,3352,3353,-1,3354,3355,3352,-1,3352,3355,3356,-1,3352,3356,3353,-1,3343,3357,3345,-1,3345,3357,3358,-1,3345,3358,3349,-1,3349,3358,3359,-1,3349,3359,3347,-1,3311,3352,3350,-1,3311,3350,3319,-1,3319,3350,3348,-1,3319,3348,3320,-1,3320,3348,3347,-1,3320,3347,3321,-1,3321,3347,3359,-1,3321,3359,3322,-1,3322,3359,3358,-1,3322,3358,3323,-1,3323,3358,3357,-1,3323,3357,3324,-1,3324,3357,3343,-1,3324,3343,3316,-1,3317,3316,3342,-1,3342,3316,3343,-1,3317,3342,3346,-1,3317,3346,3307,-1,3307,3346,3331,-1,3307,3331,3305,-1,3305,3331,3338,-1,3305,3338,3299,-1,3299,3338,3332,-1,3299,3332,3301,-1,3301,3332,3334,-1,3301,3334,3304,-1,3304,3334,3335,-1,3304,3335,3318,-1,3318,3335,3293,-1,3318,3293,3291,-1,3297,3295,3333,-1,3297,3333,3303,-1,3303,3333,3340,-1,3303,3340,3302,-1,3302,3340,3339,-1,3302,3339,3300,-1,3300,3339,3337,-1,3300,3337,3298,-1,3298,3337,3336,-1,3298,3336,3312,-1,3312,3336,3341,-1,3312,3341,3313,-1,3314,3313,3330,-1,3330,3313,3341,-1,3314,3330,3329,-1,3314,3329,3306,-1,3306,3329,3344,-1,3306,3344,3308,-1,3308,3344,3345,-1,3308,3345,3315,-1,3315,3345,3349,-1,3315,3349,3309,-1,3309,3349,3351,-1,3309,3351,3310,-1,3310,3351,3353,-1,3310,3353,3328,-1,3328,3353,3356,-1,3328,3356,3327,-1,3325,3327,3355,-1,3355,3327,3356,-1,3326,3325,3354,-1,3354,3325,3355,-1,3311,3326,3352,-1,3352,3326,3354,-1,3360,3361,3362,-1,3362,3361,3363,-1,3364,3365,3366,-1,3366,3365,3367,-1,3368,3369,3370,-1,3371,3372,3373,-1,3373,3372,3361,-1,3373,3361,3374,-1,3375,3376,3377,-1,3377,3376,3378,-1,3377,3378,3371,-1,3371,3378,3379,-1,3371,3379,3372,-1,3370,3369,3377,-1,3377,3369,3380,-1,3377,3380,3375,-1,3381,3382,3383,-1,3383,3382,3384,-1,3368,3370,3383,-1,3383,3370,3385,-1,3383,3385,3381,-1,3360,3366,3361,-1,3361,3366,3367,-1,3361,3367,3374,-1,3386,3387,3388,-1,3388,3387,3389,-1,3388,3389,3390,-1,3390,3389,3391,-1,3390,3391,3392,-1,3393,3394,3391,-1,3391,3394,3395,-1,3391,3395,3392,-1,3382,3396,3384,-1,3384,3396,3397,-1,3384,3397,3388,-1,3388,3397,3398,-1,3388,3398,3386,-1,3399,3400,3401,-1,3401,3400,3402,-1,3401,3402,3403,-1,3403,3402,3404,-1,3404,3402,3405,-1,3404,3405,3363,-1,3406,3407,3408,-1,3408,3407,3409,-1,3399,3410,3400,-1,3400,3410,3411,-1,3400,3411,3406,-1,3406,3411,3412,-1,3406,3412,3407,-1,3413,3414,3415,-1,3364,3362,3365,-1,3365,3362,3363,-1,3365,3363,3416,-1,3416,3363,3405,-1,3417,3418,3409,-1,3409,3418,3419,-1,3409,3419,3408,-1,3415,3420,3413,-1,3413,3420,3421,-1,3413,3421,3422,-1,3422,3423,3413,-1,3413,3423,3424,-1,3413,3424,3417,-1,3417,3424,3425,-1,3417,3425,3418,-1,3426,3427,3428,-1,3428,3427,3415,-1,3428,3415,3429,-1,3429,3415,3414,-1,3382,3418,3425,-1,3382,3425,3396,-1,3396,3425,3424,-1,3396,3424,3397,-1,3397,3424,3423,-1,3397,3423,3398,-1,3398,3423,3422,-1,3398,3422,3386,-1,3386,3422,3421,-1,3386,3421,3387,-1,3387,3421,3420,-1,3387,3420,3389,-1,3389,3420,3415,-1,3389,3415,3391,-1,3393,3391,3427,-1,3427,3391,3415,-1,3394,3393,3426,-1,3426,3393,3427,-1,3395,3394,3428,-1,3428,3394,3426,-1,3395,3428,3429,-1,3395,3429,3392,-1,3392,3429,3414,-1,3392,3414,3390,-1,3390,3414,3413,-1,3390,3413,3388,-1,3388,3413,3417,-1,3388,3417,3384,-1,3384,3417,3409,-1,3384,3409,3383,-1,3383,3409,3407,-1,3383,3407,3368,-1,3368,3407,3412,-1,3368,3412,3369,-1,3380,3369,3411,-1,3411,3369,3412,-1,3380,3411,3410,-1,3380,3410,3375,-1,3375,3410,3399,-1,3375,3399,3376,-1,3376,3399,3401,-1,3376,3401,3378,-1,3378,3401,3403,-1,3378,3403,3379,-1,3379,3403,3404,-1,3379,3404,3372,-1,3372,3404,3363,-1,3372,3363,3361,-1,3367,3365,3416,-1,3367,3416,3374,-1,3374,3416,3405,-1,3374,3405,3373,-1,3373,3405,3402,-1,3373,3402,3371,-1,3371,3402,3400,-1,3371,3400,3377,-1,3377,3400,3406,-1,3377,3406,3370,-1,3370,3406,3408,-1,3370,3408,3385,-1,3385,3408,3419,-1,3385,3419,3381,-1,3382,3381,3418,-1,3418,3381,3419,-1,3430,3431,3432,-1,3432,3431,3433,-1,3434,3435,3436,-1,3436,3435,3437,-1,3438,3439,3440,-1,3440,3439,3441,-1,3440,3441,3442,-1,3442,3441,3443,-1,3443,3441,3444,-1,3443,3444,3437,-1,3445,3446,3447,-1,3447,3446,3448,-1,3449,3450,3451,-1,3438,3452,3439,-1,3439,3452,3453,-1,3439,3453,3445,-1,3445,3453,3454,-1,3445,3454,3446,-1,3455,3456,3448,-1,3448,3456,3457,-1,3448,3457,3447,-1,3430,3436,3431,-1,3431,3436,3437,-1,3431,3437,3458,-1,3458,3437,3444,-1,3451,3459,3449,-1,3449,3459,3460,-1,3449,3460,3461,-1,3461,3462,3449,-1,3449,3462,3463,-1,3449,3463,3455,-1,3455,3463,3464,-1,3455,3464,3456,-1,3465,3466,3467,-1,3467,3466,3451,-1,3467,3451,3468,-1,3468,3451,3450,-1,3469,3470,3471,-1,3472,3473,3474,-1,3474,3473,3435,-1,3474,3435,3475,-1,3476,3477,3478,-1,3478,3477,3479,-1,3478,3479,3472,-1,3472,3479,3480,-1,3472,3480,3473,-1,3471,3470,3478,-1,3478,3470,3481,-1,3478,3481,3476,-1,3482,3483,3484,-1,3484,3483,3485,-1,3469,3471,3484,-1,3484,3471,3486,-1,3484,3486,3482,-1,3434,3432,3435,-1,3435,3432,3433,-1,3435,3433,3475,-1,3487,3488,3489,-1,3489,3488,3490,-1,3489,3490,3491,-1,3491,3490,3492,-1,3491,3492,3493,-1,3494,3495,3492,-1,3492,3495,3496,-1,3492,3496,3493,-1,3483,3497,3485,-1,3485,3497,3498,-1,3485,3498,3489,-1,3489,3498,3499,-1,3489,3499,3487,-1,3451,3492,3490,-1,3451,3490,3459,-1,3459,3490,3488,-1,3459,3488,3460,-1,3460,3488,3487,-1,3460,3487,3461,-1,3461,3487,3499,-1,3461,3499,3462,-1,3462,3499,3498,-1,3462,3498,3463,-1,3463,3498,3497,-1,3463,3497,3464,-1,3464,3497,3483,-1,3464,3483,3456,-1,3457,3456,3482,-1,3482,3456,3483,-1,3457,3482,3486,-1,3457,3486,3447,-1,3447,3486,3471,-1,3447,3471,3445,-1,3445,3471,3478,-1,3445,3478,3439,-1,3439,3478,3472,-1,3439,3472,3441,-1,3441,3472,3474,-1,3441,3474,3444,-1,3444,3474,3475,-1,3444,3475,3458,-1,3458,3475,3433,-1,3458,3433,3431,-1,3437,3435,3473,-1,3437,3473,3443,-1,3443,3473,3480,-1,3443,3480,3442,-1,3442,3480,3479,-1,3442,3479,3440,-1,3440,3479,3477,-1,3440,3477,3438,-1,3438,3477,3476,-1,3438,3476,3452,-1,3452,3476,3481,-1,3452,3481,3453,-1,3454,3453,3470,-1,3470,3453,3481,-1,3454,3470,3469,-1,3454,3469,3446,-1,3446,3469,3484,-1,3446,3484,3448,-1,3448,3484,3485,-1,3448,3485,3455,-1,3455,3485,3489,-1,3455,3489,3449,-1,3449,3489,3491,-1,3449,3491,3450,-1,3450,3491,3493,-1,3450,3493,3468,-1,3468,3493,3496,-1,3468,3496,3467,-1,3465,3467,3495,-1,3495,3467,3496,-1,3466,3465,3494,-1,3494,3465,3495,-1,3451,3466,3492,-1,3492,3466,3494,-1,3500,3501,3502,-1,3502,3501,3503,-1,3504,3505,3506,-1,3506,3505,3507,-1,3508,3509,3510,-1,3511,3512,3513,-1,3513,3512,3501,-1,3513,3501,3514,-1,3515,3516,3517,-1,3517,3516,3518,-1,3517,3518,3511,-1,3511,3518,3519,-1,3511,3519,3512,-1,3510,3509,3517,-1,3517,3509,3520,-1,3517,3520,3515,-1,3521,3522,3523,-1,3523,3522,3524,-1,3508,3510,3523,-1,3523,3510,3525,-1,3523,3525,3521,-1,3500,3506,3501,-1,3501,3506,3507,-1,3501,3507,3514,-1,3526,3527,3528,-1,3528,3527,3529,-1,3528,3529,3530,-1,3530,3529,3531,-1,3530,3531,3532,-1,3533,3534,3531,-1,3531,3534,3535,-1,3531,3535,3532,-1,3522,3536,3524,-1,3524,3536,3537,-1,3524,3537,3528,-1,3528,3537,3538,-1,3528,3538,3526,-1,3539,3540,3541,-1,3541,3540,3542,-1,3541,3542,3543,-1,3543,3542,3544,-1,3544,3542,3545,-1,3544,3545,3503,-1,3546,3547,3548,-1,3548,3547,3549,-1,3539,3550,3540,-1,3540,3550,3551,-1,3540,3551,3546,-1,3546,3551,3552,-1,3546,3552,3547,-1,3553,3554,3555,-1,3504,3502,3505,-1,3505,3502,3503,-1,3505,3503,3556,-1,3556,3503,3545,-1,3557,3558,3549,-1,3549,3558,3559,-1,3549,3559,3548,-1,3555,3560,3553,-1,3553,3560,3561,-1,3553,3561,3562,-1,3562,3563,3553,-1,3553,3563,3564,-1,3553,3564,3557,-1,3557,3564,3565,-1,3557,3565,3558,-1,3566,3567,3568,-1,3568,3567,3555,-1,3568,3555,3569,-1,3569,3555,3554,-1,3522,3558,3565,-1,3522,3565,3536,-1,3536,3565,3564,-1,3536,3564,3537,-1,3537,3564,3563,-1,3537,3563,3538,-1,3538,3563,3562,-1,3538,3562,3526,-1,3526,3562,3561,-1,3526,3561,3527,-1,3527,3561,3560,-1,3527,3560,3529,-1,3529,3560,3555,-1,3529,3555,3531,-1,3533,3531,3567,-1,3567,3531,3555,-1,3534,3533,3566,-1,3566,3533,3567,-1,3535,3534,3568,-1,3568,3534,3566,-1,3535,3568,3569,-1,3535,3569,3532,-1,3532,3569,3554,-1,3532,3554,3530,-1,3530,3554,3553,-1,3530,3553,3528,-1,3528,3553,3557,-1,3528,3557,3524,-1,3524,3557,3549,-1,3524,3549,3523,-1,3523,3549,3547,-1,3523,3547,3508,-1,3508,3547,3552,-1,3508,3552,3509,-1,3520,3509,3551,-1,3551,3509,3552,-1,3520,3551,3550,-1,3520,3550,3515,-1,3515,3550,3539,-1,3515,3539,3516,-1,3516,3539,3541,-1,3516,3541,3518,-1,3518,3541,3543,-1,3518,3543,3519,-1,3519,3543,3544,-1,3519,3544,3512,-1,3512,3544,3503,-1,3512,3503,3501,-1,3507,3505,3556,-1,3507,3556,3514,-1,3514,3556,3545,-1,3514,3545,3513,-1,3513,3545,3542,-1,3513,3542,3511,-1,3511,3542,3540,-1,3511,3540,3517,-1,3517,3540,3546,-1,3517,3546,3510,-1,3510,3546,3548,-1,3510,3548,3525,-1,3525,3548,3559,-1,3525,3559,3521,-1,3522,3521,3558,-1,3558,3521,3559,-1,3570,3571,3572,-1,3572,3571,3573,-1,3574,3575,3576,-1,3576,3575,3577,-1,3578,3579,3580,-1,3580,3579,3581,-1,3580,3581,3582,-1,3582,3581,3583,-1,3583,3581,3584,-1,3583,3584,3577,-1,3585,3586,3587,-1,3587,3586,3588,-1,3589,3590,3591,-1,3578,3592,3579,-1,3579,3592,3593,-1,3579,3593,3585,-1,3585,3593,3594,-1,3585,3594,3586,-1,3595,3596,3588,-1,3588,3596,3597,-1,3588,3597,3587,-1,3570,3576,3571,-1,3571,3576,3577,-1,3571,3577,3598,-1,3598,3577,3584,-1,3591,3599,3589,-1,3589,3599,3600,-1,3589,3600,3601,-1,3601,3602,3589,-1,3589,3602,3603,-1,3589,3603,3595,-1,3595,3603,3604,-1,3595,3604,3596,-1,3605,3606,3607,-1,3607,3606,3591,-1,3607,3591,3608,-1,3608,3591,3590,-1,3609,3610,3611,-1,3612,3613,3614,-1,3614,3613,3575,-1,3614,3575,3615,-1,3616,3617,3618,-1,3618,3617,3619,-1,3618,3619,3612,-1,3612,3619,3620,-1,3612,3620,3613,-1,3611,3610,3618,-1,3618,3610,3621,-1,3618,3621,3616,-1,3622,3623,3624,-1,3624,3623,3625,-1,3609,3611,3624,-1,3624,3611,3626,-1,3624,3626,3622,-1,3574,3572,3575,-1,3575,3572,3573,-1,3575,3573,3615,-1,3627,3628,3629,-1,3629,3628,3630,-1,3629,3630,3631,-1,3631,3630,3632,-1,3631,3632,3633,-1,3634,3635,3632,-1,3632,3635,3636,-1,3632,3636,3633,-1,3623,3637,3625,-1,3625,3637,3638,-1,3625,3638,3629,-1,3629,3638,3639,-1,3629,3639,3627,-1,3591,3632,3630,-1,3591,3630,3599,-1,3599,3630,3628,-1,3599,3628,3600,-1,3600,3628,3627,-1,3600,3627,3601,-1,3601,3627,3639,-1,3601,3639,3602,-1,3602,3639,3638,-1,3602,3638,3603,-1,3603,3638,3637,-1,3603,3637,3604,-1,3604,3637,3623,-1,3604,3623,3596,-1,3597,3596,3622,-1,3622,3596,3623,-1,3597,3622,3626,-1,3597,3626,3587,-1,3587,3626,3611,-1,3587,3611,3585,-1,3585,3611,3618,-1,3585,3618,3579,-1,3579,3618,3612,-1,3579,3612,3581,-1,3581,3612,3614,-1,3581,3614,3584,-1,3584,3614,3615,-1,3584,3615,3598,-1,3598,3615,3573,-1,3598,3573,3571,-1,3577,3575,3613,-1,3577,3613,3583,-1,3583,3613,3620,-1,3583,3620,3582,-1,3582,3620,3619,-1,3582,3619,3580,-1,3580,3619,3617,-1,3580,3617,3578,-1,3578,3617,3616,-1,3578,3616,3592,-1,3592,3616,3621,-1,3592,3621,3593,-1,3594,3593,3610,-1,3610,3593,3621,-1,3594,3610,3609,-1,3594,3609,3586,-1,3586,3609,3624,-1,3586,3624,3588,-1,3588,3624,3625,-1,3588,3625,3595,-1,3595,3625,3629,-1,3595,3629,3589,-1,3589,3629,3631,-1,3589,3631,3590,-1,3590,3631,3633,-1,3590,3633,3608,-1,3608,3633,3636,-1,3608,3636,3607,-1,3605,3607,3635,-1,3635,3607,3636,-1,3606,3605,3634,-1,3634,3605,3635,-1,3591,3606,3632,-1,3632,3606,3634,-1,3640,3641,3642,-1,3642,3641,3643,-1,3644,3645,3646,-1,3646,3645,3647,-1,3648,3649,3650,-1,3651,3652,3653,-1,3653,3652,3641,-1,3653,3641,3654,-1,3655,3656,3657,-1,3657,3656,3658,-1,3657,3658,3651,-1,3651,3658,3659,-1,3651,3659,3652,-1,3650,3649,3657,-1,3657,3649,3660,-1,3657,3660,3655,-1,3661,3662,3663,-1,3663,3662,3664,-1,3648,3650,3663,-1,3663,3650,3665,-1,3663,3665,3661,-1,3640,3646,3641,-1,3641,3646,3647,-1,3641,3647,3654,-1,3666,3667,3668,-1,3668,3667,3669,-1,3668,3669,3670,-1,3670,3669,3671,-1,3670,3671,3672,-1,3673,3674,3671,-1,3671,3674,3675,-1,3671,3675,3672,-1,3662,3676,3664,-1,3664,3676,3677,-1,3664,3677,3668,-1,3668,3677,3678,-1,3668,3678,3666,-1,3679,3680,3681,-1,3681,3680,3682,-1,3681,3682,3683,-1,3683,3682,3684,-1,3684,3682,3685,-1,3684,3685,3643,-1,3686,3687,3688,-1,3688,3687,3689,-1,3679,3690,3680,-1,3680,3690,3691,-1,3680,3691,3686,-1,3686,3691,3692,-1,3686,3692,3687,-1,3693,3694,3695,-1,3644,3642,3645,-1,3645,3642,3643,-1,3645,3643,3696,-1,3696,3643,3685,-1,3697,3698,3689,-1,3689,3698,3699,-1,3689,3699,3688,-1,3695,3700,3693,-1,3693,3700,3701,-1,3693,3701,3702,-1,3702,3703,3693,-1,3693,3703,3704,-1,3693,3704,3697,-1,3697,3704,3705,-1,3697,3705,3698,-1,3706,3707,3708,-1,3708,3707,3695,-1,3708,3695,3709,-1,3709,3695,3694,-1,3662,3698,3705,-1,3662,3705,3676,-1,3676,3705,3704,-1,3676,3704,3677,-1,3677,3704,3703,-1,3677,3703,3678,-1,3678,3703,3702,-1,3678,3702,3666,-1,3666,3702,3701,-1,3666,3701,3667,-1,3667,3701,3700,-1,3667,3700,3669,-1,3669,3700,3695,-1,3669,3695,3671,-1,3673,3671,3707,-1,3707,3671,3695,-1,3674,3673,3706,-1,3706,3673,3707,-1,3675,3674,3708,-1,3708,3674,3706,-1,3675,3708,3709,-1,3675,3709,3672,-1,3672,3709,3694,-1,3672,3694,3670,-1,3670,3694,3693,-1,3670,3693,3668,-1,3668,3693,3697,-1,3668,3697,3664,-1,3664,3697,3689,-1,3664,3689,3663,-1,3663,3689,3687,-1,3663,3687,3648,-1,3648,3687,3692,-1,3648,3692,3649,-1,3660,3649,3691,-1,3691,3649,3692,-1,3660,3691,3690,-1,3660,3690,3655,-1,3655,3690,3679,-1,3655,3679,3656,-1,3656,3679,3681,-1,3656,3681,3658,-1,3658,3681,3683,-1,3658,3683,3659,-1,3659,3683,3684,-1,3659,3684,3652,-1,3652,3684,3643,-1,3652,3643,3641,-1,3647,3645,3696,-1,3647,3696,3654,-1,3654,3696,3685,-1,3654,3685,3653,-1,3653,3685,3682,-1,3653,3682,3651,-1,3651,3682,3680,-1,3651,3680,3657,-1,3657,3680,3686,-1,3657,3686,3650,-1,3650,3686,3688,-1,3650,3688,3665,-1,3665,3688,3699,-1,3665,3699,3661,-1,3662,3661,3698,-1,3698,3661,3699,-1,3710,3711,3712,-1,3712,3711,3713,-1,3714,3715,3716,-1,3716,3715,3717,-1,3718,3719,3720,-1,3720,3719,3721,-1,3720,3721,3722,-1,3722,3721,3723,-1,3723,3721,3724,-1,3723,3724,3717,-1,3725,3726,3727,-1,3727,3726,3728,-1,3729,3730,3731,-1,3718,3732,3719,-1,3719,3732,3733,-1,3719,3733,3725,-1,3725,3733,3734,-1,3725,3734,3726,-1,3735,3736,3728,-1,3728,3736,3737,-1,3728,3737,3727,-1,3710,3716,3711,-1,3711,3716,3717,-1,3711,3717,3738,-1,3738,3717,3724,-1,3731,3739,3729,-1,3729,3739,3740,-1,3729,3740,3741,-1,3741,3742,3729,-1,3729,3742,3743,-1,3729,3743,3735,-1,3735,3743,3744,-1,3735,3744,3736,-1,3745,3746,3747,-1,3747,3746,3731,-1,3747,3731,3748,-1,3748,3731,3730,-1,3749,3750,3751,-1,3752,3753,3754,-1,3754,3753,3715,-1,3754,3715,3755,-1,3756,3757,3758,-1,3758,3757,3759,-1,3758,3759,3752,-1,3752,3759,3760,-1,3752,3760,3753,-1,3751,3750,3758,-1,3758,3750,3761,-1,3758,3761,3756,-1,3762,3763,3764,-1,3764,3763,3765,-1,3749,3751,3764,-1,3764,3751,3766,-1,3764,3766,3762,-1,3714,3712,3715,-1,3715,3712,3713,-1,3715,3713,3755,-1,3767,3768,3769,-1,3769,3768,3770,-1,3769,3770,3771,-1,3771,3770,3772,-1,3771,3772,3773,-1,3774,3775,3772,-1,3772,3775,3776,-1,3772,3776,3773,-1,3763,3777,3765,-1,3765,3777,3778,-1,3765,3778,3769,-1,3769,3778,3779,-1,3769,3779,3767,-1,3731,3772,3770,-1,3731,3770,3739,-1,3739,3770,3768,-1,3739,3768,3740,-1,3740,3768,3767,-1,3740,3767,3741,-1,3741,3767,3779,-1,3741,3779,3742,-1,3742,3779,3778,-1,3742,3778,3743,-1,3743,3778,3777,-1,3743,3777,3744,-1,3744,3777,3763,-1,3744,3763,3736,-1,3737,3736,3762,-1,3762,3736,3763,-1,3737,3762,3766,-1,3737,3766,3727,-1,3727,3766,3751,-1,3727,3751,3725,-1,3725,3751,3758,-1,3725,3758,3719,-1,3719,3758,3752,-1,3719,3752,3721,-1,3721,3752,3754,-1,3721,3754,3724,-1,3724,3754,3755,-1,3724,3755,3738,-1,3738,3755,3713,-1,3738,3713,3711,-1,3717,3715,3753,-1,3717,3753,3723,-1,3723,3753,3760,-1,3723,3760,3722,-1,3722,3760,3759,-1,3722,3759,3720,-1,3720,3759,3757,-1,3720,3757,3718,-1,3718,3757,3756,-1,3718,3756,3732,-1,3732,3756,3761,-1,3732,3761,3733,-1,3734,3733,3750,-1,3750,3733,3761,-1,3734,3750,3749,-1,3734,3749,3726,-1,3726,3749,3764,-1,3726,3764,3728,-1,3728,3764,3765,-1,3728,3765,3735,-1,3735,3765,3769,-1,3735,3769,3729,-1,3729,3769,3771,-1,3729,3771,3730,-1,3730,3771,3773,-1,3730,3773,3748,-1,3748,3773,3776,-1,3748,3776,3747,-1,3745,3747,3775,-1,3775,3747,3776,-1,3746,3745,3774,-1,3774,3745,3775,-1,3731,3746,3772,-1,3772,3746,3774,-1,3780,3781,3782,-1,3782,3781,3783,-1,3784,3785,3786,-1,3786,3785,3787,-1,3788,3789,3790,-1,3791,3792,3793,-1,3793,3792,3781,-1,3793,3781,3794,-1,3795,3796,3797,-1,3797,3796,3798,-1,3797,3798,3791,-1,3791,3798,3799,-1,3791,3799,3792,-1,3790,3789,3797,-1,3797,3789,3800,-1,3797,3800,3795,-1,3801,3802,3803,-1,3803,3802,3804,-1,3788,3790,3803,-1,3803,3790,3805,-1,3803,3805,3801,-1,3780,3786,3781,-1,3781,3786,3787,-1,3781,3787,3794,-1,3806,3807,3808,-1,3808,3807,3809,-1,3808,3809,3810,-1,3810,3809,3811,-1,3810,3811,3812,-1,3813,3814,3811,-1,3811,3814,3815,-1,3811,3815,3812,-1,3802,3816,3804,-1,3804,3816,3817,-1,3804,3817,3808,-1,3808,3817,3818,-1,3808,3818,3806,-1,3819,3820,3821,-1,3821,3820,3822,-1,3821,3822,3823,-1,3823,3822,3824,-1,3824,3822,3825,-1,3824,3825,3783,-1,3826,3827,3828,-1,3828,3827,3829,-1,3819,3830,3820,-1,3820,3830,3831,-1,3820,3831,3826,-1,3826,3831,3832,-1,3826,3832,3827,-1,3833,3834,3835,-1,3784,3782,3785,-1,3785,3782,3783,-1,3785,3783,3836,-1,3836,3783,3825,-1,3837,3838,3829,-1,3829,3838,3839,-1,3829,3839,3828,-1,3835,3840,3833,-1,3833,3840,3841,-1,3833,3841,3842,-1,3842,3843,3833,-1,3833,3843,3844,-1,3833,3844,3837,-1,3837,3844,3845,-1,3837,3845,3838,-1,3846,3847,3848,-1,3848,3847,3835,-1,3848,3835,3849,-1,3849,3835,3834,-1,3802,3838,3845,-1,3802,3845,3816,-1,3816,3845,3844,-1,3816,3844,3817,-1,3817,3844,3843,-1,3817,3843,3818,-1,3818,3843,3842,-1,3818,3842,3806,-1,3806,3842,3841,-1,3806,3841,3807,-1,3807,3841,3840,-1,3807,3840,3809,-1,3809,3840,3835,-1,3809,3835,3811,-1,3813,3811,3847,-1,3847,3811,3835,-1,3814,3813,3846,-1,3846,3813,3847,-1,3815,3814,3848,-1,3848,3814,3846,-1,3815,3848,3849,-1,3815,3849,3812,-1,3812,3849,3834,-1,3812,3834,3810,-1,3810,3834,3833,-1,3810,3833,3808,-1,3808,3833,3837,-1,3808,3837,3804,-1,3804,3837,3829,-1,3804,3829,3803,-1,3803,3829,3827,-1,3803,3827,3788,-1,3788,3827,3832,-1,3788,3832,3789,-1,3800,3789,3831,-1,3831,3789,3832,-1,3800,3831,3830,-1,3800,3830,3795,-1,3795,3830,3819,-1,3795,3819,3796,-1,3796,3819,3821,-1,3796,3821,3798,-1,3798,3821,3823,-1,3798,3823,3799,-1,3799,3823,3824,-1,3799,3824,3792,-1,3792,3824,3783,-1,3792,3783,3781,-1,3787,3785,3836,-1,3787,3836,3794,-1,3794,3836,3825,-1,3794,3825,3793,-1,3793,3825,3822,-1,3793,3822,3791,-1,3791,3822,3820,-1,3791,3820,3797,-1,3797,3820,3826,-1,3797,3826,3790,-1,3790,3826,3828,-1,3790,3828,3805,-1,3805,3828,3839,-1,3805,3839,3801,-1,3802,3801,3838,-1,3838,3801,3839,-1,3850,3851,3852,-1,3852,3851,3853,-1,3854,3855,3856,-1,3856,3855,3857,-1,3858,3859,3860,-1,3860,3859,3861,-1,3860,3861,3862,-1,3862,3861,3863,-1,3863,3861,3864,-1,3863,3864,3857,-1,3865,3866,3867,-1,3867,3866,3868,-1,3869,3870,3871,-1,3858,3872,3859,-1,3859,3872,3873,-1,3859,3873,3865,-1,3865,3873,3874,-1,3865,3874,3866,-1,3875,3876,3868,-1,3868,3876,3877,-1,3868,3877,3867,-1,3850,3856,3851,-1,3851,3856,3857,-1,3851,3857,3878,-1,3878,3857,3864,-1,3871,3879,3869,-1,3869,3879,3880,-1,3869,3880,3881,-1,3881,3882,3869,-1,3869,3882,3883,-1,3869,3883,3875,-1,3875,3883,3884,-1,3875,3884,3876,-1,3885,3886,3887,-1,3887,3886,3871,-1,3887,3871,3888,-1,3888,3871,3870,-1,3889,3890,3891,-1,3892,3893,3894,-1,3894,3893,3855,-1,3894,3855,3895,-1,3896,3897,3898,-1,3898,3897,3899,-1,3898,3899,3892,-1,3892,3899,3900,-1,3892,3900,3893,-1,3891,3890,3898,-1,3898,3890,3901,-1,3898,3901,3896,-1,3902,3903,3904,-1,3904,3903,3905,-1,3889,3891,3904,-1,3904,3891,3906,-1,3904,3906,3902,-1,3854,3852,3855,-1,3855,3852,3853,-1,3855,3853,3895,-1,3907,3908,3909,-1,3909,3908,3910,-1,3909,3910,3911,-1,3911,3910,3912,-1,3911,3912,3913,-1,3914,3915,3912,-1,3912,3915,3916,-1,3912,3916,3913,-1,3903,3917,3905,-1,3905,3917,3918,-1,3905,3918,3909,-1,3909,3918,3919,-1,3909,3919,3907,-1,3871,3912,3910,-1,3871,3910,3879,-1,3879,3910,3908,-1,3879,3908,3880,-1,3880,3908,3907,-1,3880,3907,3881,-1,3881,3907,3919,-1,3881,3919,3882,-1,3882,3919,3918,-1,3882,3918,3883,-1,3883,3918,3917,-1,3883,3917,3884,-1,3884,3917,3903,-1,3884,3903,3876,-1,3877,3876,3902,-1,3902,3876,3903,-1,3877,3902,3906,-1,3877,3906,3867,-1,3867,3906,3891,-1,3867,3891,3865,-1,3865,3891,3898,-1,3865,3898,3859,-1,3859,3898,3892,-1,3859,3892,3861,-1,3861,3892,3894,-1,3861,3894,3864,-1,3864,3894,3895,-1,3864,3895,3878,-1,3878,3895,3853,-1,3878,3853,3851,-1,3857,3855,3893,-1,3857,3893,3863,-1,3863,3893,3900,-1,3863,3900,3862,-1,3862,3900,3899,-1,3862,3899,3860,-1,3860,3899,3897,-1,3860,3897,3858,-1,3858,3897,3896,-1,3858,3896,3872,-1,3872,3896,3901,-1,3872,3901,3873,-1,3874,3873,3890,-1,3890,3873,3901,-1,3874,3890,3889,-1,3874,3889,3866,-1,3866,3889,3904,-1,3866,3904,3868,-1,3868,3904,3905,-1,3868,3905,3875,-1,3875,3905,3909,-1,3875,3909,3869,-1,3869,3909,3911,-1,3869,3911,3870,-1,3870,3911,3913,-1,3870,3913,3888,-1,3888,3913,3916,-1,3888,3916,3887,-1,3885,3887,3915,-1,3915,3887,3916,-1,3886,3885,3914,-1,3914,3885,3915,-1,3871,3886,3912,-1,3912,3886,3914,-1,3920,3921,3922,-1,3922,3921,3923,-1,3924,3925,3926,-1,3926,3925,3927,-1,3928,3929,3930,-1,3931,3932,3933,-1,3933,3932,3921,-1,3933,3921,3934,-1,3935,3936,3937,-1,3937,3936,3938,-1,3937,3938,3931,-1,3931,3938,3939,-1,3931,3939,3932,-1,3930,3929,3937,-1,3937,3929,3940,-1,3937,3940,3935,-1,3941,3942,3943,-1,3943,3942,3944,-1,3928,3930,3943,-1,3943,3930,3945,-1,3943,3945,3941,-1,3920,3926,3921,-1,3921,3926,3927,-1,3921,3927,3934,-1,3946,3947,3948,-1,3948,3947,3949,-1,3948,3949,3950,-1,3950,3949,3951,-1,3950,3951,3952,-1,3953,3954,3951,-1,3951,3954,3955,-1,3951,3955,3952,-1,3942,3956,3944,-1,3944,3956,3957,-1,3944,3957,3948,-1,3948,3957,3958,-1,3948,3958,3946,-1,3959,3960,3961,-1,3961,3960,3962,-1,3961,3962,3963,-1,3963,3962,3964,-1,3964,3962,3965,-1,3964,3965,3923,-1,3966,3967,3968,-1,3968,3967,3969,-1,3959,3970,3960,-1,3960,3970,3971,-1,3960,3971,3966,-1,3966,3971,3972,-1,3966,3972,3967,-1,3973,3974,3975,-1,3924,3922,3925,-1,3925,3922,3923,-1,3925,3923,3976,-1,3976,3923,3965,-1,3977,3978,3969,-1,3969,3978,3979,-1,3969,3979,3968,-1,3975,3980,3973,-1,3973,3980,3981,-1,3973,3981,3982,-1,3982,3983,3973,-1,3973,3983,3984,-1,3973,3984,3977,-1,3977,3984,3985,-1,3977,3985,3978,-1,3986,3987,3988,-1,3988,3987,3975,-1,3988,3975,3989,-1,3989,3975,3974,-1,3942,3978,3985,-1,3942,3985,3956,-1,3956,3985,3984,-1,3956,3984,3957,-1,3957,3984,3983,-1,3957,3983,3958,-1,3958,3983,3982,-1,3958,3982,3946,-1,3946,3982,3981,-1,3946,3981,3947,-1,3947,3981,3980,-1,3947,3980,3949,-1,3949,3980,3975,-1,3949,3975,3951,-1,3953,3951,3987,-1,3987,3951,3975,-1,3954,3953,3986,-1,3986,3953,3987,-1,3955,3954,3988,-1,3988,3954,3986,-1,3955,3988,3989,-1,3955,3989,3952,-1,3952,3989,3974,-1,3952,3974,3950,-1,3950,3974,3973,-1,3950,3973,3948,-1,3948,3973,3977,-1,3948,3977,3944,-1,3944,3977,3969,-1,3944,3969,3943,-1,3943,3969,3967,-1,3943,3967,3928,-1,3928,3967,3972,-1,3928,3972,3929,-1,3940,3929,3971,-1,3971,3929,3972,-1,3940,3971,3970,-1,3940,3970,3935,-1,3935,3970,3959,-1,3935,3959,3936,-1,3936,3959,3961,-1,3936,3961,3938,-1,3938,3961,3963,-1,3938,3963,3939,-1,3939,3963,3964,-1,3939,3964,3932,-1,3932,3964,3923,-1,3932,3923,3921,-1,3927,3925,3976,-1,3927,3976,3934,-1,3934,3976,3965,-1,3934,3965,3933,-1,3933,3965,3962,-1,3933,3962,3931,-1,3931,3962,3960,-1,3931,3960,3937,-1,3937,3960,3966,-1,3937,3966,3930,-1,3930,3966,3968,-1,3930,3968,3945,-1,3945,3968,3979,-1,3945,3979,3941,-1,3942,3941,3978,-1,3978,3941,3979,-1,3990,3991,3992,-1,3992,3991,3993,-1,3994,3995,3996,-1,3996,3995,3997,-1,3998,3999,4000,-1,4000,3999,4001,-1,4000,4001,4002,-1,4002,4001,4003,-1,4003,4001,4004,-1,4003,4004,3997,-1,4005,4006,4007,-1,4007,4006,4008,-1,4009,4010,4011,-1,3998,4012,3999,-1,3999,4012,4013,-1,3999,4013,4005,-1,4005,4013,4014,-1,4005,4014,4006,-1,4015,4016,4008,-1,4008,4016,4017,-1,4008,4017,4007,-1,3990,3996,3991,-1,3991,3996,3997,-1,3991,3997,4018,-1,4018,3997,4004,-1,4011,4019,4009,-1,4009,4019,4020,-1,4009,4020,4021,-1,4021,4022,4009,-1,4009,4022,4023,-1,4009,4023,4015,-1,4015,4023,4024,-1,4015,4024,4016,-1,4025,4026,4027,-1,4027,4026,4011,-1,4027,4011,4028,-1,4028,4011,4010,-1,4029,4030,4031,-1,4032,4033,4034,-1,4034,4033,3995,-1,4034,3995,4035,-1,4036,4037,4038,-1,4038,4037,4039,-1,4038,4039,4032,-1,4032,4039,4040,-1,4032,4040,4033,-1,4031,4030,4038,-1,4038,4030,4041,-1,4038,4041,4036,-1,4042,4043,4044,-1,4044,4043,4045,-1,4029,4031,4044,-1,4044,4031,4046,-1,4044,4046,4042,-1,3994,3992,3995,-1,3995,3992,3993,-1,3995,3993,4035,-1,4047,4048,4049,-1,4049,4048,4050,-1,4049,4050,4051,-1,4051,4050,4052,-1,4051,4052,4053,-1,4054,4055,4052,-1,4052,4055,4056,-1,4052,4056,4053,-1,4043,4057,4045,-1,4045,4057,4058,-1,4045,4058,4049,-1,4049,4058,4059,-1,4049,4059,4047,-1,4011,4052,4050,-1,4011,4050,4019,-1,4019,4050,4048,-1,4019,4048,4020,-1,4020,4048,4047,-1,4020,4047,4021,-1,4021,4047,4059,-1,4021,4059,4022,-1,4022,4059,4058,-1,4022,4058,4023,-1,4023,4058,4057,-1,4023,4057,4024,-1,4024,4057,4043,-1,4024,4043,4016,-1,4017,4016,4042,-1,4042,4016,4043,-1,4017,4042,4046,-1,4017,4046,4007,-1,4007,4046,4031,-1,4007,4031,4005,-1,4005,4031,4038,-1,4005,4038,3999,-1,3999,4038,4032,-1,3999,4032,4001,-1,4001,4032,4034,-1,4001,4034,4004,-1,4004,4034,4035,-1,4004,4035,4018,-1,4018,4035,3993,-1,4018,3993,3991,-1,3997,3995,4033,-1,3997,4033,4003,-1,4003,4033,4040,-1,4003,4040,4002,-1,4002,4040,4039,-1,4002,4039,4000,-1,4000,4039,4037,-1,4000,4037,3998,-1,3998,4037,4036,-1,3998,4036,4012,-1,4012,4036,4041,-1,4012,4041,4013,-1,4014,4013,4030,-1,4030,4013,4041,-1,4014,4030,4029,-1,4014,4029,4006,-1,4006,4029,4044,-1,4006,4044,4008,-1,4008,4044,4045,-1,4008,4045,4015,-1,4015,4045,4049,-1,4015,4049,4009,-1,4009,4049,4051,-1,4009,4051,4010,-1,4010,4051,4053,-1,4010,4053,4028,-1,4028,4053,4056,-1,4028,4056,4027,-1,4025,4027,4055,-1,4055,4027,4056,-1,4026,4025,4054,-1,4054,4025,4055,-1,4011,4026,4052,-1,4052,4026,4054,-1,4060,4061,4062,-1,4062,4061,4063,-1,4064,4065,4066,-1,4066,4065,4067,-1,4068,4069,4070,-1,4071,4072,4073,-1,4073,4072,4061,-1,4073,4061,4074,-1,4075,4076,4077,-1,4077,4076,4078,-1,4077,4078,4071,-1,4071,4078,4079,-1,4071,4079,4072,-1,4070,4069,4077,-1,4077,4069,4080,-1,4077,4080,4075,-1,4081,4082,4083,-1,4083,4082,4084,-1,4068,4070,4083,-1,4083,4070,4085,-1,4083,4085,4081,-1,4060,4066,4061,-1,4061,4066,4067,-1,4061,4067,4074,-1,4086,4087,4088,-1,4088,4087,4089,-1,4088,4089,4090,-1,4090,4089,4091,-1,4090,4091,4092,-1,4093,4094,4091,-1,4091,4094,4095,-1,4091,4095,4092,-1,4082,4096,4084,-1,4084,4096,4097,-1,4084,4097,4088,-1,4088,4097,4098,-1,4088,4098,4086,-1,4099,4100,4101,-1,4101,4100,4102,-1,4101,4102,4103,-1,4103,4102,4104,-1,4104,4102,4105,-1,4104,4105,4063,-1,4106,4107,4108,-1,4108,4107,4109,-1,4099,4110,4100,-1,4100,4110,4111,-1,4100,4111,4106,-1,4106,4111,4112,-1,4106,4112,4107,-1,4113,4114,4115,-1,4064,4062,4065,-1,4065,4062,4063,-1,4065,4063,4116,-1,4116,4063,4105,-1,4117,4118,4109,-1,4109,4118,4119,-1,4109,4119,4108,-1,4115,4120,4113,-1,4113,4120,4121,-1,4113,4121,4122,-1,4122,4123,4113,-1,4113,4123,4124,-1,4113,4124,4117,-1,4117,4124,4125,-1,4117,4125,4118,-1,4126,4127,4128,-1,4128,4127,4115,-1,4128,4115,4129,-1,4129,4115,4114,-1,4082,4118,4125,-1,4082,4125,4096,-1,4096,4125,4124,-1,4096,4124,4097,-1,4097,4124,4123,-1,4097,4123,4098,-1,4098,4123,4122,-1,4098,4122,4086,-1,4086,4122,4121,-1,4086,4121,4087,-1,4087,4121,4120,-1,4087,4120,4089,-1,4089,4120,4115,-1,4089,4115,4091,-1,4093,4091,4127,-1,4127,4091,4115,-1,4094,4093,4126,-1,4126,4093,4127,-1,4095,4094,4128,-1,4128,4094,4126,-1,4095,4128,4129,-1,4095,4129,4092,-1,4092,4129,4114,-1,4092,4114,4090,-1,4090,4114,4113,-1,4090,4113,4088,-1,4088,4113,4117,-1,4088,4117,4084,-1,4084,4117,4109,-1,4084,4109,4083,-1,4083,4109,4107,-1,4083,4107,4068,-1,4068,4107,4112,-1,4068,4112,4069,-1,4080,4069,4111,-1,4111,4069,4112,-1,4080,4111,4110,-1,4080,4110,4075,-1,4075,4110,4099,-1,4075,4099,4076,-1,4076,4099,4101,-1,4076,4101,4078,-1,4078,4101,4103,-1,4078,4103,4079,-1,4079,4103,4104,-1,4079,4104,4072,-1,4072,4104,4063,-1,4072,4063,4061,-1,4067,4065,4116,-1,4067,4116,4074,-1,4074,4116,4105,-1,4074,4105,4073,-1,4073,4105,4102,-1,4073,4102,4071,-1,4071,4102,4100,-1,4071,4100,4077,-1,4077,4100,4106,-1,4077,4106,4070,-1,4070,4106,4108,-1,4070,4108,4085,-1,4085,4108,4119,-1,4085,4119,4081,-1,4082,4081,4118,-1,4118,4081,4119,-1,4130,4131,4132,-1,4132,4131,4133,-1,4134,4135,4136,-1,4136,4135,4137,-1,4138,4139,4140,-1,4140,4139,4141,-1,4140,4141,4142,-1,4142,4141,4143,-1,4143,4141,4144,-1,4143,4144,4137,-1,4145,4146,4147,-1,4147,4146,4148,-1,4149,4150,4151,-1,4138,4152,4139,-1,4139,4152,4153,-1,4139,4153,4145,-1,4145,4153,4154,-1,4145,4154,4146,-1,4155,4156,4148,-1,4148,4156,4157,-1,4148,4157,4147,-1,4130,4136,4131,-1,4131,4136,4137,-1,4131,4137,4158,-1,4158,4137,4144,-1,4151,4159,4149,-1,4149,4159,4160,-1,4149,4160,4161,-1,4161,4162,4149,-1,4149,4162,4163,-1,4149,4163,4155,-1,4155,4163,4164,-1,4155,4164,4156,-1,4165,4166,4167,-1,4167,4166,4151,-1,4167,4151,4168,-1,4168,4151,4150,-1,4169,4170,4171,-1,4172,4173,4174,-1,4174,4173,4135,-1,4174,4135,4175,-1,4176,4177,4178,-1,4178,4177,4179,-1,4178,4179,4172,-1,4172,4179,4180,-1,4172,4180,4173,-1,4171,4170,4178,-1,4178,4170,4181,-1,4178,4181,4176,-1,4182,4183,4184,-1,4184,4183,4185,-1,4169,4171,4184,-1,4184,4171,4186,-1,4184,4186,4182,-1,4134,4132,4135,-1,4135,4132,4133,-1,4135,4133,4175,-1,4187,4188,4189,-1,4189,4188,4190,-1,4189,4190,4191,-1,4191,4190,4192,-1,4191,4192,4193,-1,4194,4195,4192,-1,4192,4195,4196,-1,4192,4196,4193,-1,4183,4197,4185,-1,4185,4197,4198,-1,4185,4198,4189,-1,4189,4198,4199,-1,4189,4199,4187,-1,4151,4192,4190,-1,4151,4190,4159,-1,4159,4190,4188,-1,4159,4188,4160,-1,4160,4188,4187,-1,4160,4187,4161,-1,4161,4187,4199,-1,4161,4199,4162,-1,4162,4199,4198,-1,4162,4198,4163,-1,4163,4198,4197,-1,4163,4197,4164,-1,4164,4197,4183,-1,4164,4183,4156,-1,4157,4156,4182,-1,4182,4156,4183,-1,4157,4182,4186,-1,4157,4186,4147,-1,4147,4186,4171,-1,4147,4171,4145,-1,4145,4171,4178,-1,4145,4178,4139,-1,4139,4178,4172,-1,4139,4172,4141,-1,4141,4172,4174,-1,4141,4174,4144,-1,4144,4174,4175,-1,4144,4175,4158,-1,4158,4175,4133,-1,4158,4133,4131,-1,4137,4135,4173,-1,4137,4173,4143,-1,4143,4173,4180,-1,4143,4180,4142,-1,4142,4180,4179,-1,4142,4179,4140,-1,4140,4179,4177,-1,4140,4177,4138,-1,4138,4177,4176,-1,4138,4176,4152,-1,4152,4176,4181,-1,4152,4181,4153,-1,4154,4153,4170,-1,4170,4153,4181,-1,4154,4170,4169,-1,4154,4169,4146,-1,4146,4169,4184,-1,4146,4184,4148,-1,4148,4184,4185,-1,4148,4185,4155,-1,4155,4185,4189,-1,4155,4189,4149,-1,4149,4189,4191,-1,4149,4191,4150,-1,4150,4191,4193,-1,4150,4193,4168,-1,4168,4193,4196,-1,4168,4196,4167,-1,4165,4167,4195,-1,4195,4167,4196,-1,4166,4165,4194,-1,4194,4165,4195,-1,4151,4166,4192,-1,4192,4166,4194,-1,4200,4201,4202,-1,4202,4201,4203,-1,4204,4205,4206,-1,4206,4205,4207,-1,4208,4209,4210,-1,4211,4212,4213,-1,4213,4212,4201,-1,4213,4201,4214,-1,4215,4216,4217,-1,4217,4216,4218,-1,4217,4218,4211,-1,4211,4218,4219,-1,4211,4219,4212,-1,4210,4209,4217,-1,4217,4209,4220,-1,4217,4220,4215,-1,4221,4222,4223,-1,4223,4222,4224,-1,4208,4210,4223,-1,4223,4210,4225,-1,4223,4225,4221,-1,4200,4206,4201,-1,4201,4206,4207,-1,4201,4207,4214,-1,4226,4227,4228,-1,4228,4227,4229,-1,4228,4229,4230,-1,4230,4229,4231,-1,4230,4231,4232,-1,4233,4234,4231,-1,4231,4234,4235,-1,4231,4235,4232,-1,4222,4236,4224,-1,4224,4236,4237,-1,4224,4237,4228,-1,4228,4237,4238,-1,4228,4238,4226,-1,4239,4240,4241,-1,4241,4240,4242,-1,4241,4242,4243,-1,4243,4242,4244,-1,4244,4242,4245,-1,4244,4245,4203,-1,4246,4247,4248,-1,4248,4247,4249,-1,4239,4250,4240,-1,4240,4250,4251,-1,4240,4251,4246,-1,4246,4251,4252,-1,4246,4252,4247,-1,4253,4254,4255,-1,4204,4202,4205,-1,4205,4202,4203,-1,4205,4203,4256,-1,4256,4203,4245,-1,4257,4258,4249,-1,4249,4258,4259,-1,4249,4259,4248,-1,4255,4260,4253,-1,4253,4260,4261,-1,4253,4261,4262,-1,4262,4263,4253,-1,4253,4263,4264,-1,4253,4264,4257,-1,4257,4264,4265,-1,4257,4265,4258,-1,4266,4267,4268,-1,4268,4267,4255,-1,4268,4255,4269,-1,4269,4255,4254,-1,4222,4258,4265,-1,4222,4265,4236,-1,4236,4265,4264,-1,4236,4264,4237,-1,4237,4264,4263,-1,4237,4263,4238,-1,4238,4263,4262,-1,4238,4262,4226,-1,4226,4262,4261,-1,4226,4261,4227,-1,4227,4261,4260,-1,4227,4260,4229,-1,4229,4260,4255,-1,4229,4255,4231,-1,4233,4231,4267,-1,4267,4231,4255,-1,4234,4233,4266,-1,4266,4233,4267,-1,4235,4234,4268,-1,4268,4234,4266,-1,4235,4268,4269,-1,4235,4269,4232,-1,4232,4269,4254,-1,4232,4254,4230,-1,4230,4254,4253,-1,4230,4253,4228,-1,4228,4253,4257,-1,4228,4257,4224,-1,4224,4257,4249,-1,4224,4249,4223,-1,4223,4249,4247,-1,4223,4247,4208,-1,4208,4247,4252,-1,4208,4252,4209,-1,4220,4209,4251,-1,4251,4209,4252,-1,4220,4251,4250,-1,4220,4250,4215,-1,4215,4250,4239,-1,4215,4239,4216,-1,4216,4239,4241,-1,4216,4241,4218,-1,4218,4241,4243,-1,4218,4243,4219,-1,4219,4243,4244,-1,4219,4244,4212,-1,4212,4244,4203,-1,4212,4203,4201,-1,4207,4205,4256,-1,4207,4256,4214,-1,4214,4256,4245,-1,4214,4245,4213,-1,4213,4245,4242,-1,4213,4242,4211,-1,4211,4242,4240,-1,4211,4240,4217,-1,4217,4240,4246,-1,4217,4246,4210,-1,4210,4246,4248,-1,4210,4248,4225,-1,4225,4248,4259,-1,4225,4259,4221,-1,4222,4221,4258,-1,4258,4221,4259,-1,4270,4271,4272,-1,4272,4271,4273,-1,4274,4275,4276,-1,4276,4275,4277,-1,4278,4279,4280,-1,4280,4279,4281,-1,4280,4281,4282,-1,4282,4281,4283,-1,4283,4281,4284,-1,4283,4284,4277,-1,4285,4286,4287,-1,4287,4286,4288,-1,4289,4290,4291,-1,4278,4292,4279,-1,4279,4292,4293,-1,4279,4293,4285,-1,4285,4293,4294,-1,4285,4294,4286,-1,4295,4296,4288,-1,4288,4296,4297,-1,4288,4297,4287,-1,4270,4276,4271,-1,4271,4276,4277,-1,4271,4277,4298,-1,4298,4277,4284,-1,4291,4299,4289,-1,4289,4299,4300,-1,4289,4300,4301,-1,4301,4302,4289,-1,4289,4302,4303,-1,4289,4303,4295,-1,4295,4303,4304,-1,4295,4304,4296,-1,4305,4306,4307,-1,4307,4306,4291,-1,4307,4291,4308,-1,4308,4291,4290,-1,4309,4310,4311,-1,4312,4313,4314,-1,4314,4313,4275,-1,4314,4275,4315,-1,4316,4317,4318,-1,4318,4317,4319,-1,4318,4319,4312,-1,4312,4319,4320,-1,4312,4320,4313,-1,4311,4310,4318,-1,4318,4310,4321,-1,4318,4321,4316,-1,4322,4323,4324,-1,4324,4323,4325,-1,4309,4311,4324,-1,4324,4311,4326,-1,4324,4326,4322,-1,4274,4272,4275,-1,4275,4272,4273,-1,4275,4273,4315,-1,4327,4328,4329,-1,4329,4328,4330,-1,4329,4330,4331,-1,4331,4330,4332,-1,4331,4332,4333,-1,4334,4335,4332,-1,4332,4335,4336,-1,4332,4336,4333,-1,4323,4337,4325,-1,4325,4337,4338,-1,4325,4338,4329,-1,4329,4338,4339,-1,4329,4339,4327,-1,4291,4332,4330,-1,4291,4330,4299,-1,4299,4330,4328,-1,4299,4328,4300,-1,4300,4328,4327,-1,4300,4327,4301,-1,4301,4327,4339,-1,4301,4339,4302,-1,4302,4339,4338,-1,4302,4338,4303,-1,4303,4338,4337,-1,4303,4337,4304,-1,4304,4337,4323,-1,4304,4323,4296,-1,4297,4296,4322,-1,4322,4296,4323,-1,4297,4322,4326,-1,4297,4326,4287,-1,4287,4326,4311,-1,4287,4311,4285,-1,4285,4311,4318,-1,4285,4318,4279,-1,4279,4318,4312,-1,4279,4312,4281,-1,4281,4312,4314,-1,4281,4314,4284,-1,4284,4314,4315,-1,4284,4315,4298,-1,4298,4315,4273,-1,4298,4273,4271,-1,4277,4275,4313,-1,4277,4313,4283,-1,4283,4313,4320,-1,4283,4320,4282,-1,4282,4320,4319,-1,4282,4319,4280,-1,4280,4319,4317,-1,4280,4317,4278,-1,4278,4317,4316,-1,4278,4316,4292,-1,4292,4316,4321,-1,4292,4321,4293,-1,4294,4293,4310,-1,4310,4293,4321,-1,4294,4310,4309,-1,4294,4309,4286,-1,4286,4309,4324,-1,4286,4324,4288,-1,4288,4324,4325,-1,4288,4325,4295,-1,4295,4325,4329,-1,4295,4329,4289,-1,4289,4329,4331,-1,4289,4331,4290,-1,4290,4331,4333,-1,4290,4333,4308,-1,4308,4333,4336,-1,4308,4336,4307,-1,4305,4307,4335,-1,4335,4307,4336,-1,4306,4305,4334,-1,4334,4305,4335,-1,4291,4306,4332,-1,4332,4306,4334,-1,4340,4341,4342,-1,4342,4341,4343,-1,4344,4345,4346,-1,4346,4345,4347,-1,4348,4349,4350,-1,4351,4352,4353,-1,4353,4352,4341,-1,4353,4341,4354,-1,4355,4356,4357,-1,4357,4356,4358,-1,4357,4358,4351,-1,4351,4358,4359,-1,4351,4359,4352,-1,4350,4349,4357,-1,4357,4349,4360,-1,4357,4360,4355,-1,4361,4362,4363,-1,4363,4362,4364,-1,4348,4350,4363,-1,4363,4350,4365,-1,4363,4365,4361,-1,4340,4346,4341,-1,4341,4346,4347,-1,4341,4347,4354,-1,4366,4367,4368,-1,4368,4367,4369,-1,4368,4369,4370,-1,4370,4369,4371,-1,4370,4371,4372,-1,4373,4374,4371,-1,4371,4374,4375,-1,4371,4375,4372,-1,4362,4376,4364,-1,4364,4376,4377,-1,4364,4377,4368,-1,4368,4377,4378,-1,4368,4378,4366,-1,4379,4380,4381,-1,4381,4380,4382,-1,4381,4382,4383,-1,4383,4382,4384,-1,4384,4382,4385,-1,4384,4385,4343,-1,4386,4387,4388,-1,4388,4387,4389,-1,4379,4390,4380,-1,4380,4390,4391,-1,4380,4391,4386,-1,4386,4391,4392,-1,4386,4392,4387,-1,4393,4394,4395,-1,4344,4342,4345,-1,4345,4342,4343,-1,4345,4343,4396,-1,4396,4343,4385,-1,4397,4398,4389,-1,4389,4398,4399,-1,4389,4399,4388,-1,4395,4400,4393,-1,4393,4400,4401,-1,4393,4401,4402,-1,4402,4403,4393,-1,4393,4403,4404,-1,4393,4404,4397,-1,4397,4404,4405,-1,4397,4405,4398,-1,4406,4407,4408,-1,4408,4407,4395,-1,4408,4395,4409,-1,4409,4395,4394,-1,4362,4398,4405,-1,4362,4405,4376,-1,4376,4405,4404,-1,4376,4404,4377,-1,4377,4404,4403,-1,4377,4403,4378,-1,4378,4403,4402,-1,4378,4402,4366,-1,4366,4402,4401,-1,4366,4401,4367,-1,4367,4401,4400,-1,4367,4400,4369,-1,4369,4400,4395,-1,4369,4395,4371,-1,4373,4371,4407,-1,4407,4371,4395,-1,4374,4373,4406,-1,4406,4373,4407,-1,4375,4374,4408,-1,4408,4374,4406,-1,4375,4408,4409,-1,4375,4409,4372,-1,4372,4409,4394,-1,4372,4394,4370,-1,4370,4394,4393,-1,4370,4393,4368,-1,4368,4393,4397,-1,4368,4397,4364,-1,4364,4397,4389,-1,4364,4389,4363,-1,4363,4389,4387,-1,4363,4387,4348,-1,4348,4387,4392,-1,4348,4392,4349,-1,4360,4349,4391,-1,4391,4349,4392,-1,4360,4391,4390,-1,4360,4390,4355,-1,4355,4390,4379,-1,4355,4379,4356,-1,4356,4379,4381,-1,4356,4381,4358,-1,4358,4381,4383,-1,4358,4383,4359,-1,4359,4383,4384,-1,4359,4384,4352,-1,4352,4384,4343,-1,4352,4343,4341,-1,4347,4345,4396,-1,4347,4396,4354,-1,4354,4396,4385,-1,4354,4385,4353,-1,4353,4385,4382,-1,4353,4382,4351,-1,4351,4382,4380,-1,4351,4380,4357,-1,4357,4380,4386,-1,4357,4386,4350,-1,4350,4386,4388,-1,4350,4388,4365,-1,4365,4388,4399,-1,4365,4399,4361,-1,4362,4361,4398,-1,4398,4361,4399,-1,4410,4411,4412,-1,4412,4411,4413,-1,4414,4415,4416,-1,4416,4415,4417,-1,4418,4419,4420,-1,4420,4419,4421,-1,4420,4421,4422,-1,4422,4421,4423,-1,4423,4421,4424,-1,4423,4424,4417,-1,4425,4426,4427,-1,4427,4426,4428,-1,4429,4430,4431,-1,4418,4432,4419,-1,4419,4432,4433,-1,4419,4433,4425,-1,4425,4433,4434,-1,4425,4434,4426,-1,4435,4436,4428,-1,4428,4436,4437,-1,4428,4437,4427,-1,4410,4416,4411,-1,4411,4416,4417,-1,4411,4417,4438,-1,4438,4417,4424,-1,4431,4439,4429,-1,4429,4439,4440,-1,4429,4440,4441,-1,4441,4442,4429,-1,4429,4442,4443,-1,4429,4443,4435,-1,4435,4443,4444,-1,4435,4444,4436,-1,4445,4446,4447,-1,4447,4446,4431,-1,4447,4431,4448,-1,4448,4431,4430,-1,4449,4450,4451,-1,4452,4453,4454,-1,4454,4453,4415,-1,4454,4415,4455,-1,4456,4457,4458,-1,4458,4457,4459,-1,4458,4459,4452,-1,4452,4459,4460,-1,4452,4460,4453,-1,4451,4450,4458,-1,4458,4450,4461,-1,4458,4461,4456,-1,4462,4463,4464,-1,4464,4463,4465,-1,4449,4451,4464,-1,4464,4451,4466,-1,4464,4466,4462,-1,4414,4412,4415,-1,4415,4412,4413,-1,4415,4413,4455,-1,4467,4468,4469,-1,4469,4468,4470,-1,4469,4470,4471,-1,4471,4470,4472,-1,4471,4472,4473,-1,4474,4475,4472,-1,4472,4475,4476,-1,4472,4476,4473,-1,4463,4477,4465,-1,4465,4477,4478,-1,4465,4478,4469,-1,4469,4478,4479,-1,4469,4479,4467,-1,4431,4472,4470,-1,4431,4470,4439,-1,4439,4470,4468,-1,4439,4468,4440,-1,4440,4468,4467,-1,4440,4467,4441,-1,4441,4467,4479,-1,4441,4479,4442,-1,4442,4479,4478,-1,4442,4478,4443,-1,4443,4478,4477,-1,4443,4477,4444,-1,4444,4477,4463,-1,4444,4463,4436,-1,4437,4436,4462,-1,4462,4436,4463,-1,4437,4462,4466,-1,4437,4466,4427,-1,4427,4466,4451,-1,4427,4451,4425,-1,4425,4451,4458,-1,4425,4458,4419,-1,4419,4458,4452,-1,4419,4452,4421,-1,4421,4452,4454,-1,4421,4454,4424,-1,4424,4454,4455,-1,4424,4455,4438,-1,4438,4455,4413,-1,4438,4413,4411,-1,4417,4415,4453,-1,4417,4453,4423,-1,4423,4453,4460,-1,4423,4460,4422,-1,4422,4460,4459,-1,4422,4459,4420,-1,4420,4459,4457,-1,4420,4457,4418,-1,4418,4457,4456,-1,4418,4456,4432,-1,4432,4456,4461,-1,4432,4461,4433,-1,4434,4433,4450,-1,4450,4433,4461,-1,4434,4450,4449,-1,4434,4449,4426,-1,4426,4449,4464,-1,4426,4464,4428,-1,4428,4464,4465,-1,4428,4465,4435,-1,4435,4465,4469,-1,4435,4469,4429,-1,4429,4469,4471,-1,4429,4471,4430,-1,4430,4471,4473,-1,4430,4473,4448,-1,4448,4473,4476,-1,4448,4476,4447,-1,4445,4447,4475,-1,4475,4447,4476,-1,4446,4445,4474,-1,4474,4445,4475,-1,4431,4446,4472,-1,4472,4446,4474,-1,4480,4481,4482,-1,4482,4481,4483,-1,4484,4485,4486,-1,4486,4485,4487,-1,4488,4489,4490,-1,4491,4492,4493,-1,4493,4492,4481,-1,4493,4481,4494,-1,4495,4496,4497,-1,4497,4496,4498,-1,4497,4498,4491,-1,4491,4498,4499,-1,4491,4499,4492,-1,4490,4489,4497,-1,4497,4489,4500,-1,4497,4500,4495,-1,4501,4502,4503,-1,4503,4502,4504,-1,4488,4490,4503,-1,4503,4490,4505,-1,4503,4505,4501,-1,4480,4486,4481,-1,4481,4486,4487,-1,4481,4487,4494,-1,4506,4507,4508,-1,4508,4507,4509,-1,4508,4509,4510,-1,4510,4509,4511,-1,4510,4511,4512,-1,4513,4514,4511,-1,4511,4514,4515,-1,4511,4515,4512,-1,4502,4516,4504,-1,4504,4516,4517,-1,4504,4517,4508,-1,4508,4517,4518,-1,4508,4518,4506,-1,4519,4520,4521,-1,4521,4520,4522,-1,4521,4522,4523,-1,4523,4522,4524,-1,4524,4522,4525,-1,4524,4525,4483,-1,4526,4527,4528,-1,4528,4527,4529,-1,4519,4530,4520,-1,4520,4530,4531,-1,4520,4531,4526,-1,4526,4531,4532,-1,4526,4532,4527,-1,4533,4534,4535,-1,4484,4482,4485,-1,4485,4482,4483,-1,4485,4483,4536,-1,4536,4483,4525,-1,4537,4538,4529,-1,4529,4538,4539,-1,4529,4539,4528,-1,4535,4540,4533,-1,4533,4540,4541,-1,4533,4541,4542,-1,4542,4543,4533,-1,4533,4543,4544,-1,4533,4544,4537,-1,4537,4544,4545,-1,4537,4545,4538,-1,4546,4547,4548,-1,4548,4547,4535,-1,4548,4535,4549,-1,4549,4535,4534,-1,4502,4538,4545,-1,4502,4545,4516,-1,4516,4545,4544,-1,4516,4544,4517,-1,4517,4544,4543,-1,4517,4543,4518,-1,4518,4543,4542,-1,4518,4542,4506,-1,4506,4542,4541,-1,4506,4541,4507,-1,4507,4541,4540,-1,4507,4540,4509,-1,4509,4540,4535,-1,4509,4535,4511,-1,4513,4511,4547,-1,4547,4511,4535,-1,4514,4513,4546,-1,4546,4513,4547,-1,4515,4514,4548,-1,4548,4514,4546,-1,4515,4548,4549,-1,4515,4549,4512,-1,4512,4549,4534,-1,4512,4534,4510,-1,4510,4534,4533,-1,4510,4533,4508,-1,4508,4533,4537,-1,4508,4537,4504,-1,4504,4537,4529,-1,4504,4529,4503,-1,4503,4529,4527,-1,4503,4527,4488,-1,4488,4527,4532,-1,4488,4532,4489,-1,4500,4489,4531,-1,4531,4489,4532,-1,4500,4531,4530,-1,4500,4530,4495,-1,4495,4530,4519,-1,4495,4519,4496,-1,4496,4519,4521,-1,4496,4521,4498,-1,4498,4521,4523,-1,4498,4523,4499,-1,4499,4523,4524,-1,4499,4524,4492,-1,4492,4524,4483,-1,4492,4483,4481,-1,4487,4485,4536,-1,4487,4536,4494,-1,4494,4536,4525,-1,4494,4525,4493,-1,4493,4525,4522,-1,4493,4522,4491,-1,4491,4522,4520,-1,4491,4520,4497,-1,4497,4520,4526,-1,4497,4526,4490,-1,4490,4526,4528,-1,4490,4528,4505,-1,4505,4528,4539,-1,4505,4539,4501,-1,4502,4501,4538,-1,4538,4501,4539,-1,4550,4551,4552,-1,4552,4551,4553,-1,4554,4555,4556,-1,4556,4555,4557,-1,4558,4559,4560,-1,4560,4559,4561,-1,4560,4561,4562,-1,4562,4561,4563,-1,4563,4561,4564,-1,4563,4564,4557,-1,4565,4566,4567,-1,4567,4566,4568,-1,4569,4570,4571,-1,4558,4572,4559,-1,4559,4572,4573,-1,4559,4573,4565,-1,4565,4573,4574,-1,4565,4574,4566,-1,4575,4576,4568,-1,4568,4576,4577,-1,4568,4577,4567,-1,4550,4556,4551,-1,4551,4556,4557,-1,4551,4557,4578,-1,4578,4557,4564,-1,4571,4579,4569,-1,4569,4579,4580,-1,4569,4580,4581,-1,4581,4582,4569,-1,4569,4582,4583,-1,4569,4583,4575,-1,4575,4583,4584,-1,4575,4584,4576,-1,4585,4586,4587,-1,4587,4586,4571,-1,4587,4571,4588,-1,4588,4571,4570,-1,4589,4590,4591,-1,4592,4593,4594,-1,4594,4593,4555,-1,4594,4555,4595,-1,4596,4597,4598,-1,4598,4597,4599,-1,4598,4599,4592,-1,4592,4599,4600,-1,4592,4600,4593,-1,4591,4590,4598,-1,4598,4590,4601,-1,4598,4601,4596,-1,4602,4603,4604,-1,4604,4603,4605,-1,4589,4591,4604,-1,4604,4591,4606,-1,4604,4606,4602,-1,4554,4552,4555,-1,4555,4552,4553,-1,4555,4553,4595,-1,4607,4608,4609,-1,4609,4608,4610,-1,4609,4610,4611,-1,4611,4610,4612,-1,4611,4612,4613,-1,4614,4615,4612,-1,4612,4615,4616,-1,4612,4616,4613,-1,4603,4617,4605,-1,4605,4617,4618,-1,4605,4618,4609,-1,4609,4618,4619,-1,4609,4619,4607,-1,4571,4612,4610,-1,4571,4610,4579,-1,4579,4610,4608,-1,4579,4608,4580,-1,4580,4608,4607,-1,4580,4607,4581,-1,4581,4607,4619,-1,4581,4619,4582,-1,4582,4619,4618,-1,4582,4618,4583,-1,4583,4618,4617,-1,4583,4617,4584,-1,4584,4617,4603,-1,4584,4603,4576,-1,4577,4576,4602,-1,4602,4576,4603,-1,4577,4602,4606,-1,4577,4606,4567,-1,4567,4606,4591,-1,4567,4591,4565,-1,4565,4591,4598,-1,4565,4598,4559,-1,4559,4598,4592,-1,4559,4592,4561,-1,4561,4592,4594,-1,4561,4594,4564,-1,4564,4594,4595,-1,4564,4595,4578,-1,4578,4595,4553,-1,4578,4553,4551,-1,4557,4555,4593,-1,4557,4593,4563,-1,4563,4593,4600,-1,4563,4600,4562,-1,4562,4600,4599,-1,4562,4599,4560,-1,4560,4599,4597,-1,4560,4597,4558,-1,4558,4597,4596,-1,4558,4596,4572,-1,4572,4596,4601,-1,4572,4601,4573,-1,4574,4573,4590,-1,4590,4573,4601,-1,4574,4590,4589,-1,4574,4589,4566,-1,4566,4589,4604,-1,4566,4604,4568,-1,4568,4604,4605,-1,4568,4605,4575,-1,4575,4605,4609,-1,4575,4609,4569,-1,4569,4609,4611,-1,4569,4611,4570,-1,4570,4611,4613,-1,4570,4613,4588,-1,4588,4613,4616,-1,4588,4616,4587,-1,4585,4587,4615,-1,4615,4587,4616,-1,4586,4585,4614,-1,4614,4585,4615,-1,4571,4586,4612,-1,4612,4586,4614,-1,4620,4621,4622,-1,4622,4621,4623,-1,4624,4625,4626,-1,4626,4625,4627,-1,4628,4629,4630,-1,4631,4632,4633,-1,4633,4632,4621,-1,4633,4621,4634,-1,4635,4636,4637,-1,4637,4636,4638,-1,4637,4638,4631,-1,4631,4638,4639,-1,4631,4639,4632,-1,4630,4629,4637,-1,4637,4629,4640,-1,4637,4640,4635,-1,4641,4642,4643,-1,4643,4642,4644,-1,4628,4630,4643,-1,4643,4630,4645,-1,4643,4645,4641,-1,4620,4626,4621,-1,4621,4626,4627,-1,4621,4627,4634,-1,4646,4647,4648,-1,4648,4647,4649,-1,4648,4649,4650,-1,4650,4649,4651,-1,4650,4651,4652,-1,4653,4654,4651,-1,4651,4654,4655,-1,4651,4655,4652,-1,4642,4656,4644,-1,4644,4656,4657,-1,4644,4657,4648,-1,4648,4657,4658,-1,4648,4658,4646,-1,4659,4660,4661,-1,4661,4660,4662,-1,4661,4662,4663,-1,4663,4662,4664,-1,4664,4662,4665,-1,4664,4665,4623,-1,4666,4667,4668,-1,4668,4667,4669,-1,4659,4670,4660,-1,4660,4670,4671,-1,4660,4671,4666,-1,4666,4671,4672,-1,4666,4672,4667,-1,4673,4674,4675,-1,4624,4622,4625,-1,4625,4622,4623,-1,4625,4623,4676,-1,4676,4623,4665,-1,4677,4678,4669,-1,4669,4678,4679,-1,4669,4679,4668,-1,4675,4680,4673,-1,4673,4680,4681,-1,4673,4681,4682,-1,4682,4683,4673,-1,4673,4683,4684,-1,4673,4684,4677,-1,4677,4684,4685,-1,4677,4685,4678,-1,4686,4687,4688,-1,4688,4687,4675,-1,4688,4675,4689,-1,4689,4675,4674,-1,4642,4678,4685,-1,4642,4685,4656,-1,4656,4685,4684,-1,4656,4684,4657,-1,4657,4684,4683,-1,4657,4683,4658,-1,4658,4683,4682,-1,4658,4682,4646,-1,4646,4682,4681,-1,4646,4681,4647,-1,4647,4681,4680,-1,4647,4680,4649,-1,4649,4680,4675,-1,4649,4675,4651,-1,4653,4651,4687,-1,4687,4651,4675,-1,4654,4653,4686,-1,4686,4653,4687,-1,4655,4654,4688,-1,4688,4654,4686,-1,4655,4688,4689,-1,4655,4689,4652,-1,4652,4689,4674,-1,4652,4674,4650,-1,4650,4674,4673,-1,4650,4673,4648,-1,4648,4673,4677,-1,4648,4677,4644,-1,4644,4677,4669,-1,4644,4669,4643,-1,4643,4669,4667,-1,4643,4667,4628,-1,4628,4667,4672,-1,4628,4672,4629,-1,4640,4629,4671,-1,4671,4629,4672,-1,4640,4671,4670,-1,4640,4670,4635,-1,4635,4670,4659,-1,4635,4659,4636,-1,4636,4659,4661,-1,4636,4661,4638,-1,4638,4661,4663,-1,4638,4663,4639,-1,4639,4663,4664,-1,4639,4664,4632,-1,4632,4664,4623,-1,4632,4623,4621,-1,4627,4625,4676,-1,4627,4676,4634,-1,4634,4676,4665,-1,4634,4665,4633,-1,4633,4665,4662,-1,4633,4662,4631,-1,4631,4662,4660,-1,4631,4660,4637,-1,4637,4660,4666,-1,4637,4666,4630,-1,4630,4666,4668,-1,4630,4668,4645,-1,4645,4668,4679,-1,4645,4679,4641,-1,4642,4641,4678,-1,4678,4641,4679,-1,4690,4691,4692,-1,4692,4691,4693,-1,4694,4695,4696,-1,4696,4695,4697,-1,4698,4699,4700,-1,4700,4699,4701,-1,4700,4701,4702,-1,4702,4701,4703,-1,4703,4701,4704,-1,4703,4704,4697,-1,4705,4706,4707,-1,4707,4706,4708,-1,4709,4710,4711,-1,4698,4712,4699,-1,4699,4712,4713,-1,4699,4713,4705,-1,4705,4713,4714,-1,4705,4714,4706,-1,4715,4716,4708,-1,4708,4716,4717,-1,4708,4717,4707,-1,4690,4696,4691,-1,4691,4696,4697,-1,4691,4697,4718,-1,4718,4697,4704,-1,4711,4719,4709,-1,4709,4719,4720,-1,4709,4720,4721,-1,4721,4722,4709,-1,4709,4722,4723,-1,4709,4723,4715,-1,4715,4723,4724,-1,4715,4724,4716,-1,4725,4726,4727,-1,4727,4726,4711,-1,4727,4711,4728,-1,4728,4711,4710,-1,4729,4730,4731,-1,4732,4733,4734,-1,4734,4733,4695,-1,4734,4695,4735,-1,4736,4737,4738,-1,4738,4737,4739,-1,4738,4739,4732,-1,4732,4739,4740,-1,4732,4740,4733,-1,4731,4730,4738,-1,4738,4730,4741,-1,4738,4741,4736,-1,4742,4743,4744,-1,4744,4743,4745,-1,4729,4731,4744,-1,4744,4731,4746,-1,4744,4746,4742,-1,4694,4692,4695,-1,4695,4692,4693,-1,4695,4693,4735,-1,4747,4748,4749,-1,4749,4748,4750,-1,4749,4750,4751,-1,4751,4750,4752,-1,4751,4752,4753,-1,4754,4755,4752,-1,4752,4755,4756,-1,4752,4756,4753,-1,4743,4757,4745,-1,4745,4757,4758,-1,4745,4758,4749,-1,4749,4758,4759,-1,4749,4759,4747,-1,4711,4752,4750,-1,4711,4750,4719,-1,4719,4750,4748,-1,4719,4748,4720,-1,4720,4748,4747,-1,4720,4747,4721,-1,4721,4747,4759,-1,4721,4759,4722,-1,4722,4759,4758,-1,4722,4758,4723,-1,4723,4758,4757,-1,4723,4757,4724,-1,4724,4757,4743,-1,4724,4743,4716,-1,4717,4716,4742,-1,4742,4716,4743,-1,4717,4742,4746,-1,4717,4746,4707,-1,4707,4746,4731,-1,4707,4731,4705,-1,4705,4731,4738,-1,4705,4738,4699,-1,4699,4738,4732,-1,4699,4732,4701,-1,4701,4732,4734,-1,4701,4734,4704,-1,4704,4734,4735,-1,4704,4735,4718,-1,4718,4735,4693,-1,4718,4693,4691,-1,4697,4695,4733,-1,4697,4733,4703,-1,4703,4733,4740,-1,4703,4740,4702,-1,4702,4740,4739,-1,4702,4739,4700,-1,4700,4739,4737,-1,4700,4737,4698,-1,4698,4737,4736,-1,4698,4736,4712,-1,4712,4736,4741,-1,4712,4741,4713,-1,4714,4713,4730,-1,4730,4713,4741,-1,4714,4730,4729,-1,4714,4729,4706,-1,4706,4729,4744,-1,4706,4744,4708,-1,4708,4744,4745,-1,4708,4745,4715,-1,4715,4745,4749,-1,4715,4749,4709,-1,4709,4749,4751,-1,4709,4751,4710,-1,4710,4751,4753,-1,4710,4753,4728,-1,4728,4753,4756,-1,4728,4756,4727,-1,4725,4727,4755,-1,4755,4727,4756,-1,4726,4725,4754,-1,4754,4725,4755,-1,4711,4726,4752,-1,4752,4726,4754,-1,4760,4761,4762,-1,4762,4761,4763,-1,4764,4765,4766,-1,4766,4765,4767,-1,4768,4769,4770,-1,4771,4772,4773,-1,4773,4772,4761,-1,4773,4761,4774,-1,4775,4776,4777,-1,4777,4776,4778,-1,4777,4778,4771,-1,4771,4778,4779,-1,4771,4779,4772,-1,4770,4769,4777,-1,4777,4769,4780,-1,4777,4780,4775,-1,4781,4782,4783,-1,4783,4782,4784,-1,4768,4770,4783,-1,4783,4770,4785,-1,4783,4785,4781,-1,4760,4766,4761,-1,4761,4766,4767,-1,4761,4767,4774,-1,4786,4787,4788,-1,4788,4787,4789,-1,4788,4789,4790,-1,4790,4789,4791,-1,4790,4791,4792,-1,4793,4794,4791,-1,4791,4794,4795,-1,4791,4795,4792,-1,4782,4796,4784,-1,4784,4796,4797,-1,4784,4797,4788,-1,4788,4797,4798,-1,4788,4798,4786,-1,4799,4800,4801,-1,4801,4800,4802,-1,4801,4802,4803,-1,4803,4802,4804,-1,4804,4802,4805,-1,4804,4805,4763,-1,4806,4807,4808,-1,4808,4807,4809,-1,4799,4810,4800,-1,4800,4810,4811,-1,4800,4811,4806,-1,4806,4811,4812,-1,4806,4812,4807,-1,4813,4814,4815,-1,4764,4762,4765,-1,4765,4762,4763,-1,4765,4763,4816,-1,4816,4763,4805,-1,4817,4818,4809,-1,4809,4818,4819,-1,4809,4819,4808,-1,4815,4820,4813,-1,4813,4820,4821,-1,4813,4821,4822,-1,4822,4823,4813,-1,4813,4823,4824,-1,4813,4824,4817,-1,4817,4824,4825,-1,4817,4825,4818,-1,4826,4827,4828,-1,4828,4827,4815,-1,4828,4815,4829,-1,4829,4815,4814,-1,4782,4818,4825,-1,4782,4825,4796,-1,4796,4825,4824,-1,4796,4824,4797,-1,4797,4824,4823,-1,4797,4823,4798,-1,4798,4823,4822,-1,4798,4822,4786,-1,4786,4822,4821,-1,4786,4821,4787,-1,4787,4821,4820,-1,4787,4820,4789,-1,4789,4820,4815,-1,4789,4815,4791,-1,4793,4791,4827,-1,4827,4791,4815,-1,4794,4793,4826,-1,4826,4793,4827,-1,4795,4794,4828,-1,4828,4794,4826,-1,4795,4828,4829,-1,4795,4829,4792,-1,4792,4829,4814,-1,4792,4814,4790,-1,4790,4814,4813,-1,4790,4813,4788,-1,4788,4813,4817,-1,4788,4817,4784,-1,4784,4817,4809,-1,4784,4809,4783,-1,4783,4809,4807,-1,4783,4807,4768,-1,4768,4807,4812,-1,4768,4812,4769,-1,4780,4769,4811,-1,4811,4769,4812,-1,4780,4811,4810,-1,4780,4810,4775,-1,4775,4810,4799,-1,4775,4799,4776,-1,4776,4799,4801,-1,4776,4801,4778,-1,4778,4801,4803,-1,4778,4803,4779,-1,4779,4803,4804,-1,4779,4804,4772,-1,4772,4804,4763,-1,4772,4763,4761,-1,4767,4765,4816,-1,4767,4816,4774,-1,4774,4816,4805,-1,4774,4805,4773,-1,4773,4805,4802,-1,4773,4802,4771,-1,4771,4802,4800,-1,4771,4800,4777,-1,4777,4800,4806,-1,4777,4806,4770,-1,4770,4806,4808,-1,4770,4808,4785,-1,4785,4808,4819,-1,4785,4819,4781,-1,4782,4781,4818,-1,4818,4781,4819,-1,4830,4831,4832,-1,4832,4831,4833,-1,4834,4835,4836,-1,4836,4835,4837,-1,4838,4839,4840,-1,4840,4839,4841,-1,4840,4841,4842,-1,4842,4841,4843,-1,4843,4841,4844,-1,4843,4844,4837,-1,4845,4846,4847,-1,4847,4846,4848,-1,4849,4850,4851,-1,4838,4852,4839,-1,4839,4852,4853,-1,4839,4853,4845,-1,4845,4853,4854,-1,4845,4854,4846,-1,4855,4856,4848,-1,4848,4856,4857,-1,4848,4857,4847,-1,4830,4836,4831,-1,4831,4836,4837,-1,4831,4837,4858,-1,4858,4837,4844,-1,4851,4859,4849,-1,4849,4859,4860,-1,4849,4860,4861,-1,4861,4862,4849,-1,4849,4862,4863,-1,4849,4863,4855,-1,4855,4863,4864,-1,4855,4864,4856,-1,4865,4866,4867,-1,4867,4866,4851,-1,4867,4851,4868,-1,4868,4851,4850,-1,4869,4870,4871,-1,4872,4873,4874,-1,4874,4873,4835,-1,4874,4835,4875,-1,4876,4877,4878,-1,4878,4877,4879,-1,4878,4879,4872,-1,4872,4879,4880,-1,4872,4880,4873,-1,4871,4870,4878,-1,4878,4870,4881,-1,4878,4881,4876,-1,4882,4883,4884,-1,4884,4883,4885,-1,4869,4871,4884,-1,4884,4871,4886,-1,4884,4886,4882,-1,4834,4832,4835,-1,4835,4832,4833,-1,4835,4833,4875,-1,4887,4888,4889,-1,4889,4888,4890,-1,4889,4890,4891,-1,4891,4890,4892,-1,4891,4892,4893,-1,4894,4895,4892,-1,4892,4895,4896,-1,4892,4896,4893,-1,4883,4897,4885,-1,4885,4897,4898,-1,4885,4898,4889,-1,4889,4898,4899,-1,4889,4899,4887,-1,4851,4892,4890,-1,4851,4890,4859,-1,4859,4890,4888,-1,4859,4888,4860,-1,4860,4888,4887,-1,4860,4887,4861,-1,4861,4887,4899,-1,4861,4899,4862,-1,4862,4899,4898,-1,4862,4898,4863,-1,4863,4898,4897,-1,4863,4897,4864,-1,4864,4897,4883,-1,4864,4883,4856,-1,4857,4856,4882,-1,4882,4856,4883,-1,4857,4882,4886,-1,4857,4886,4847,-1,4847,4886,4871,-1,4847,4871,4845,-1,4845,4871,4878,-1,4845,4878,4839,-1,4839,4878,4872,-1,4839,4872,4841,-1,4841,4872,4874,-1,4841,4874,4844,-1,4844,4874,4875,-1,4844,4875,4858,-1,4858,4875,4833,-1,4858,4833,4831,-1,4837,4835,4873,-1,4837,4873,4843,-1,4843,4873,4880,-1,4843,4880,4842,-1,4842,4880,4879,-1,4842,4879,4840,-1,4840,4879,4877,-1,4840,4877,4838,-1,4838,4877,4876,-1,4838,4876,4852,-1,4852,4876,4881,-1,4852,4881,4853,-1,4854,4853,4870,-1,4870,4853,4881,-1,4854,4870,4869,-1,4854,4869,4846,-1,4846,4869,4884,-1,4846,4884,4848,-1,4848,4884,4885,-1,4848,4885,4855,-1,4855,4885,4889,-1,4855,4889,4849,-1,4849,4889,4891,-1,4849,4891,4850,-1,4850,4891,4893,-1,4850,4893,4868,-1,4868,4893,4896,-1,4868,4896,4867,-1,4865,4867,4895,-1,4895,4867,4896,-1,4866,4865,4894,-1,4894,4865,4895,-1,4851,4866,4892,-1,4892,4866,4894,-1,4900,4901,4902,-1,4902,4901,4903,-1,4904,4905,4906,-1,4906,4905,4907,-1,4908,4909,4910,-1,4911,4912,4913,-1,4913,4912,4901,-1,4913,4901,4914,-1,4915,4916,4917,-1,4917,4916,4918,-1,4917,4918,4911,-1,4911,4918,4919,-1,4911,4919,4912,-1,4910,4909,4917,-1,4917,4909,4920,-1,4917,4920,4915,-1,4921,4922,4923,-1,4923,4922,4924,-1,4908,4910,4923,-1,4923,4910,4925,-1,4923,4925,4921,-1,4900,4906,4901,-1,4901,4906,4907,-1,4901,4907,4914,-1,4926,4927,4928,-1,4928,4927,4929,-1,4928,4929,4930,-1,4930,4929,4931,-1,4930,4931,4932,-1,4933,4934,4931,-1,4931,4934,4935,-1,4931,4935,4932,-1,4922,4936,4924,-1,4924,4936,4937,-1,4924,4937,4928,-1,4928,4937,4938,-1,4928,4938,4926,-1,4939,4940,4941,-1,4941,4940,4942,-1,4941,4942,4943,-1,4943,4942,4944,-1,4944,4942,4945,-1,4944,4945,4903,-1,4946,4947,4948,-1,4948,4947,4949,-1,4939,4950,4940,-1,4940,4950,4951,-1,4940,4951,4946,-1,4946,4951,4952,-1,4946,4952,4947,-1,4953,4954,4955,-1,4904,4902,4905,-1,4905,4902,4903,-1,4905,4903,4956,-1,4956,4903,4945,-1,4957,4958,4949,-1,4949,4958,4959,-1,4949,4959,4948,-1,4955,4960,4953,-1,4953,4960,4961,-1,4953,4961,4962,-1,4962,4963,4953,-1,4953,4963,4964,-1,4953,4964,4957,-1,4957,4964,4965,-1,4957,4965,4958,-1,4966,4967,4968,-1,4968,4967,4955,-1,4968,4955,4969,-1,4969,4955,4954,-1,4922,4958,4965,-1,4922,4965,4936,-1,4936,4965,4964,-1,4936,4964,4937,-1,4937,4964,4963,-1,4937,4963,4938,-1,4938,4963,4962,-1,4938,4962,4926,-1,4926,4962,4961,-1,4926,4961,4927,-1,4927,4961,4960,-1,4927,4960,4929,-1,4929,4960,4955,-1,4929,4955,4931,-1,4933,4931,4967,-1,4967,4931,4955,-1,4934,4933,4966,-1,4966,4933,4967,-1,4935,4934,4968,-1,4968,4934,4966,-1,4935,4968,4969,-1,4935,4969,4932,-1,4932,4969,4954,-1,4932,4954,4930,-1,4930,4954,4953,-1,4930,4953,4928,-1,4928,4953,4957,-1,4928,4957,4924,-1,4924,4957,4949,-1,4924,4949,4923,-1,4923,4949,4947,-1,4923,4947,4908,-1,4908,4947,4952,-1,4908,4952,4909,-1,4920,4909,4951,-1,4951,4909,4952,-1,4920,4951,4950,-1,4920,4950,4915,-1,4915,4950,4939,-1,4915,4939,4916,-1,4916,4939,4941,-1,4916,4941,4918,-1,4918,4941,4943,-1,4918,4943,4919,-1,4919,4943,4944,-1,4919,4944,4912,-1,4912,4944,4903,-1,4912,4903,4901,-1,4907,4905,4956,-1,4907,4956,4914,-1,4914,4956,4945,-1,4914,4945,4913,-1,4913,4945,4942,-1,4913,4942,4911,-1,4911,4942,4940,-1,4911,4940,4917,-1,4917,4940,4946,-1,4917,4946,4910,-1,4910,4946,4948,-1,4910,4948,4925,-1,4925,4948,4959,-1,4925,4959,4921,-1,4922,4921,4958,-1,4958,4921,4959,-1,4970,4971,4972,-1,4972,4971,4973,-1,4974,4975,4976,-1,4976,4975,4977,-1,4978,4979,4980,-1,4980,4979,4981,-1,4980,4981,4982,-1,4982,4981,4983,-1,4983,4981,4984,-1,4983,4984,4977,-1,4985,4986,4987,-1,4987,4986,4988,-1,4989,4990,4991,-1,4978,4992,4979,-1,4979,4992,4993,-1,4979,4993,4985,-1,4985,4993,4994,-1,4985,4994,4986,-1,4995,4996,4988,-1,4988,4996,4997,-1,4988,4997,4987,-1,4970,4976,4971,-1,4971,4976,4977,-1,4971,4977,4998,-1,4998,4977,4984,-1,4991,4999,4989,-1,4989,4999,5000,-1,4989,5000,5001,-1,5001,5002,4989,-1,4989,5002,5003,-1,4989,5003,4995,-1,4995,5003,5004,-1,4995,5004,4996,-1,5005,5006,5007,-1,5007,5006,4991,-1,5007,4991,5008,-1,5008,4991,4990,-1,5009,5010,5011,-1,5012,5013,5014,-1,5014,5013,4975,-1,5014,4975,5015,-1,5016,5017,5018,-1,5018,5017,5019,-1,5018,5019,5012,-1,5012,5019,5020,-1,5012,5020,5013,-1,5011,5010,5018,-1,5018,5010,5021,-1,5018,5021,5016,-1,5022,5023,5024,-1,5024,5023,5025,-1,5009,5011,5024,-1,5024,5011,5026,-1,5024,5026,5022,-1,4974,4972,4975,-1,4975,4972,4973,-1,4975,4973,5015,-1,5027,5028,5029,-1,5029,5028,5030,-1,5029,5030,5031,-1,5031,5030,5032,-1,5031,5032,5033,-1,5034,5035,5032,-1,5032,5035,5036,-1,5032,5036,5033,-1,5023,5037,5025,-1,5025,5037,5038,-1,5025,5038,5029,-1,5029,5038,5039,-1,5029,5039,5027,-1,4991,5032,5030,-1,4991,5030,4999,-1,4999,5030,5028,-1,4999,5028,5000,-1,5000,5028,5027,-1,5000,5027,5001,-1,5001,5027,5039,-1,5001,5039,5002,-1,5002,5039,5038,-1,5002,5038,5003,-1,5003,5038,5037,-1,5003,5037,5004,-1,5004,5037,5023,-1,5004,5023,4996,-1,4997,4996,5022,-1,5022,4996,5023,-1,4997,5022,5026,-1,4997,5026,4987,-1,4987,5026,5011,-1,4987,5011,4985,-1,4985,5011,5018,-1,4985,5018,4979,-1,4979,5018,5012,-1,4979,5012,4981,-1,4981,5012,5014,-1,4981,5014,4984,-1,4984,5014,5015,-1,4984,5015,4998,-1,4998,5015,4973,-1,4998,4973,4971,-1,4977,4975,5013,-1,4977,5013,4983,-1,4983,5013,5020,-1,4983,5020,4982,-1,4982,5020,5019,-1,4982,5019,4980,-1,4980,5019,5017,-1,4980,5017,4978,-1,4978,5017,5016,-1,4978,5016,4992,-1,4992,5016,5021,-1,4992,5021,4993,-1,4994,4993,5010,-1,5010,4993,5021,-1,4994,5010,5009,-1,4994,5009,4986,-1,4986,5009,5024,-1,4986,5024,4988,-1,4988,5024,5025,-1,4988,5025,4995,-1,4995,5025,5029,-1,4995,5029,4989,-1,4989,5029,5031,-1,4989,5031,4990,-1,4990,5031,5033,-1,4990,5033,5008,-1,5008,5033,5036,-1,5008,5036,5007,-1,5005,5007,5035,-1,5035,5007,5036,-1,5006,5005,5034,-1,5034,5005,5035,-1,4991,5006,5032,-1,5032,5006,5034,-1,5040,5041,5042,-1,5042,5041,5043,-1,5044,5045,5046,-1,5046,5045,5047,-1,5048,5049,5050,-1,5051,5052,5053,-1,5053,5052,5041,-1,5053,5041,5054,-1,5055,5056,5057,-1,5057,5056,5058,-1,5057,5058,5051,-1,5051,5058,5059,-1,5051,5059,5052,-1,5050,5049,5057,-1,5057,5049,5060,-1,5057,5060,5055,-1,5061,5062,5063,-1,5063,5062,5064,-1,5048,5050,5063,-1,5063,5050,5065,-1,5063,5065,5061,-1,5040,5046,5041,-1,5041,5046,5047,-1,5041,5047,5054,-1,5066,5067,5068,-1,5068,5067,5069,-1,5068,5069,5070,-1,5070,5069,5071,-1,5070,5071,5072,-1,5073,5074,5071,-1,5071,5074,5075,-1,5071,5075,5072,-1,5062,5076,5064,-1,5064,5076,5077,-1,5064,5077,5068,-1,5068,5077,5078,-1,5068,5078,5066,-1,5079,5080,5081,-1,5081,5080,5082,-1,5081,5082,5083,-1,5083,5082,5084,-1,5084,5082,5085,-1,5084,5085,5043,-1,5086,5087,5088,-1,5088,5087,5089,-1,5079,5090,5080,-1,5080,5090,5091,-1,5080,5091,5086,-1,5086,5091,5092,-1,5086,5092,5087,-1,5093,5094,5095,-1,5044,5042,5045,-1,5045,5042,5043,-1,5045,5043,5096,-1,5096,5043,5085,-1,5097,5098,5089,-1,5089,5098,5099,-1,5089,5099,5088,-1,5095,5100,5093,-1,5093,5100,5101,-1,5093,5101,5102,-1,5102,5103,5093,-1,5093,5103,5104,-1,5093,5104,5097,-1,5097,5104,5105,-1,5097,5105,5098,-1,5106,5107,5108,-1,5108,5107,5095,-1,5108,5095,5109,-1,5109,5095,5094,-1,5062,5098,5105,-1,5062,5105,5076,-1,5076,5105,5104,-1,5076,5104,5077,-1,5077,5104,5103,-1,5077,5103,5078,-1,5078,5103,5102,-1,5078,5102,5066,-1,5066,5102,5101,-1,5066,5101,5067,-1,5067,5101,5100,-1,5067,5100,5069,-1,5069,5100,5095,-1,5069,5095,5071,-1,5073,5071,5107,-1,5107,5071,5095,-1,5074,5073,5106,-1,5106,5073,5107,-1,5075,5074,5108,-1,5108,5074,5106,-1,5075,5108,5109,-1,5075,5109,5072,-1,5072,5109,5094,-1,5072,5094,5070,-1,5070,5094,5093,-1,5070,5093,5068,-1,5068,5093,5097,-1,5068,5097,5064,-1,5064,5097,5089,-1,5064,5089,5063,-1,5063,5089,5087,-1,5063,5087,5048,-1,5048,5087,5092,-1,5048,5092,5049,-1,5060,5049,5091,-1,5091,5049,5092,-1,5060,5091,5090,-1,5060,5090,5055,-1,5055,5090,5079,-1,5055,5079,5056,-1,5056,5079,5081,-1,5056,5081,5058,-1,5058,5081,5083,-1,5058,5083,5059,-1,5059,5083,5084,-1,5059,5084,5052,-1,5052,5084,5043,-1,5052,5043,5041,-1,5047,5045,5096,-1,5047,5096,5054,-1,5054,5096,5085,-1,5054,5085,5053,-1,5053,5085,5082,-1,5053,5082,5051,-1,5051,5082,5080,-1,5051,5080,5057,-1,5057,5080,5086,-1,5057,5086,5050,-1,5050,5086,5088,-1,5050,5088,5065,-1,5065,5088,5099,-1,5065,5099,5061,-1,5062,5061,5098,-1,5098,5061,5099,-1,5110,5111,5112,-1,5112,5111,5113,-1,5114,5115,5116,-1,5116,5115,5117,-1,5118,5119,5120,-1,5120,5119,5121,-1,5120,5121,5122,-1,5122,5121,5123,-1,5123,5121,5124,-1,5123,5124,5117,-1,5125,5126,5127,-1,5127,5126,5128,-1,5129,5130,5131,-1,5118,5132,5119,-1,5119,5132,5133,-1,5119,5133,5125,-1,5125,5133,5134,-1,5125,5134,5126,-1,5135,5136,5128,-1,5128,5136,5137,-1,5128,5137,5127,-1,5110,5116,5111,-1,5111,5116,5117,-1,5111,5117,5138,-1,5138,5117,5124,-1,5131,5139,5129,-1,5129,5139,5140,-1,5129,5140,5141,-1,5141,5142,5129,-1,5129,5142,5143,-1,5129,5143,5135,-1,5135,5143,5144,-1,5135,5144,5136,-1,5145,5146,5147,-1,5147,5146,5131,-1,5147,5131,5148,-1,5148,5131,5130,-1,5149,5150,5151,-1,5152,5153,5154,-1,5154,5153,5115,-1,5154,5115,5155,-1,5156,5157,5158,-1,5158,5157,5159,-1,5158,5159,5152,-1,5152,5159,5160,-1,5152,5160,5153,-1,5151,5150,5158,-1,5158,5150,5161,-1,5158,5161,5156,-1,5162,5163,5164,-1,5164,5163,5165,-1,5149,5151,5164,-1,5164,5151,5166,-1,5164,5166,5162,-1,5114,5112,5115,-1,5115,5112,5113,-1,5115,5113,5155,-1,5167,5168,5169,-1,5169,5168,5170,-1,5169,5170,5171,-1,5171,5170,5172,-1,5171,5172,5173,-1,5174,5175,5172,-1,5172,5175,5176,-1,5172,5176,5173,-1,5163,5177,5165,-1,5165,5177,5178,-1,5165,5178,5169,-1,5169,5178,5179,-1,5169,5179,5167,-1,5131,5172,5170,-1,5131,5170,5139,-1,5139,5170,5168,-1,5139,5168,5140,-1,5140,5168,5167,-1,5140,5167,5141,-1,5141,5167,5179,-1,5141,5179,5142,-1,5142,5179,5178,-1,5142,5178,5143,-1,5143,5178,5177,-1,5143,5177,5144,-1,5144,5177,5163,-1,5144,5163,5136,-1,5137,5136,5162,-1,5162,5136,5163,-1,5137,5162,5166,-1,5137,5166,5127,-1,5127,5166,5151,-1,5127,5151,5125,-1,5125,5151,5158,-1,5125,5158,5119,-1,5119,5158,5152,-1,5119,5152,5121,-1,5121,5152,5154,-1,5121,5154,5124,-1,5124,5154,5155,-1,5124,5155,5138,-1,5138,5155,5113,-1,5138,5113,5111,-1,5117,5115,5153,-1,5117,5153,5123,-1,5123,5153,5160,-1,5123,5160,5122,-1,5122,5160,5159,-1,5122,5159,5120,-1,5120,5159,5157,-1,5120,5157,5118,-1,5118,5157,5156,-1,5118,5156,5132,-1,5132,5156,5161,-1,5132,5161,5133,-1,5134,5133,5150,-1,5150,5133,5161,-1,5134,5150,5149,-1,5134,5149,5126,-1,5126,5149,5164,-1,5126,5164,5128,-1,5128,5164,5165,-1,5128,5165,5135,-1,5135,5165,5169,-1,5135,5169,5129,-1,5129,5169,5171,-1,5129,5171,5130,-1,5130,5171,5173,-1,5130,5173,5148,-1,5148,5173,5176,-1,5148,5176,5147,-1,5145,5147,5175,-1,5175,5147,5176,-1,5146,5145,5174,-1,5174,5145,5175,-1,5131,5146,5172,-1,5172,5146,5174,-1,5180,5181,5182,-1,5182,5181,5183,-1,5184,5185,5186,-1,5186,5185,5187,-1,5188,5189,5190,-1,5191,5192,5193,-1,5193,5192,5181,-1,5193,5181,5194,-1,5195,5196,5197,-1,5197,5196,5198,-1,5197,5198,5191,-1,5191,5198,5199,-1,5191,5199,5192,-1,5190,5189,5197,-1,5197,5189,5200,-1,5197,5200,5195,-1,5201,5202,5203,-1,5203,5202,5204,-1,5188,5190,5203,-1,5203,5190,5205,-1,5203,5205,5201,-1,5180,5186,5181,-1,5181,5186,5187,-1,5181,5187,5194,-1,5206,5207,5208,-1,5208,5207,5209,-1,5208,5209,5210,-1,5210,5209,5211,-1,5210,5211,5212,-1,5213,5214,5211,-1,5211,5214,5215,-1,5211,5215,5212,-1,5202,5216,5204,-1,5204,5216,5217,-1,5204,5217,5208,-1,5208,5217,5218,-1,5208,5218,5206,-1,5219,5220,5221,-1,5221,5220,5222,-1,5221,5222,5223,-1,5223,5222,5224,-1,5224,5222,5225,-1,5224,5225,5183,-1,5226,5227,5228,-1,5228,5227,5229,-1,5219,5230,5220,-1,5220,5230,5231,-1,5220,5231,5226,-1,5226,5231,5232,-1,5226,5232,5227,-1,5233,5234,5235,-1,5184,5182,5185,-1,5185,5182,5183,-1,5185,5183,5236,-1,5236,5183,5225,-1,5237,5238,5229,-1,5229,5238,5239,-1,5229,5239,5228,-1,5235,5240,5233,-1,5233,5240,5241,-1,5233,5241,5242,-1,5242,5243,5233,-1,5233,5243,5244,-1,5233,5244,5237,-1,5237,5244,5245,-1,5237,5245,5238,-1,5246,5247,5248,-1,5248,5247,5235,-1,5248,5235,5249,-1,5249,5235,5234,-1,5202,5238,5245,-1,5202,5245,5216,-1,5216,5245,5244,-1,5216,5244,5217,-1,5217,5244,5243,-1,5217,5243,5218,-1,5218,5243,5242,-1,5218,5242,5206,-1,5206,5242,5241,-1,5206,5241,5207,-1,5207,5241,5240,-1,5207,5240,5209,-1,5209,5240,5235,-1,5209,5235,5211,-1,5213,5211,5247,-1,5247,5211,5235,-1,5214,5213,5246,-1,5246,5213,5247,-1,5215,5214,5248,-1,5248,5214,5246,-1,5215,5248,5249,-1,5215,5249,5212,-1,5212,5249,5234,-1,5212,5234,5210,-1,5210,5234,5233,-1,5210,5233,5208,-1,5208,5233,5237,-1,5208,5237,5204,-1,5204,5237,5229,-1,5204,5229,5203,-1,5203,5229,5227,-1,5203,5227,5188,-1,5188,5227,5232,-1,5188,5232,5189,-1,5200,5189,5231,-1,5231,5189,5232,-1,5200,5231,5230,-1,5200,5230,5195,-1,5195,5230,5219,-1,5195,5219,5196,-1,5196,5219,5221,-1,5196,5221,5198,-1,5198,5221,5223,-1,5198,5223,5199,-1,5199,5223,5224,-1,5199,5224,5192,-1,5192,5224,5183,-1,5192,5183,5181,-1,5187,5185,5236,-1,5187,5236,5194,-1,5194,5236,5225,-1,5194,5225,5193,-1,5193,5225,5222,-1,5193,5222,5191,-1,5191,5222,5220,-1,5191,5220,5197,-1,5197,5220,5226,-1,5197,5226,5190,-1,5190,5226,5228,-1,5190,5228,5205,-1,5205,5228,5239,-1,5205,5239,5201,-1,5202,5201,5238,-1,5238,5201,5239,-1,5250,5251,5252,-1,5252,5251,5253,-1,5254,5255,5256,-1,5256,5255,5257,-1,5258,5259,5260,-1,5260,5259,5261,-1,5260,5261,5262,-1,5262,5261,5263,-1,5263,5261,5264,-1,5263,5264,5257,-1,5265,5266,5267,-1,5267,5266,5268,-1,5269,5270,5271,-1,5258,5272,5259,-1,5259,5272,5273,-1,5259,5273,5265,-1,5265,5273,5274,-1,5265,5274,5266,-1,5275,5276,5268,-1,5268,5276,5277,-1,5268,5277,5267,-1,5250,5256,5251,-1,5251,5256,5257,-1,5251,5257,5278,-1,5278,5257,5264,-1,5271,5279,5269,-1,5269,5279,5280,-1,5269,5280,5281,-1,5281,5282,5269,-1,5269,5282,5283,-1,5269,5283,5275,-1,5275,5283,5284,-1,5275,5284,5276,-1,5285,5286,5287,-1,5287,5286,5271,-1,5287,5271,5288,-1,5288,5271,5270,-1,5289,5290,5291,-1,5292,5293,5294,-1,5294,5293,5255,-1,5294,5255,5295,-1,5296,5297,5298,-1,5298,5297,5299,-1,5298,5299,5292,-1,5292,5299,5300,-1,5292,5300,5293,-1,5291,5290,5298,-1,5298,5290,5301,-1,5298,5301,5296,-1,5302,5303,5304,-1,5304,5303,5305,-1,5289,5291,5304,-1,5304,5291,5306,-1,5304,5306,5302,-1,5254,5252,5255,-1,5255,5252,5253,-1,5255,5253,5295,-1,5307,5308,5309,-1,5309,5308,5310,-1,5309,5310,5311,-1,5311,5310,5312,-1,5311,5312,5313,-1,5314,5315,5312,-1,5312,5315,5316,-1,5312,5316,5313,-1,5303,5317,5305,-1,5305,5317,5318,-1,5305,5318,5309,-1,5309,5318,5319,-1,5309,5319,5307,-1,5271,5312,5310,-1,5271,5310,5279,-1,5279,5310,5308,-1,5279,5308,5280,-1,5280,5308,5307,-1,5280,5307,5281,-1,5281,5307,5319,-1,5281,5319,5282,-1,5282,5319,5318,-1,5282,5318,5283,-1,5283,5318,5317,-1,5283,5317,5284,-1,5284,5317,5303,-1,5284,5303,5276,-1,5277,5276,5302,-1,5302,5276,5303,-1,5277,5302,5306,-1,5277,5306,5267,-1,5267,5306,5291,-1,5267,5291,5265,-1,5265,5291,5298,-1,5265,5298,5259,-1,5259,5298,5292,-1,5259,5292,5261,-1,5261,5292,5294,-1,5261,5294,5264,-1,5264,5294,5295,-1,5264,5295,5278,-1,5278,5295,5253,-1,5278,5253,5251,-1,5257,5255,5293,-1,5257,5293,5263,-1,5263,5293,5300,-1,5263,5300,5262,-1,5262,5300,5299,-1,5262,5299,5260,-1,5260,5299,5297,-1,5260,5297,5258,-1,5258,5297,5296,-1,5258,5296,5272,-1,5272,5296,5301,-1,5272,5301,5273,-1,5274,5273,5290,-1,5290,5273,5301,-1,5274,5290,5289,-1,5274,5289,5266,-1,5266,5289,5304,-1,5266,5304,5268,-1,5268,5304,5305,-1,5268,5305,5275,-1,5275,5305,5309,-1,5275,5309,5269,-1,5269,5309,5311,-1,5269,5311,5270,-1,5270,5311,5313,-1,5270,5313,5288,-1,5288,5313,5316,-1,5288,5316,5287,-1,5285,5287,5315,-1,5315,5287,5316,-1,5286,5285,5314,-1,5314,5285,5315,-1,5271,5286,5312,-1,5312,5286,5314,-1,5320,5321,5322,-1,5322,5321,5323,-1,5324,5325,5326,-1,5326,5325,5327,-1,5328,5329,5330,-1,5331,5332,5333,-1,5333,5332,5321,-1,5333,5321,5334,-1,5335,5336,5337,-1,5337,5336,5338,-1,5337,5338,5331,-1,5331,5338,5339,-1,5331,5339,5332,-1,5330,5329,5337,-1,5337,5329,5340,-1,5337,5340,5335,-1,5341,5342,5343,-1,5343,5342,5344,-1,5328,5330,5343,-1,5343,5330,5345,-1,5343,5345,5341,-1,5320,5326,5321,-1,5321,5326,5327,-1,5321,5327,5334,-1,5346,5347,5348,-1,5348,5347,5349,-1,5348,5349,5350,-1,5350,5349,5351,-1,5350,5351,5352,-1,5353,5354,5351,-1,5351,5354,5355,-1,5351,5355,5352,-1,5342,5356,5344,-1,5344,5356,5357,-1,5344,5357,5348,-1,5348,5357,5358,-1,5348,5358,5346,-1,5359,5360,5361,-1,5361,5360,5362,-1,5361,5362,5363,-1,5363,5362,5364,-1,5364,5362,5365,-1,5364,5365,5323,-1,5366,5367,5368,-1,5368,5367,5369,-1,5359,5370,5360,-1,5360,5370,5371,-1,5360,5371,5366,-1,5366,5371,5372,-1,5366,5372,5367,-1,5373,5374,5375,-1,5324,5322,5325,-1,5325,5322,5323,-1,5325,5323,5376,-1,5376,5323,5365,-1,5377,5378,5369,-1,5369,5378,5379,-1,5369,5379,5368,-1,5375,5380,5373,-1,5373,5380,5381,-1,5373,5381,5382,-1,5382,5383,5373,-1,5373,5383,5384,-1,5373,5384,5377,-1,5377,5384,5385,-1,5377,5385,5378,-1,5386,5387,5388,-1,5388,5387,5375,-1,5388,5375,5389,-1,5389,5375,5374,-1,5342,5378,5385,-1,5342,5385,5356,-1,5356,5385,5384,-1,5356,5384,5357,-1,5357,5384,5383,-1,5357,5383,5358,-1,5358,5383,5382,-1,5358,5382,5346,-1,5346,5382,5381,-1,5346,5381,5347,-1,5347,5381,5380,-1,5347,5380,5349,-1,5349,5380,5375,-1,5349,5375,5351,-1,5353,5351,5387,-1,5387,5351,5375,-1,5354,5353,5386,-1,5386,5353,5387,-1,5355,5354,5388,-1,5388,5354,5386,-1,5355,5388,5389,-1,5355,5389,5352,-1,5352,5389,5374,-1,5352,5374,5350,-1,5350,5374,5373,-1,5350,5373,5348,-1,5348,5373,5377,-1,5348,5377,5344,-1,5344,5377,5369,-1,5344,5369,5343,-1,5343,5369,5367,-1,5343,5367,5328,-1,5328,5367,5372,-1,5328,5372,5329,-1,5340,5329,5371,-1,5371,5329,5372,-1,5340,5371,5370,-1,5340,5370,5335,-1,5335,5370,5359,-1,5335,5359,5336,-1,5336,5359,5361,-1,5336,5361,5338,-1,5338,5361,5363,-1,5338,5363,5339,-1,5339,5363,5364,-1,5339,5364,5332,-1,5332,5364,5323,-1,5332,5323,5321,-1,5327,5325,5376,-1,5327,5376,5334,-1,5334,5376,5365,-1,5334,5365,5333,-1,5333,5365,5362,-1,5333,5362,5331,-1,5331,5362,5360,-1,5331,5360,5337,-1,5337,5360,5366,-1,5337,5366,5330,-1,5330,5366,5368,-1,5330,5368,5345,-1,5345,5368,5379,-1,5345,5379,5341,-1,5342,5341,5378,-1,5378,5341,5379,-1,5390,5391,5392,-1,5392,5391,5393,-1,5394,5395,5396,-1,5396,5395,5397,-1,5398,5399,5400,-1,5400,5399,5401,-1,5400,5401,5402,-1,5402,5401,5403,-1,5403,5401,5404,-1,5403,5404,5397,-1,5405,5406,5407,-1,5407,5406,5408,-1,5409,5410,5411,-1,5398,5412,5399,-1,5399,5412,5413,-1,5399,5413,5405,-1,5405,5413,5414,-1,5405,5414,5406,-1,5415,5416,5408,-1,5408,5416,5417,-1,5408,5417,5407,-1,5390,5396,5391,-1,5391,5396,5397,-1,5391,5397,5418,-1,5418,5397,5404,-1,5411,5419,5409,-1,5409,5419,5420,-1,5409,5420,5421,-1,5421,5422,5409,-1,5409,5422,5423,-1,5409,5423,5415,-1,5415,5423,5424,-1,5415,5424,5416,-1,5425,5426,5427,-1,5427,5426,5411,-1,5427,5411,5428,-1,5428,5411,5410,-1,5429,5430,5431,-1,5432,5433,5434,-1,5434,5433,5395,-1,5434,5395,5435,-1,5436,5437,5438,-1,5438,5437,5439,-1,5438,5439,5432,-1,5432,5439,5440,-1,5432,5440,5433,-1,5431,5430,5438,-1,5438,5430,5441,-1,5438,5441,5436,-1,5442,5443,5444,-1,5444,5443,5445,-1,5429,5431,5444,-1,5444,5431,5446,-1,5444,5446,5442,-1,5394,5392,5395,-1,5395,5392,5393,-1,5395,5393,5435,-1,5447,5448,5449,-1,5449,5448,5450,-1,5449,5450,5451,-1,5451,5450,5452,-1,5451,5452,5453,-1,5454,5455,5452,-1,5452,5455,5456,-1,5452,5456,5453,-1,5443,5457,5445,-1,5445,5457,5458,-1,5445,5458,5449,-1,5449,5458,5459,-1,5449,5459,5447,-1,5411,5452,5450,-1,5411,5450,5419,-1,5419,5450,5448,-1,5419,5448,5420,-1,5420,5448,5447,-1,5420,5447,5421,-1,5421,5447,5459,-1,5421,5459,5422,-1,5422,5459,5458,-1,5422,5458,5423,-1,5423,5458,5457,-1,5423,5457,5424,-1,5424,5457,5443,-1,5424,5443,5416,-1,5417,5416,5442,-1,5442,5416,5443,-1,5417,5442,5446,-1,5417,5446,5407,-1,5407,5446,5431,-1,5407,5431,5405,-1,5405,5431,5438,-1,5405,5438,5399,-1,5399,5438,5432,-1,5399,5432,5401,-1,5401,5432,5434,-1,5401,5434,5404,-1,5404,5434,5435,-1,5404,5435,5418,-1,5418,5435,5393,-1,5418,5393,5391,-1,5397,5395,5433,-1,5397,5433,5403,-1,5403,5433,5440,-1,5403,5440,5402,-1,5402,5440,5439,-1,5402,5439,5400,-1,5400,5439,5437,-1,5400,5437,5398,-1,5398,5437,5436,-1,5398,5436,5412,-1,5412,5436,5441,-1,5412,5441,5413,-1,5414,5413,5430,-1,5430,5413,5441,-1,5414,5430,5429,-1,5414,5429,5406,-1,5406,5429,5444,-1,5406,5444,5408,-1,5408,5444,5445,-1,5408,5445,5415,-1,5415,5445,5449,-1,5415,5449,5409,-1,5409,5449,5451,-1,5409,5451,5410,-1,5410,5451,5453,-1,5410,5453,5428,-1,5428,5453,5456,-1,5428,5456,5427,-1,5425,5427,5455,-1,5455,5427,5456,-1,5426,5425,5454,-1,5454,5425,5455,-1,5411,5426,5452,-1,5452,5426,5454,-1,5460,5461,5462,-1,5462,5461,5463,-1,5464,5465,5466,-1,5466,5465,5467,-1,5468,5469,5470,-1,5471,5472,5473,-1,5473,5472,5461,-1,5473,5461,5474,-1,5475,5476,5477,-1,5477,5476,5478,-1,5477,5478,5471,-1,5471,5478,5479,-1,5471,5479,5472,-1,5470,5469,5477,-1,5477,5469,5480,-1,5477,5480,5475,-1,5481,5482,5483,-1,5483,5482,5484,-1,5468,5470,5483,-1,5483,5470,5485,-1,5483,5485,5481,-1,5460,5466,5461,-1,5461,5466,5467,-1,5461,5467,5474,-1,5486,5487,5488,-1,5488,5487,5489,-1,5488,5489,5490,-1,5490,5489,5491,-1,5490,5491,5492,-1,5493,5494,5491,-1,5491,5494,5495,-1,5491,5495,5492,-1,5482,5496,5484,-1,5484,5496,5497,-1,5484,5497,5488,-1,5488,5497,5498,-1,5488,5498,5486,-1,5499,5500,5501,-1,5501,5500,5502,-1,5501,5502,5503,-1,5503,5502,5504,-1,5504,5502,5505,-1,5504,5505,5463,-1,5506,5507,5508,-1,5508,5507,5509,-1,5499,5510,5500,-1,5500,5510,5511,-1,5500,5511,5506,-1,5506,5511,5512,-1,5506,5512,5507,-1,5513,5514,5515,-1,5464,5462,5465,-1,5465,5462,5463,-1,5465,5463,5516,-1,5516,5463,5505,-1,5517,5518,5509,-1,5509,5518,5519,-1,5509,5519,5508,-1,5515,5520,5513,-1,5513,5520,5521,-1,5513,5521,5522,-1,5522,5523,5513,-1,5513,5523,5524,-1,5513,5524,5517,-1,5517,5524,5525,-1,5517,5525,5518,-1,5526,5527,5528,-1,5528,5527,5515,-1,5528,5515,5529,-1,5529,5515,5514,-1,5482,5518,5525,-1,5482,5525,5496,-1,5496,5525,5524,-1,5496,5524,5497,-1,5497,5524,5523,-1,5497,5523,5498,-1,5498,5523,5522,-1,5498,5522,5486,-1,5486,5522,5521,-1,5486,5521,5487,-1,5487,5521,5520,-1,5487,5520,5489,-1,5489,5520,5515,-1,5489,5515,5491,-1,5493,5491,5527,-1,5527,5491,5515,-1,5494,5493,5526,-1,5526,5493,5527,-1,5495,5494,5528,-1,5528,5494,5526,-1,5495,5528,5529,-1,5495,5529,5492,-1,5492,5529,5514,-1,5492,5514,5490,-1,5490,5514,5513,-1,5490,5513,5488,-1,5488,5513,5517,-1,5488,5517,5484,-1,5484,5517,5509,-1,5484,5509,5483,-1,5483,5509,5507,-1,5483,5507,5468,-1,5468,5507,5512,-1,5468,5512,5469,-1,5480,5469,5511,-1,5511,5469,5512,-1,5480,5511,5510,-1,5480,5510,5475,-1,5475,5510,5499,-1,5475,5499,5476,-1,5476,5499,5501,-1,5476,5501,5478,-1,5478,5501,5503,-1,5478,5503,5479,-1,5479,5503,5504,-1,5479,5504,5472,-1,5472,5504,5463,-1,5472,5463,5461,-1,5467,5465,5516,-1,5467,5516,5474,-1,5474,5516,5505,-1,5474,5505,5473,-1,5473,5505,5502,-1,5473,5502,5471,-1,5471,5502,5500,-1,5471,5500,5477,-1,5477,5500,5506,-1,5477,5506,5470,-1,5470,5506,5508,-1,5470,5508,5485,-1,5485,5508,5519,-1,5485,5519,5481,-1,5482,5481,5518,-1,5518,5481,5519,-1,5530,5531,5532,-1,5532,5531,5533,-1,5534,5535,5536,-1,5536,5535,5537,-1,5538,5539,5540,-1,5540,5539,5541,-1,5540,5541,5542,-1,5542,5541,5543,-1,5543,5541,5544,-1,5543,5544,5537,-1,5545,5546,5547,-1,5547,5546,5548,-1,5549,5550,5551,-1,5538,5552,5539,-1,5539,5552,5553,-1,5539,5553,5545,-1,5545,5553,5554,-1,5545,5554,5546,-1,5555,5556,5548,-1,5548,5556,5557,-1,5548,5557,5547,-1,5530,5536,5531,-1,5531,5536,5537,-1,5531,5537,5558,-1,5558,5537,5544,-1,5551,5559,5549,-1,5549,5559,5560,-1,5549,5560,5561,-1,5561,5562,5549,-1,5549,5562,5563,-1,5549,5563,5555,-1,5555,5563,5564,-1,5555,5564,5556,-1,5565,5566,5567,-1,5567,5566,5551,-1,5567,5551,5568,-1,5568,5551,5550,-1,5569,5570,5571,-1,5572,5573,5574,-1,5574,5573,5535,-1,5574,5535,5575,-1,5576,5577,5578,-1,5578,5577,5579,-1,5578,5579,5572,-1,5572,5579,5580,-1,5572,5580,5573,-1,5571,5570,5578,-1,5578,5570,5581,-1,5578,5581,5576,-1,5582,5583,5584,-1,5584,5583,5585,-1,5569,5571,5584,-1,5584,5571,5586,-1,5584,5586,5582,-1,5534,5532,5535,-1,5535,5532,5533,-1,5535,5533,5575,-1,5587,5588,5589,-1,5589,5588,5590,-1,5589,5590,5591,-1,5591,5590,5592,-1,5591,5592,5593,-1,5594,5595,5592,-1,5592,5595,5596,-1,5592,5596,5593,-1,5583,5597,5585,-1,5585,5597,5598,-1,5585,5598,5589,-1,5589,5598,5599,-1,5589,5599,5587,-1,5551,5592,5590,-1,5551,5590,5559,-1,5559,5590,5588,-1,5559,5588,5560,-1,5560,5588,5587,-1,5560,5587,5561,-1,5561,5587,5599,-1,5561,5599,5562,-1,5562,5599,5598,-1,5562,5598,5563,-1,5563,5598,5597,-1,5563,5597,5564,-1,5564,5597,5583,-1,5564,5583,5556,-1,5557,5556,5582,-1,5582,5556,5583,-1,5557,5582,5586,-1,5557,5586,5547,-1,5547,5586,5571,-1,5547,5571,5545,-1,5545,5571,5578,-1,5545,5578,5539,-1,5539,5578,5572,-1,5539,5572,5541,-1,5541,5572,5574,-1,5541,5574,5544,-1,5544,5574,5575,-1,5544,5575,5558,-1,5558,5575,5533,-1,5558,5533,5531,-1,5537,5535,5573,-1,5537,5573,5543,-1,5543,5573,5580,-1,5543,5580,5542,-1,5542,5580,5579,-1,5542,5579,5540,-1,5540,5579,5577,-1,5540,5577,5538,-1,5538,5577,5576,-1,5538,5576,5552,-1,5552,5576,5581,-1,5552,5581,5553,-1,5554,5553,5570,-1,5570,5553,5581,-1,5554,5570,5569,-1,5554,5569,5546,-1,5546,5569,5584,-1,5546,5584,5548,-1,5548,5584,5585,-1,5548,5585,5555,-1,5555,5585,5589,-1,5555,5589,5549,-1,5549,5589,5591,-1,5549,5591,5550,-1,5550,5591,5593,-1,5550,5593,5568,-1,5568,5593,5596,-1,5568,5596,5567,-1,5565,5567,5595,-1,5595,5567,5596,-1,5566,5565,5594,-1,5594,5565,5595,-1,5551,5566,5592,-1,5592,5566,5594,-1,5600,5601,5602,-1,5602,5601,5603,-1,5604,5605,5606,-1,5606,5605,5607,-1,5608,5609,5610,-1,5611,5612,5613,-1,5613,5612,5601,-1,5613,5601,5614,-1,5615,5616,5617,-1,5617,5616,5618,-1,5617,5618,5611,-1,5611,5618,5619,-1,5611,5619,5612,-1,5610,5609,5617,-1,5617,5609,5620,-1,5617,5620,5615,-1,5621,5622,5623,-1,5623,5622,5624,-1,5608,5610,5623,-1,5623,5610,5625,-1,5623,5625,5621,-1,5600,5606,5601,-1,5601,5606,5607,-1,5601,5607,5614,-1,5626,5627,5628,-1,5628,5627,5629,-1,5628,5629,5630,-1,5630,5629,5631,-1,5630,5631,5632,-1,5633,5634,5631,-1,5631,5634,5635,-1,5631,5635,5632,-1,5622,5636,5624,-1,5624,5636,5637,-1,5624,5637,5628,-1,5628,5637,5638,-1,5628,5638,5626,-1,5639,5640,5641,-1,5641,5640,5642,-1,5641,5642,5643,-1,5643,5642,5644,-1,5644,5642,5645,-1,5644,5645,5603,-1,5646,5647,5648,-1,5648,5647,5649,-1,5639,5650,5640,-1,5640,5650,5651,-1,5640,5651,5646,-1,5646,5651,5652,-1,5646,5652,5647,-1,5653,5654,5655,-1,5604,5602,5605,-1,5605,5602,5603,-1,5605,5603,5656,-1,5656,5603,5645,-1,5657,5658,5649,-1,5649,5658,5659,-1,5649,5659,5648,-1,5655,5660,5653,-1,5653,5660,5661,-1,5653,5661,5662,-1,5662,5663,5653,-1,5653,5663,5664,-1,5653,5664,5657,-1,5657,5664,5665,-1,5657,5665,5658,-1,5666,5667,5668,-1,5668,5667,5655,-1,5668,5655,5669,-1,5669,5655,5654,-1,5622,5658,5665,-1,5622,5665,5636,-1,5636,5665,5664,-1,5636,5664,5637,-1,5637,5664,5663,-1,5637,5663,5638,-1,5638,5663,5662,-1,5638,5662,5626,-1,5626,5662,5661,-1,5626,5661,5627,-1,5627,5661,5660,-1,5627,5660,5629,-1,5629,5660,5655,-1,5629,5655,5631,-1,5633,5631,5667,-1,5667,5631,5655,-1,5634,5633,5666,-1,5666,5633,5667,-1,5635,5634,5668,-1,5668,5634,5666,-1,5635,5668,5669,-1,5635,5669,5632,-1,5632,5669,5654,-1,5632,5654,5630,-1,5630,5654,5653,-1,5630,5653,5628,-1,5628,5653,5657,-1,5628,5657,5624,-1,5624,5657,5649,-1,5624,5649,5623,-1,5623,5649,5647,-1,5623,5647,5608,-1,5608,5647,5652,-1,5608,5652,5609,-1,5620,5609,5651,-1,5651,5609,5652,-1,5620,5651,5650,-1,5620,5650,5615,-1,5615,5650,5639,-1,5615,5639,5616,-1,5616,5639,5641,-1,5616,5641,5618,-1,5618,5641,5643,-1,5618,5643,5619,-1,5619,5643,5644,-1,5619,5644,5612,-1,5612,5644,5603,-1,5612,5603,5601,-1,5607,5605,5656,-1,5607,5656,5614,-1,5614,5656,5645,-1,5614,5645,5613,-1,5613,5645,5642,-1,5613,5642,5611,-1,5611,5642,5640,-1,5611,5640,5617,-1,5617,5640,5646,-1,5617,5646,5610,-1,5610,5646,5648,-1,5610,5648,5625,-1,5625,5648,5659,-1,5625,5659,5621,-1,5622,5621,5658,-1,5658,5621,5659,-1,5670,5671,5672,-1,5672,5671,5673,-1,5674,5675,5676,-1,5676,5675,5677,-1,5678,5679,5680,-1,5680,5679,5681,-1,5680,5681,5682,-1,5682,5681,5683,-1,5683,5681,5684,-1,5683,5684,5677,-1,5685,5686,5687,-1,5687,5686,5688,-1,5689,5690,5691,-1,5678,5692,5679,-1,5679,5692,5693,-1,5679,5693,5685,-1,5685,5693,5694,-1,5685,5694,5686,-1,5695,5696,5688,-1,5688,5696,5697,-1,5688,5697,5687,-1,5670,5676,5671,-1,5671,5676,5677,-1,5671,5677,5698,-1,5698,5677,5684,-1,5691,5699,5689,-1,5689,5699,5700,-1,5689,5700,5701,-1,5701,5702,5689,-1,5689,5702,5703,-1,5689,5703,5695,-1,5695,5703,5704,-1,5695,5704,5696,-1,5705,5706,5707,-1,5707,5706,5691,-1,5707,5691,5708,-1,5708,5691,5690,-1,5709,5710,5711,-1,5712,5713,5714,-1,5714,5713,5675,-1,5714,5675,5715,-1,5716,5717,5718,-1,5718,5717,5719,-1,5718,5719,5712,-1,5712,5719,5720,-1,5712,5720,5713,-1,5711,5710,5718,-1,5718,5710,5721,-1,5718,5721,5716,-1,5722,5723,5724,-1,5724,5723,5725,-1,5709,5711,5724,-1,5724,5711,5726,-1,5724,5726,5722,-1,5674,5672,5675,-1,5675,5672,5673,-1,5675,5673,5715,-1,5727,5728,5729,-1,5729,5728,5730,-1,5729,5730,5731,-1,5731,5730,5732,-1,5731,5732,5733,-1,5734,5735,5732,-1,5732,5735,5736,-1,5732,5736,5733,-1,5723,5737,5725,-1,5725,5737,5738,-1,5725,5738,5729,-1,5729,5738,5739,-1,5729,5739,5727,-1,5691,5732,5730,-1,5691,5730,5699,-1,5699,5730,5728,-1,5699,5728,5700,-1,5700,5728,5727,-1,5700,5727,5701,-1,5701,5727,5739,-1,5701,5739,5702,-1,5702,5739,5738,-1,5702,5738,5703,-1,5703,5738,5737,-1,5703,5737,5704,-1,5704,5737,5723,-1,5704,5723,5696,-1,5697,5696,5722,-1,5722,5696,5723,-1,5697,5722,5726,-1,5697,5726,5687,-1,5687,5726,5711,-1,5687,5711,5685,-1,5685,5711,5718,-1,5685,5718,5679,-1,5679,5718,5712,-1,5679,5712,5681,-1,5681,5712,5714,-1,5681,5714,5684,-1,5684,5714,5715,-1,5684,5715,5698,-1,5698,5715,5673,-1,5698,5673,5671,-1,5677,5675,5713,-1,5677,5713,5683,-1,5683,5713,5720,-1,5683,5720,5682,-1,5682,5720,5719,-1,5682,5719,5680,-1,5680,5719,5717,-1,5680,5717,5678,-1,5678,5717,5716,-1,5678,5716,5692,-1,5692,5716,5721,-1,5692,5721,5693,-1,5694,5693,5710,-1,5710,5693,5721,-1,5694,5710,5709,-1,5694,5709,5686,-1,5686,5709,5724,-1,5686,5724,5688,-1,5688,5724,5725,-1,5688,5725,5695,-1,5695,5725,5729,-1,5695,5729,5689,-1,5689,5729,5731,-1,5689,5731,5690,-1,5690,5731,5733,-1,5690,5733,5708,-1,5708,5733,5736,-1,5708,5736,5707,-1,5705,5707,5735,-1,5735,5707,5736,-1,5706,5705,5734,-1,5734,5705,5735,-1,5691,5706,5732,-1,5732,5706,5734,-1,5740,5741,5742,-1,5742,5741,5743,-1,5744,5745,5746,-1,5746,5745,5747,-1,5748,5749,5750,-1,5751,5752,5753,-1,5753,5752,5741,-1,5753,5741,5754,-1,5755,5756,5757,-1,5757,5756,5758,-1,5757,5758,5751,-1,5751,5758,5759,-1,5751,5759,5752,-1,5750,5749,5757,-1,5757,5749,5760,-1,5757,5760,5755,-1,5761,5762,5763,-1,5763,5762,5764,-1,5748,5750,5763,-1,5763,5750,5765,-1,5763,5765,5761,-1,5740,5746,5741,-1,5741,5746,5747,-1,5741,5747,5754,-1,5766,5767,5768,-1,5768,5767,5769,-1,5768,5769,5770,-1,5770,5769,5771,-1,5770,5771,5772,-1,5773,5774,5771,-1,5771,5774,5775,-1,5771,5775,5772,-1,5762,5776,5764,-1,5764,5776,5777,-1,5764,5777,5768,-1,5768,5777,5778,-1,5768,5778,5766,-1,5779,5780,5781,-1,5781,5780,5782,-1,5781,5782,5783,-1,5783,5782,5784,-1,5784,5782,5785,-1,5784,5785,5743,-1,5786,5787,5788,-1,5788,5787,5789,-1,5779,5790,5780,-1,5780,5790,5791,-1,5780,5791,5786,-1,5786,5791,5792,-1,5786,5792,5787,-1,5793,5794,5795,-1,5744,5742,5745,-1,5745,5742,5743,-1,5745,5743,5796,-1,5796,5743,5785,-1,5797,5798,5789,-1,5789,5798,5799,-1,5789,5799,5788,-1,5795,5800,5793,-1,5793,5800,5801,-1,5793,5801,5802,-1,5802,5803,5793,-1,5793,5803,5804,-1,5793,5804,5797,-1,5797,5804,5805,-1,5797,5805,5798,-1,5806,5807,5808,-1,5808,5807,5795,-1,5808,5795,5809,-1,5809,5795,5794,-1,5762,5798,5805,-1,5762,5805,5776,-1,5776,5805,5804,-1,5776,5804,5777,-1,5777,5804,5803,-1,5777,5803,5778,-1,5778,5803,5802,-1,5778,5802,5766,-1,5766,5802,5801,-1,5766,5801,5767,-1,5767,5801,5800,-1,5767,5800,5769,-1,5769,5800,5795,-1,5769,5795,5771,-1,5773,5771,5807,-1,5807,5771,5795,-1,5774,5773,5806,-1,5806,5773,5807,-1,5775,5774,5808,-1,5808,5774,5806,-1,5775,5808,5809,-1,5775,5809,5772,-1,5772,5809,5794,-1,5772,5794,5770,-1,5770,5794,5793,-1,5770,5793,5768,-1,5768,5793,5797,-1,5768,5797,5764,-1,5764,5797,5789,-1,5764,5789,5763,-1,5763,5789,5787,-1,5763,5787,5748,-1,5748,5787,5792,-1,5748,5792,5749,-1,5760,5749,5791,-1,5791,5749,5792,-1,5760,5791,5790,-1,5760,5790,5755,-1,5755,5790,5779,-1,5755,5779,5756,-1,5756,5779,5781,-1,5756,5781,5758,-1,5758,5781,5783,-1,5758,5783,5759,-1,5759,5783,5784,-1,5759,5784,5752,-1,5752,5784,5743,-1,5752,5743,5741,-1,5747,5745,5796,-1,5747,5796,5754,-1,5754,5796,5785,-1,5754,5785,5753,-1,5753,5785,5782,-1,5753,5782,5751,-1,5751,5782,5780,-1,5751,5780,5757,-1,5757,5780,5786,-1,5757,5786,5750,-1,5750,5786,5788,-1,5750,5788,5765,-1,5765,5788,5799,-1,5765,5799,5761,-1,5762,5761,5798,-1,5798,5761,5799,-1,5810,5811,5812,-1,5812,5811,5813,-1,5814,5815,5816,-1,5816,5815,5817,-1,5818,5819,5820,-1,5820,5819,5821,-1,5820,5821,5822,-1,5822,5821,5823,-1,5823,5821,5824,-1,5823,5824,5817,-1,5825,5826,5827,-1,5827,5826,5828,-1,5829,5830,5831,-1,5818,5832,5819,-1,5819,5832,5833,-1,5819,5833,5825,-1,5825,5833,5834,-1,5825,5834,5826,-1,5835,5836,5828,-1,5828,5836,5837,-1,5828,5837,5827,-1,5810,5816,5811,-1,5811,5816,5817,-1,5811,5817,5838,-1,5838,5817,5824,-1,5831,5839,5829,-1,5829,5839,5840,-1,5829,5840,5841,-1,5841,5842,5829,-1,5829,5842,5843,-1,5829,5843,5835,-1,5835,5843,5844,-1,5835,5844,5836,-1,5845,5846,5847,-1,5847,5846,5831,-1,5847,5831,5848,-1,5848,5831,5830,-1,5849,5850,5851,-1,5852,5853,5854,-1,5854,5853,5815,-1,5854,5815,5855,-1,5856,5857,5858,-1,5858,5857,5859,-1,5858,5859,5852,-1,5852,5859,5860,-1,5852,5860,5853,-1,5851,5850,5858,-1,5858,5850,5861,-1,5858,5861,5856,-1,5862,5863,5864,-1,5864,5863,5865,-1,5849,5851,5864,-1,5864,5851,5866,-1,5864,5866,5862,-1,5814,5812,5815,-1,5815,5812,5813,-1,5815,5813,5855,-1,5867,5868,5869,-1,5869,5868,5870,-1,5869,5870,5871,-1,5871,5870,5872,-1,5871,5872,5873,-1,5874,5875,5872,-1,5872,5875,5876,-1,5872,5876,5873,-1,5863,5877,5865,-1,5865,5877,5878,-1,5865,5878,5869,-1,5869,5878,5879,-1,5869,5879,5867,-1,5831,5872,5870,-1,5831,5870,5839,-1,5839,5870,5868,-1,5839,5868,5840,-1,5840,5868,5867,-1,5840,5867,5841,-1,5841,5867,5879,-1,5841,5879,5842,-1,5842,5879,5878,-1,5842,5878,5843,-1,5843,5878,5877,-1,5843,5877,5844,-1,5844,5877,5863,-1,5844,5863,5836,-1,5837,5836,5862,-1,5862,5836,5863,-1,5837,5862,5866,-1,5837,5866,5827,-1,5827,5866,5851,-1,5827,5851,5825,-1,5825,5851,5858,-1,5825,5858,5819,-1,5819,5858,5852,-1,5819,5852,5821,-1,5821,5852,5854,-1,5821,5854,5824,-1,5824,5854,5855,-1,5824,5855,5838,-1,5838,5855,5813,-1,5838,5813,5811,-1,5817,5815,5853,-1,5817,5853,5823,-1,5823,5853,5860,-1,5823,5860,5822,-1,5822,5860,5859,-1,5822,5859,5820,-1,5820,5859,5857,-1,5820,5857,5818,-1,5818,5857,5856,-1,5818,5856,5832,-1,5832,5856,5861,-1,5832,5861,5833,-1,5834,5833,5850,-1,5850,5833,5861,-1,5834,5850,5849,-1,5834,5849,5826,-1,5826,5849,5864,-1,5826,5864,5828,-1,5828,5864,5865,-1,5828,5865,5835,-1,5835,5865,5869,-1,5835,5869,5829,-1,5829,5869,5871,-1,5829,5871,5830,-1,5830,5871,5873,-1,5830,5873,5848,-1,5848,5873,5876,-1,5848,5876,5847,-1,5845,5847,5875,-1,5875,5847,5876,-1,5846,5845,5874,-1,5874,5845,5875,-1,5831,5846,5872,-1,5872,5846,5874,-1,5880,5881,5882,-1,5882,5881,5883,-1,5884,5885,5886,-1,5886,5885,5887,-1,5888,5889,5890,-1,5891,5892,5893,-1,5893,5892,5881,-1,5893,5881,5894,-1,5895,5896,5897,-1,5897,5896,5898,-1,5897,5898,5891,-1,5891,5898,5899,-1,5891,5899,5892,-1,5890,5889,5897,-1,5897,5889,5900,-1,5897,5900,5895,-1,5901,5902,5903,-1,5903,5902,5904,-1,5888,5890,5903,-1,5903,5890,5905,-1,5903,5905,5901,-1,5880,5886,5881,-1,5881,5886,5887,-1,5881,5887,5894,-1,5906,5907,5908,-1,5908,5907,5909,-1,5908,5909,5910,-1,5910,5909,5911,-1,5910,5911,5912,-1,5913,5914,5911,-1,5911,5914,5915,-1,5911,5915,5912,-1,5902,5916,5904,-1,5904,5916,5917,-1,5904,5917,5908,-1,5908,5917,5918,-1,5908,5918,5906,-1,5919,5920,5921,-1,5921,5920,5922,-1,5921,5922,5923,-1,5923,5922,5924,-1,5924,5922,5925,-1,5924,5925,5883,-1,5926,5927,5928,-1,5928,5927,5929,-1,5919,5930,5920,-1,5920,5930,5931,-1,5920,5931,5926,-1,5926,5931,5932,-1,5926,5932,5927,-1,5933,5934,5935,-1,5884,5882,5885,-1,5885,5882,5883,-1,5885,5883,5936,-1,5936,5883,5925,-1,5937,5938,5929,-1,5929,5938,5939,-1,5929,5939,5928,-1,5935,5940,5933,-1,5933,5940,5941,-1,5933,5941,5942,-1,5942,5943,5933,-1,5933,5943,5944,-1,5933,5944,5937,-1,5937,5944,5945,-1,5937,5945,5938,-1,5946,5947,5948,-1,5948,5947,5935,-1,5948,5935,5949,-1,5949,5935,5934,-1,5902,5938,5945,-1,5902,5945,5916,-1,5916,5945,5944,-1,5916,5944,5917,-1,5917,5944,5943,-1,5917,5943,5918,-1,5918,5943,5942,-1,5918,5942,5906,-1,5906,5942,5941,-1,5906,5941,5907,-1,5907,5941,5940,-1,5907,5940,5909,-1,5909,5940,5935,-1,5909,5935,5911,-1,5913,5911,5947,-1,5947,5911,5935,-1,5914,5913,5946,-1,5946,5913,5947,-1,5915,5914,5948,-1,5948,5914,5946,-1,5915,5948,5949,-1,5915,5949,5912,-1,5912,5949,5934,-1,5912,5934,5910,-1,5910,5934,5933,-1,5910,5933,5908,-1,5908,5933,5937,-1,5908,5937,5904,-1,5904,5937,5929,-1,5904,5929,5903,-1,5903,5929,5927,-1,5903,5927,5888,-1,5888,5927,5932,-1,5888,5932,5889,-1,5900,5889,5931,-1,5931,5889,5932,-1,5900,5931,5930,-1,5900,5930,5895,-1,5895,5930,5919,-1,5895,5919,5896,-1,5896,5919,5921,-1,5896,5921,5898,-1,5898,5921,5923,-1,5898,5923,5899,-1,5899,5923,5924,-1,5899,5924,5892,-1,5892,5924,5883,-1,5892,5883,5881,-1,5887,5885,5936,-1,5887,5936,5894,-1,5894,5936,5925,-1,5894,5925,5893,-1,5893,5925,5922,-1,5893,5922,5891,-1,5891,5922,5920,-1,5891,5920,5897,-1,5897,5920,5926,-1,5897,5926,5890,-1,5890,5926,5928,-1,5890,5928,5905,-1,5905,5928,5939,-1,5905,5939,5901,-1,5902,5901,5938,-1,5938,5901,5939,-1,5950,5951,5952,-1,5952,5951,5953,-1,5954,5955,5956,-1,5956,5955,5957,-1,5958,5959,5960,-1,5960,5959,5961,-1,5960,5961,5962,-1,5962,5961,5963,-1,5963,5961,5964,-1,5963,5964,5957,-1,5965,5966,5967,-1,5967,5966,5968,-1,5969,5970,5971,-1,5958,5972,5959,-1,5959,5972,5973,-1,5959,5973,5965,-1,5965,5973,5974,-1,5965,5974,5966,-1,5975,5976,5968,-1,5968,5976,5977,-1,5968,5977,5967,-1,5950,5956,5951,-1,5951,5956,5957,-1,5951,5957,5978,-1,5978,5957,5964,-1,5971,5979,5969,-1,5969,5979,5980,-1,5969,5980,5981,-1,5981,5982,5969,-1,5969,5982,5983,-1,5969,5983,5975,-1,5975,5983,5984,-1,5975,5984,5976,-1,5985,5986,5987,-1,5987,5986,5971,-1,5987,5971,5988,-1,5988,5971,5970,-1,5989,5990,5991,-1,5992,5993,5994,-1,5994,5993,5955,-1,5994,5955,5995,-1,5996,5997,5998,-1,5998,5997,5999,-1,5998,5999,5992,-1,5992,5999,6000,-1,5992,6000,5993,-1,5991,5990,5998,-1,5998,5990,6001,-1,5998,6001,5996,-1,6002,6003,6004,-1,6004,6003,6005,-1,5989,5991,6004,-1,6004,5991,6006,-1,6004,6006,6002,-1,5954,5952,5955,-1,5955,5952,5953,-1,5955,5953,5995,-1,6007,6008,6009,-1,6009,6008,6010,-1,6009,6010,6011,-1,6011,6010,6012,-1,6011,6012,6013,-1,6014,6015,6012,-1,6012,6015,6016,-1,6012,6016,6013,-1,6003,6017,6005,-1,6005,6017,6018,-1,6005,6018,6009,-1,6009,6018,6019,-1,6009,6019,6007,-1,5971,6012,6010,-1,5971,6010,5979,-1,5979,6010,6008,-1,5979,6008,5980,-1,5980,6008,6007,-1,5980,6007,5981,-1,5981,6007,6019,-1,5981,6019,5982,-1,5982,6019,6018,-1,5982,6018,5983,-1,5983,6018,6017,-1,5983,6017,5984,-1,5984,6017,6003,-1,5984,6003,5976,-1,5977,5976,6002,-1,6002,5976,6003,-1,5977,6002,6006,-1,5977,6006,5967,-1,5967,6006,5991,-1,5967,5991,5965,-1,5965,5991,5998,-1,5965,5998,5959,-1,5959,5998,5992,-1,5959,5992,5961,-1,5961,5992,5994,-1,5961,5994,5964,-1,5964,5994,5995,-1,5964,5995,5978,-1,5978,5995,5953,-1,5978,5953,5951,-1,5957,5955,5993,-1,5957,5993,5963,-1,5963,5993,6000,-1,5963,6000,5962,-1,5962,6000,5999,-1,5962,5999,5960,-1,5960,5999,5997,-1,5960,5997,5958,-1,5958,5997,5996,-1,5958,5996,5972,-1,5972,5996,6001,-1,5972,6001,5973,-1,5974,5973,5990,-1,5990,5973,6001,-1,5974,5990,5989,-1,5974,5989,5966,-1,5966,5989,6004,-1,5966,6004,5968,-1,5968,6004,6005,-1,5968,6005,5975,-1,5975,6005,6009,-1,5975,6009,5969,-1,5969,6009,6011,-1,5969,6011,5970,-1,5970,6011,6013,-1,5970,6013,5988,-1,5988,6013,6016,-1,5988,6016,5987,-1,5985,5987,6015,-1,6015,5987,6016,-1,5986,5985,6014,-1,6014,5985,6015,-1,5971,5986,6012,-1,6012,5986,6014,-1,6020,6021,6022,-1,6022,6021,6023,-1,6024,6025,6026,-1,6026,6025,6027,-1,6028,6029,6030,-1,6031,6032,6033,-1,6033,6032,6021,-1,6033,6021,6034,-1,6035,6036,6037,-1,6037,6036,6038,-1,6037,6038,6031,-1,6031,6038,6039,-1,6031,6039,6032,-1,6030,6029,6037,-1,6037,6029,6040,-1,6037,6040,6035,-1,6041,6042,6043,-1,6043,6042,6044,-1,6028,6030,6043,-1,6043,6030,6045,-1,6043,6045,6041,-1,6020,6026,6021,-1,6021,6026,6027,-1,6021,6027,6034,-1,6046,6047,6048,-1,6048,6047,6049,-1,6048,6049,6050,-1,6050,6049,6051,-1,6050,6051,6052,-1,6053,6054,6051,-1,6051,6054,6055,-1,6051,6055,6052,-1,6042,6056,6044,-1,6044,6056,6057,-1,6044,6057,6048,-1,6048,6057,6058,-1,6048,6058,6046,-1,6059,6060,6061,-1,6061,6060,6062,-1,6061,6062,6063,-1,6063,6062,6064,-1,6064,6062,6065,-1,6064,6065,6023,-1,6066,6067,6068,-1,6068,6067,6069,-1,6059,6070,6060,-1,6060,6070,6071,-1,6060,6071,6066,-1,6066,6071,6072,-1,6066,6072,6067,-1,6073,6074,6075,-1,6024,6022,6025,-1,6025,6022,6023,-1,6025,6023,6076,-1,6076,6023,6065,-1,6077,6078,6069,-1,6069,6078,6079,-1,6069,6079,6068,-1,6075,6080,6073,-1,6073,6080,6081,-1,6073,6081,6082,-1,6082,6083,6073,-1,6073,6083,6084,-1,6073,6084,6077,-1,6077,6084,6085,-1,6077,6085,6078,-1,6086,6087,6088,-1,6088,6087,6075,-1,6088,6075,6089,-1,6089,6075,6074,-1,6042,6078,6085,-1,6042,6085,6056,-1,6056,6085,6084,-1,6056,6084,6057,-1,6057,6084,6083,-1,6057,6083,6058,-1,6058,6083,6082,-1,6058,6082,6046,-1,6046,6082,6081,-1,6046,6081,6047,-1,6047,6081,6080,-1,6047,6080,6049,-1,6049,6080,6075,-1,6049,6075,6051,-1,6053,6051,6087,-1,6087,6051,6075,-1,6054,6053,6086,-1,6086,6053,6087,-1,6055,6054,6088,-1,6088,6054,6086,-1,6055,6088,6089,-1,6055,6089,6052,-1,6052,6089,6074,-1,6052,6074,6050,-1,6050,6074,6073,-1,6050,6073,6048,-1,6048,6073,6077,-1,6048,6077,6044,-1,6044,6077,6069,-1,6044,6069,6043,-1,6043,6069,6067,-1,6043,6067,6028,-1,6028,6067,6072,-1,6028,6072,6029,-1,6040,6029,6071,-1,6071,6029,6072,-1,6040,6071,6070,-1,6040,6070,6035,-1,6035,6070,6059,-1,6035,6059,6036,-1,6036,6059,6061,-1,6036,6061,6038,-1,6038,6061,6063,-1,6038,6063,6039,-1,6039,6063,6064,-1,6039,6064,6032,-1,6032,6064,6023,-1,6032,6023,6021,-1,6027,6025,6076,-1,6027,6076,6034,-1,6034,6076,6065,-1,6034,6065,6033,-1,6033,6065,6062,-1,6033,6062,6031,-1,6031,6062,6060,-1,6031,6060,6037,-1,6037,6060,6066,-1,6037,6066,6030,-1,6030,6066,6068,-1,6030,6068,6045,-1,6045,6068,6079,-1,6045,6079,6041,-1,6042,6041,6078,-1,6078,6041,6079,-1,6090,6091,6092,-1,6092,6091,6093,-1,6094,6095,6096,-1,6096,6095,6097,-1,6098,6099,6100,-1,6100,6099,6101,-1,6100,6101,6102,-1,6102,6101,6103,-1,6103,6101,6104,-1,6103,6104,6097,-1,6105,6106,6107,-1,6107,6106,6108,-1,6109,6110,6111,-1,6098,6112,6099,-1,6099,6112,6113,-1,6099,6113,6105,-1,6105,6113,6114,-1,6105,6114,6106,-1,6115,6116,6108,-1,6108,6116,6117,-1,6108,6117,6107,-1,6090,6096,6091,-1,6091,6096,6097,-1,6091,6097,6118,-1,6118,6097,6104,-1,6111,6119,6109,-1,6109,6119,6120,-1,6109,6120,6121,-1,6121,6122,6109,-1,6109,6122,6123,-1,6109,6123,6115,-1,6115,6123,6124,-1,6115,6124,6116,-1,6125,6126,6127,-1,6127,6126,6111,-1,6127,6111,6128,-1,6128,6111,6110,-1,6129,6130,6131,-1,6132,6133,6134,-1,6134,6133,6095,-1,6134,6095,6135,-1,6136,6137,6138,-1,6138,6137,6139,-1,6138,6139,6132,-1,6132,6139,6140,-1,6132,6140,6133,-1,6131,6130,6138,-1,6138,6130,6141,-1,6138,6141,6136,-1,6142,6143,6144,-1,6144,6143,6145,-1,6129,6131,6144,-1,6144,6131,6146,-1,6144,6146,6142,-1,6094,6092,6095,-1,6095,6092,6093,-1,6095,6093,6135,-1,6147,6148,6149,-1,6149,6148,6150,-1,6149,6150,6151,-1,6151,6150,6152,-1,6151,6152,6153,-1,6154,6155,6152,-1,6152,6155,6156,-1,6152,6156,6153,-1,6143,6157,6145,-1,6145,6157,6158,-1,6145,6158,6149,-1,6149,6158,6159,-1,6149,6159,6147,-1,6111,6152,6150,-1,6111,6150,6119,-1,6119,6150,6148,-1,6119,6148,6120,-1,6120,6148,6147,-1,6120,6147,6121,-1,6121,6147,6159,-1,6121,6159,6122,-1,6122,6159,6158,-1,6122,6158,6123,-1,6123,6158,6157,-1,6123,6157,6124,-1,6124,6157,6143,-1,6124,6143,6116,-1,6117,6116,6142,-1,6142,6116,6143,-1,6117,6142,6146,-1,6117,6146,6107,-1,6107,6146,6131,-1,6107,6131,6105,-1,6105,6131,6138,-1,6105,6138,6099,-1,6099,6138,6132,-1,6099,6132,6101,-1,6101,6132,6134,-1,6101,6134,6104,-1,6104,6134,6135,-1,6104,6135,6118,-1,6118,6135,6093,-1,6118,6093,6091,-1,6097,6095,6133,-1,6097,6133,6103,-1,6103,6133,6140,-1,6103,6140,6102,-1,6102,6140,6139,-1,6102,6139,6100,-1,6100,6139,6137,-1,6100,6137,6098,-1,6098,6137,6136,-1,6098,6136,6112,-1,6112,6136,6141,-1,6112,6141,6113,-1,6114,6113,6130,-1,6130,6113,6141,-1,6114,6130,6129,-1,6114,6129,6106,-1,6106,6129,6144,-1,6106,6144,6108,-1,6108,6144,6145,-1,6108,6145,6115,-1,6115,6145,6149,-1,6115,6149,6109,-1,6109,6149,6151,-1,6109,6151,6110,-1,6110,6151,6153,-1,6110,6153,6128,-1,6128,6153,6156,-1,6128,6156,6127,-1,6125,6127,6155,-1,6155,6127,6156,-1,6126,6125,6154,-1,6154,6125,6155,-1,6111,6126,6152,-1,6152,6126,6154,-1,6160,6161,6162,-1,6162,6161,6163,-1,6164,6165,6166,-1,6166,6165,6167,-1,6168,6169,6170,-1,6171,6172,6173,-1,6173,6172,6161,-1,6173,6161,6174,-1,6175,6176,6177,-1,6177,6176,6178,-1,6177,6178,6171,-1,6171,6178,6179,-1,6171,6179,6172,-1,6170,6169,6177,-1,6177,6169,6180,-1,6177,6180,6175,-1,6181,6182,6183,-1,6183,6182,6184,-1,6168,6170,6183,-1,6183,6170,6185,-1,6183,6185,6181,-1,6160,6166,6161,-1,6161,6166,6167,-1,6161,6167,6174,-1,6186,6187,6188,-1,6188,6187,6189,-1,6188,6189,6190,-1,6190,6189,6191,-1,6190,6191,6192,-1,6193,6194,6191,-1,6191,6194,6195,-1,6191,6195,6192,-1,6182,6196,6184,-1,6184,6196,6197,-1,6184,6197,6188,-1,6188,6197,6198,-1,6188,6198,6186,-1,6199,6200,6201,-1,6201,6200,6202,-1,6201,6202,6203,-1,6203,6202,6204,-1,6204,6202,6205,-1,6204,6205,6163,-1,6206,6207,6208,-1,6208,6207,6209,-1,6199,6210,6200,-1,6200,6210,6211,-1,6200,6211,6206,-1,6206,6211,6212,-1,6206,6212,6207,-1,6213,6214,6215,-1,6164,6162,6165,-1,6165,6162,6163,-1,6165,6163,6216,-1,6216,6163,6205,-1,6217,6218,6209,-1,6209,6218,6219,-1,6209,6219,6208,-1,6215,6220,6213,-1,6213,6220,6221,-1,6213,6221,6222,-1,6222,6223,6213,-1,6213,6223,6224,-1,6213,6224,6217,-1,6217,6224,6225,-1,6217,6225,6218,-1,6226,6227,6228,-1,6228,6227,6215,-1,6228,6215,6229,-1,6229,6215,6214,-1,6182,6218,6225,-1,6182,6225,6196,-1,6196,6225,6224,-1,6196,6224,6197,-1,6197,6224,6223,-1,6197,6223,6198,-1,6198,6223,6222,-1,6198,6222,6186,-1,6186,6222,6221,-1,6186,6221,6187,-1,6187,6221,6220,-1,6187,6220,6189,-1,6189,6220,6215,-1,6189,6215,6191,-1,6193,6191,6227,-1,6227,6191,6215,-1,6194,6193,6226,-1,6226,6193,6227,-1,6195,6194,6228,-1,6228,6194,6226,-1,6195,6228,6229,-1,6195,6229,6192,-1,6192,6229,6214,-1,6192,6214,6190,-1,6190,6214,6213,-1,6190,6213,6188,-1,6188,6213,6217,-1,6188,6217,6184,-1,6184,6217,6209,-1,6184,6209,6183,-1,6183,6209,6207,-1,6183,6207,6168,-1,6168,6207,6212,-1,6168,6212,6169,-1,6180,6169,6211,-1,6211,6169,6212,-1,6180,6211,6210,-1,6180,6210,6175,-1,6175,6210,6199,-1,6175,6199,6176,-1,6176,6199,6201,-1,6176,6201,6178,-1,6178,6201,6203,-1,6178,6203,6179,-1,6179,6203,6204,-1,6179,6204,6172,-1,6172,6204,6163,-1,6172,6163,6161,-1,6167,6165,6216,-1,6167,6216,6174,-1,6174,6216,6205,-1,6174,6205,6173,-1,6173,6205,6202,-1,6173,6202,6171,-1,6171,6202,6200,-1,6171,6200,6177,-1,6177,6200,6206,-1,6177,6206,6170,-1,6170,6206,6208,-1,6170,6208,6185,-1,6185,6208,6219,-1,6185,6219,6181,-1,6182,6181,6218,-1,6218,6181,6219,-1,6230,6231,6232,-1,6232,6231,6233,-1,6234,6235,6236,-1,6236,6235,6237,-1,6238,6239,6240,-1,6240,6239,6241,-1,6240,6241,6242,-1,6242,6241,6243,-1,6243,6241,6244,-1,6243,6244,6237,-1,6245,6246,6247,-1,6247,6246,6248,-1,6249,6250,6251,-1,6238,6252,6239,-1,6239,6252,6253,-1,6239,6253,6245,-1,6245,6253,6254,-1,6245,6254,6246,-1,6255,6256,6248,-1,6248,6256,6257,-1,6248,6257,6247,-1,6230,6236,6231,-1,6231,6236,6237,-1,6231,6237,6258,-1,6258,6237,6244,-1,6251,6259,6249,-1,6249,6259,6260,-1,6249,6260,6261,-1,6261,6262,6249,-1,6249,6262,6263,-1,6249,6263,6255,-1,6255,6263,6264,-1,6255,6264,6256,-1,6265,6266,6267,-1,6267,6266,6251,-1,6267,6251,6268,-1,6268,6251,6250,-1,6269,6270,6271,-1,6272,6273,6274,-1,6274,6273,6235,-1,6274,6235,6275,-1,6276,6277,6278,-1,6278,6277,6279,-1,6278,6279,6272,-1,6272,6279,6280,-1,6272,6280,6273,-1,6271,6270,6278,-1,6278,6270,6281,-1,6278,6281,6276,-1,6282,6283,6284,-1,6284,6283,6285,-1,6269,6271,6284,-1,6284,6271,6286,-1,6284,6286,6282,-1,6234,6232,6235,-1,6235,6232,6233,-1,6235,6233,6275,-1,6287,6288,6289,-1,6289,6288,6290,-1,6289,6290,6291,-1,6291,6290,6292,-1,6291,6292,6293,-1,6294,6295,6292,-1,6292,6295,6296,-1,6292,6296,6293,-1,6283,6297,6285,-1,6285,6297,6298,-1,6285,6298,6289,-1,6289,6298,6299,-1,6289,6299,6287,-1,6251,6292,6290,-1,6251,6290,6259,-1,6259,6290,6288,-1,6259,6288,6260,-1,6260,6288,6287,-1,6260,6287,6261,-1,6261,6287,6299,-1,6261,6299,6262,-1,6262,6299,6298,-1,6262,6298,6263,-1,6263,6298,6297,-1,6263,6297,6264,-1,6264,6297,6283,-1,6264,6283,6256,-1,6257,6256,6282,-1,6282,6256,6283,-1,6257,6282,6286,-1,6257,6286,6247,-1,6247,6286,6271,-1,6247,6271,6245,-1,6245,6271,6278,-1,6245,6278,6239,-1,6239,6278,6272,-1,6239,6272,6241,-1,6241,6272,6274,-1,6241,6274,6244,-1,6244,6274,6275,-1,6244,6275,6258,-1,6258,6275,6233,-1,6258,6233,6231,-1,6237,6235,6273,-1,6237,6273,6243,-1,6243,6273,6280,-1,6243,6280,6242,-1,6242,6280,6279,-1,6242,6279,6240,-1,6240,6279,6277,-1,6240,6277,6238,-1,6238,6277,6276,-1,6238,6276,6252,-1,6252,6276,6281,-1,6252,6281,6253,-1,6254,6253,6270,-1,6270,6253,6281,-1,6254,6270,6269,-1,6254,6269,6246,-1,6246,6269,6284,-1,6246,6284,6248,-1,6248,6284,6285,-1,6248,6285,6255,-1,6255,6285,6289,-1,6255,6289,6249,-1,6249,6289,6291,-1,6249,6291,6250,-1,6250,6291,6293,-1,6250,6293,6268,-1,6268,6293,6296,-1,6268,6296,6267,-1,6265,6267,6295,-1,6295,6267,6296,-1,6266,6265,6294,-1,6294,6265,6295,-1,6251,6266,6292,-1,6292,6266,6294,-1,6300,6301,6302,-1,6302,6301,6303,-1,6304,6305,6306,-1,6306,6305,6307,-1,6308,6309,6310,-1,6311,6312,6313,-1,6313,6312,6301,-1,6313,6301,6314,-1,6315,6316,6317,-1,6317,6316,6318,-1,6317,6318,6311,-1,6311,6318,6319,-1,6311,6319,6312,-1,6310,6309,6317,-1,6317,6309,6320,-1,6317,6320,6315,-1,6321,6322,6323,-1,6323,6322,6324,-1,6308,6310,6323,-1,6323,6310,6325,-1,6323,6325,6321,-1,6300,6306,6301,-1,6301,6306,6307,-1,6301,6307,6314,-1,6326,6327,6328,-1,6328,6327,6329,-1,6328,6329,6330,-1,6330,6329,6331,-1,6330,6331,6332,-1,6333,6334,6331,-1,6331,6334,6335,-1,6331,6335,6332,-1,6322,6336,6324,-1,6324,6336,6337,-1,6324,6337,6328,-1,6328,6337,6338,-1,6328,6338,6326,-1,6339,6340,6341,-1,6341,6340,6342,-1,6341,6342,6343,-1,6343,6342,6344,-1,6344,6342,6345,-1,6344,6345,6303,-1,6346,6347,6348,-1,6348,6347,6349,-1,6339,6350,6340,-1,6340,6350,6351,-1,6340,6351,6346,-1,6346,6351,6352,-1,6346,6352,6347,-1,6353,6354,6355,-1,6304,6302,6305,-1,6305,6302,6303,-1,6305,6303,6356,-1,6356,6303,6345,-1,6357,6358,6349,-1,6349,6358,6359,-1,6349,6359,6348,-1,6355,6360,6353,-1,6353,6360,6361,-1,6353,6361,6362,-1,6362,6363,6353,-1,6353,6363,6364,-1,6353,6364,6357,-1,6357,6364,6365,-1,6357,6365,6358,-1,6366,6367,6368,-1,6368,6367,6355,-1,6368,6355,6369,-1,6369,6355,6354,-1,6322,6358,6365,-1,6322,6365,6336,-1,6336,6365,6364,-1,6336,6364,6337,-1,6337,6364,6363,-1,6337,6363,6338,-1,6338,6363,6362,-1,6338,6362,6326,-1,6326,6362,6361,-1,6326,6361,6327,-1,6327,6361,6360,-1,6327,6360,6329,-1,6329,6360,6355,-1,6329,6355,6331,-1,6333,6331,6367,-1,6367,6331,6355,-1,6334,6333,6366,-1,6366,6333,6367,-1,6335,6334,6368,-1,6368,6334,6366,-1,6335,6368,6369,-1,6335,6369,6332,-1,6332,6369,6354,-1,6332,6354,6330,-1,6330,6354,6353,-1,6330,6353,6328,-1,6328,6353,6357,-1,6328,6357,6324,-1,6324,6357,6349,-1,6324,6349,6323,-1,6323,6349,6347,-1,6323,6347,6308,-1,6308,6347,6352,-1,6308,6352,6309,-1,6320,6309,6351,-1,6351,6309,6352,-1,6320,6351,6350,-1,6320,6350,6315,-1,6315,6350,6339,-1,6315,6339,6316,-1,6316,6339,6341,-1,6316,6341,6318,-1,6318,6341,6343,-1,6318,6343,6319,-1,6319,6343,6344,-1,6319,6344,6312,-1,6312,6344,6303,-1,6312,6303,6301,-1,6307,6305,6356,-1,6307,6356,6314,-1,6314,6356,6345,-1,6314,6345,6313,-1,6313,6345,6342,-1,6313,6342,6311,-1,6311,6342,6340,-1,6311,6340,6317,-1,6317,6340,6346,-1,6317,6346,6310,-1,6310,6346,6348,-1,6310,6348,6325,-1,6325,6348,6359,-1,6325,6359,6321,-1,6322,6321,6358,-1,6358,6321,6359,-1,6370,6371,6372,-1,6372,6371,6373,-1,6374,6375,6376,-1,6376,6375,6377,-1,6378,6379,6380,-1,6380,6379,6381,-1,6380,6381,6382,-1,6382,6381,6383,-1,6383,6381,6384,-1,6383,6384,6377,-1,6385,6386,6387,-1,6387,6386,6388,-1,6389,6390,6391,-1,6378,6392,6379,-1,6379,6392,6393,-1,6379,6393,6385,-1,6385,6393,6394,-1,6385,6394,6386,-1,6395,6396,6388,-1,6388,6396,6397,-1,6388,6397,6387,-1,6370,6376,6371,-1,6371,6376,6377,-1,6371,6377,6398,-1,6398,6377,6384,-1,6391,6399,6389,-1,6389,6399,6400,-1,6389,6400,6401,-1,6401,6402,6389,-1,6389,6402,6403,-1,6389,6403,6395,-1,6395,6403,6404,-1,6395,6404,6396,-1,6405,6406,6407,-1,6407,6406,6391,-1,6407,6391,6408,-1,6408,6391,6390,-1,6409,6410,6411,-1,6412,6413,6414,-1,6414,6413,6375,-1,6414,6375,6415,-1,6416,6417,6418,-1,6418,6417,6419,-1,6418,6419,6412,-1,6412,6419,6420,-1,6412,6420,6413,-1,6411,6410,6418,-1,6418,6410,6421,-1,6418,6421,6416,-1,6422,6423,6424,-1,6424,6423,6425,-1,6409,6411,6424,-1,6424,6411,6426,-1,6424,6426,6422,-1,6374,6372,6375,-1,6375,6372,6373,-1,6375,6373,6415,-1,6427,6428,6429,-1,6429,6428,6430,-1,6429,6430,6431,-1,6431,6430,6432,-1,6431,6432,6433,-1,6434,6435,6432,-1,6432,6435,6436,-1,6432,6436,6433,-1,6423,6437,6425,-1,6425,6437,6438,-1,6425,6438,6429,-1,6429,6438,6439,-1,6429,6439,6427,-1,6391,6432,6430,-1,6391,6430,6399,-1,6399,6430,6428,-1,6399,6428,6400,-1,6400,6428,6427,-1,6400,6427,6401,-1,6401,6427,6439,-1,6401,6439,6402,-1,6402,6439,6438,-1,6402,6438,6403,-1,6403,6438,6437,-1,6403,6437,6404,-1,6404,6437,6423,-1,6404,6423,6396,-1,6397,6396,6422,-1,6422,6396,6423,-1,6397,6422,6426,-1,6397,6426,6387,-1,6387,6426,6411,-1,6387,6411,6385,-1,6385,6411,6418,-1,6385,6418,6379,-1,6379,6418,6412,-1,6379,6412,6381,-1,6381,6412,6414,-1,6381,6414,6384,-1,6384,6414,6415,-1,6384,6415,6398,-1,6398,6415,6373,-1,6398,6373,6371,-1,6377,6375,6413,-1,6377,6413,6383,-1,6383,6413,6420,-1,6383,6420,6382,-1,6382,6420,6419,-1,6382,6419,6380,-1,6380,6419,6417,-1,6380,6417,6378,-1,6378,6417,6416,-1,6378,6416,6392,-1,6392,6416,6421,-1,6392,6421,6393,-1,6394,6393,6410,-1,6410,6393,6421,-1,6394,6410,6409,-1,6394,6409,6386,-1,6386,6409,6424,-1,6386,6424,6388,-1,6388,6424,6425,-1,6388,6425,6395,-1,6395,6425,6429,-1,6395,6429,6389,-1,6389,6429,6431,-1,6389,6431,6390,-1,6390,6431,6433,-1,6390,6433,6408,-1,6408,6433,6436,-1,6408,6436,6407,-1,6405,6407,6435,-1,6435,6407,6436,-1,6406,6405,6434,-1,6434,6405,6435,-1,6391,6406,6432,-1,6432,6406,6434,-1,6440,6441,6442,-1,6442,6441,6443,-1,6444,6445,6446,-1,6446,6445,6447,-1,6448,6449,6450,-1,6451,6452,6453,-1,6453,6452,6441,-1,6453,6441,6454,-1,6455,6456,6457,-1,6457,6456,6458,-1,6457,6458,6451,-1,6451,6458,6459,-1,6451,6459,6452,-1,6450,6449,6457,-1,6457,6449,6460,-1,6457,6460,6455,-1,6461,6462,6463,-1,6463,6462,6464,-1,6448,6450,6463,-1,6463,6450,6465,-1,6463,6465,6461,-1,6440,6446,6441,-1,6441,6446,6447,-1,6441,6447,6454,-1,6466,6467,6468,-1,6468,6467,6469,-1,6468,6469,6470,-1,6470,6469,6471,-1,6470,6471,6472,-1,6473,6474,6471,-1,6471,6474,6475,-1,6471,6475,6472,-1,6462,6476,6464,-1,6464,6476,6477,-1,6464,6477,6468,-1,6468,6477,6478,-1,6468,6478,6466,-1,6479,6480,6481,-1,6481,6480,6482,-1,6481,6482,6483,-1,6483,6482,6484,-1,6484,6482,6485,-1,6484,6485,6443,-1,6486,6487,6488,-1,6488,6487,6489,-1,6479,6490,6480,-1,6480,6490,6491,-1,6480,6491,6486,-1,6486,6491,6492,-1,6486,6492,6487,-1,6493,6494,6495,-1,6444,6442,6445,-1,6445,6442,6443,-1,6445,6443,6496,-1,6496,6443,6485,-1,6497,6498,6489,-1,6489,6498,6499,-1,6489,6499,6488,-1,6495,6500,6493,-1,6493,6500,6501,-1,6493,6501,6502,-1,6502,6503,6493,-1,6493,6503,6504,-1,6493,6504,6497,-1,6497,6504,6505,-1,6497,6505,6498,-1,6506,6507,6508,-1,6508,6507,6495,-1,6508,6495,6509,-1,6509,6495,6494,-1,6462,6498,6505,-1,6462,6505,6476,-1,6476,6505,6504,-1,6476,6504,6477,-1,6477,6504,6503,-1,6477,6503,6478,-1,6478,6503,6502,-1,6478,6502,6466,-1,6466,6502,6501,-1,6466,6501,6467,-1,6467,6501,6500,-1,6467,6500,6469,-1,6469,6500,6495,-1,6469,6495,6471,-1,6473,6471,6507,-1,6507,6471,6495,-1,6474,6473,6506,-1,6506,6473,6507,-1,6475,6474,6508,-1,6508,6474,6506,-1,6475,6508,6509,-1,6475,6509,6472,-1,6472,6509,6494,-1,6472,6494,6470,-1,6470,6494,6493,-1,6470,6493,6468,-1,6468,6493,6497,-1,6468,6497,6464,-1,6464,6497,6489,-1,6464,6489,6463,-1,6463,6489,6487,-1,6463,6487,6448,-1,6448,6487,6492,-1,6448,6492,6449,-1,6460,6449,6491,-1,6491,6449,6492,-1,6460,6491,6490,-1,6460,6490,6455,-1,6455,6490,6479,-1,6455,6479,6456,-1,6456,6479,6481,-1,6456,6481,6458,-1,6458,6481,6483,-1,6458,6483,6459,-1,6459,6483,6484,-1,6459,6484,6452,-1,6452,6484,6443,-1,6452,6443,6441,-1,6447,6445,6496,-1,6447,6496,6454,-1,6454,6496,6485,-1,6454,6485,6453,-1,6453,6485,6482,-1,6453,6482,6451,-1,6451,6482,6480,-1,6451,6480,6457,-1,6457,6480,6486,-1,6457,6486,6450,-1,6450,6486,6488,-1,6450,6488,6465,-1,6465,6488,6499,-1,6465,6499,6461,-1,6462,6461,6498,-1,6498,6461,6499,-1,6510,6511,6512,-1,6512,6511,6513,-1,6514,6515,6516,-1,6516,6515,6517,-1,6518,6519,6520,-1,6520,6519,6521,-1,6520,6521,6522,-1,6522,6521,6523,-1,6523,6521,6524,-1,6523,6524,6517,-1,6525,6526,6527,-1,6527,6526,6528,-1,6529,6530,6531,-1,6518,6532,6519,-1,6519,6532,6533,-1,6519,6533,6525,-1,6525,6533,6534,-1,6525,6534,6526,-1,6535,6536,6528,-1,6528,6536,6537,-1,6528,6537,6527,-1,6510,6516,6511,-1,6511,6516,6517,-1,6511,6517,6538,-1,6538,6517,6524,-1,6531,6539,6529,-1,6529,6539,6540,-1,6529,6540,6541,-1,6541,6542,6529,-1,6529,6542,6543,-1,6529,6543,6535,-1,6535,6543,6544,-1,6535,6544,6536,-1,6545,6546,6547,-1,6547,6546,6531,-1,6547,6531,6548,-1,6548,6531,6530,-1,6549,6550,6551,-1,6552,6553,6554,-1,6554,6553,6515,-1,6554,6515,6555,-1,6556,6557,6558,-1,6558,6557,6559,-1,6558,6559,6552,-1,6552,6559,6560,-1,6552,6560,6553,-1,6551,6550,6558,-1,6558,6550,6561,-1,6558,6561,6556,-1,6562,6563,6564,-1,6564,6563,6565,-1,6549,6551,6564,-1,6564,6551,6566,-1,6564,6566,6562,-1,6514,6512,6515,-1,6515,6512,6513,-1,6515,6513,6555,-1,6567,6568,6569,-1,6569,6568,6570,-1,6569,6570,6571,-1,6571,6570,6572,-1,6571,6572,6573,-1,6574,6575,6572,-1,6572,6575,6576,-1,6572,6576,6573,-1,6563,6577,6565,-1,6565,6577,6578,-1,6565,6578,6569,-1,6569,6578,6579,-1,6569,6579,6567,-1,6531,6572,6570,-1,6531,6570,6539,-1,6539,6570,6568,-1,6539,6568,6540,-1,6540,6568,6567,-1,6540,6567,6541,-1,6541,6567,6579,-1,6541,6579,6542,-1,6542,6579,6578,-1,6542,6578,6543,-1,6543,6578,6577,-1,6543,6577,6544,-1,6544,6577,6563,-1,6544,6563,6536,-1,6537,6536,6562,-1,6562,6536,6563,-1,6537,6562,6566,-1,6537,6566,6527,-1,6527,6566,6551,-1,6527,6551,6525,-1,6525,6551,6558,-1,6525,6558,6519,-1,6519,6558,6552,-1,6519,6552,6521,-1,6521,6552,6554,-1,6521,6554,6524,-1,6524,6554,6555,-1,6524,6555,6538,-1,6538,6555,6513,-1,6538,6513,6511,-1,6517,6515,6553,-1,6517,6553,6523,-1,6523,6553,6560,-1,6523,6560,6522,-1,6522,6560,6559,-1,6522,6559,6520,-1,6520,6559,6557,-1,6520,6557,6518,-1,6518,6557,6556,-1,6518,6556,6532,-1,6532,6556,6561,-1,6532,6561,6533,-1,6534,6533,6550,-1,6550,6533,6561,-1,6534,6550,6549,-1,6534,6549,6526,-1,6526,6549,6564,-1,6526,6564,6528,-1,6528,6564,6565,-1,6528,6565,6535,-1,6535,6565,6569,-1,6535,6569,6529,-1,6529,6569,6571,-1,6529,6571,6530,-1,6530,6571,6573,-1,6530,6573,6548,-1,6548,6573,6576,-1,6548,6576,6547,-1,6545,6547,6575,-1,6575,6547,6576,-1,6546,6545,6574,-1,6574,6545,6575,-1,6531,6546,6572,-1,6572,6546,6574,-1,6580,6581,6582,-1,6582,6581,6583,-1,6584,6585,6586,-1,6586,6585,6587,-1,6588,6589,6590,-1,6591,6592,6593,-1,6593,6592,6581,-1,6593,6581,6594,-1,6595,6596,6597,-1,6597,6596,6598,-1,6597,6598,6591,-1,6591,6598,6599,-1,6591,6599,6592,-1,6590,6589,6597,-1,6597,6589,6600,-1,6597,6600,6595,-1,6601,6602,6603,-1,6603,6602,6604,-1,6588,6590,6603,-1,6603,6590,6605,-1,6603,6605,6601,-1,6580,6586,6581,-1,6581,6586,6587,-1,6581,6587,6594,-1,6606,6607,6608,-1,6608,6607,6609,-1,6608,6609,6610,-1,6610,6609,6611,-1,6610,6611,6612,-1,6613,6614,6611,-1,6611,6614,6615,-1,6611,6615,6612,-1,6602,6616,6604,-1,6604,6616,6617,-1,6604,6617,6608,-1,6608,6617,6618,-1,6608,6618,6606,-1,6619,6620,6621,-1,6621,6620,6622,-1,6621,6622,6623,-1,6623,6622,6624,-1,6624,6622,6625,-1,6624,6625,6583,-1,6626,6627,6628,-1,6628,6627,6629,-1,6619,6630,6620,-1,6620,6630,6631,-1,6620,6631,6626,-1,6626,6631,6632,-1,6626,6632,6627,-1,6633,6634,6635,-1,6584,6582,6585,-1,6585,6582,6583,-1,6585,6583,6636,-1,6636,6583,6625,-1,6637,6638,6629,-1,6629,6638,6639,-1,6629,6639,6628,-1,6635,6640,6633,-1,6633,6640,6641,-1,6633,6641,6642,-1,6642,6643,6633,-1,6633,6643,6644,-1,6633,6644,6637,-1,6637,6644,6645,-1,6637,6645,6638,-1,6646,6647,6648,-1,6648,6647,6635,-1,6648,6635,6649,-1,6649,6635,6634,-1,6602,6638,6645,-1,6602,6645,6616,-1,6616,6645,6644,-1,6616,6644,6617,-1,6617,6644,6643,-1,6617,6643,6618,-1,6618,6643,6642,-1,6618,6642,6606,-1,6606,6642,6641,-1,6606,6641,6607,-1,6607,6641,6640,-1,6607,6640,6609,-1,6609,6640,6635,-1,6609,6635,6611,-1,6613,6611,6647,-1,6647,6611,6635,-1,6614,6613,6646,-1,6646,6613,6647,-1,6615,6614,6648,-1,6648,6614,6646,-1,6615,6648,6649,-1,6615,6649,6612,-1,6612,6649,6634,-1,6612,6634,6610,-1,6610,6634,6633,-1,6610,6633,6608,-1,6608,6633,6637,-1,6608,6637,6604,-1,6604,6637,6629,-1,6604,6629,6603,-1,6603,6629,6627,-1,6603,6627,6588,-1,6588,6627,6632,-1,6588,6632,6589,-1,6600,6589,6631,-1,6631,6589,6632,-1,6600,6631,6630,-1,6600,6630,6595,-1,6595,6630,6619,-1,6595,6619,6596,-1,6596,6619,6621,-1,6596,6621,6598,-1,6598,6621,6623,-1,6598,6623,6599,-1,6599,6623,6624,-1,6599,6624,6592,-1,6592,6624,6583,-1,6592,6583,6581,-1,6587,6585,6636,-1,6587,6636,6594,-1,6594,6636,6625,-1,6594,6625,6593,-1,6593,6625,6622,-1,6593,6622,6591,-1,6591,6622,6620,-1,6591,6620,6597,-1,6597,6620,6626,-1,6597,6626,6590,-1,6590,6626,6628,-1,6590,6628,6605,-1,6605,6628,6639,-1,6605,6639,6601,-1,6602,6601,6638,-1,6638,6601,6639,-1,6650,6651,6652,-1,6652,6651,6653,-1,6654,6655,6656,-1,6656,6655,6657,-1,6658,6659,6660,-1,6660,6659,6661,-1,6660,6661,6662,-1,6662,6661,6663,-1,6663,6661,6664,-1,6663,6664,6657,-1,6665,6666,6667,-1,6667,6666,6668,-1,6669,6670,6671,-1,6658,6672,6659,-1,6659,6672,6673,-1,6659,6673,6665,-1,6665,6673,6674,-1,6665,6674,6666,-1,6675,6676,6668,-1,6668,6676,6677,-1,6668,6677,6667,-1,6650,6656,6651,-1,6651,6656,6657,-1,6651,6657,6678,-1,6678,6657,6664,-1,6671,6679,6669,-1,6669,6679,6680,-1,6669,6680,6681,-1,6681,6682,6669,-1,6669,6682,6683,-1,6669,6683,6675,-1,6675,6683,6684,-1,6675,6684,6676,-1,6685,6686,6687,-1,6687,6686,6671,-1,6687,6671,6688,-1,6688,6671,6670,-1,6689,6690,6691,-1,6692,6693,6694,-1,6694,6693,6655,-1,6694,6655,6695,-1,6696,6697,6698,-1,6698,6697,6699,-1,6698,6699,6692,-1,6692,6699,6700,-1,6692,6700,6693,-1,6691,6690,6698,-1,6698,6690,6701,-1,6698,6701,6696,-1,6702,6703,6704,-1,6704,6703,6705,-1,6689,6691,6704,-1,6704,6691,6706,-1,6704,6706,6702,-1,6654,6652,6655,-1,6655,6652,6653,-1,6655,6653,6695,-1,6707,6708,6709,-1,6709,6708,6710,-1,6709,6710,6711,-1,6711,6710,6712,-1,6711,6712,6713,-1,6714,6715,6712,-1,6712,6715,6716,-1,6712,6716,6713,-1,6703,6717,6705,-1,6705,6717,6718,-1,6705,6718,6709,-1,6709,6718,6719,-1,6709,6719,6707,-1,6671,6712,6710,-1,6671,6710,6679,-1,6679,6710,6708,-1,6679,6708,6680,-1,6680,6708,6707,-1,6680,6707,6681,-1,6681,6707,6719,-1,6681,6719,6682,-1,6682,6719,6718,-1,6682,6718,6683,-1,6683,6718,6717,-1,6683,6717,6684,-1,6684,6717,6703,-1,6684,6703,6676,-1,6677,6676,6702,-1,6702,6676,6703,-1,6677,6702,6706,-1,6677,6706,6667,-1,6667,6706,6691,-1,6667,6691,6665,-1,6665,6691,6698,-1,6665,6698,6659,-1,6659,6698,6692,-1,6659,6692,6661,-1,6661,6692,6694,-1,6661,6694,6664,-1,6664,6694,6695,-1,6664,6695,6678,-1,6678,6695,6653,-1,6678,6653,6651,-1,6657,6655,6693,-1,6657,6693,6663,-1,6663,6693,6700,-1,6663,6700,6662,-1,6662,6700,6699,-1,6662,6699,6660,-1,6660,6699,6697,-1,6660,6697,6658,-1,6658,6697,6696,-1,6658,6696,6672,-1,6672,6696,6701,-1,6672,6701,6673,-1,6674,6673,6690,-1,6690,6673,6701,-1,6674,6690,6689,-1,6674,6689,6666,-1,6666,6689,6704,-1,6666,6704,6668,-1,6668,6704,6705,-1,6668,6705,6675,-1,6675,6705,6709,-1,6675,6709,6669,-1,6669,6709,6711,-1,6669,6711,6670,-1,6670,6711,6713,-1,6670,6713,6688,-1,6688,6713,6716,-1,6688,6716,6687,-1,6685,6687,6715,-1,6715,6687,6716,-1,6686,6685,6714,-1,6714,6685,6715,-1,6671,6686,6712,-1,6712,6686,6714,-1,6720,6721,6722,-1,6722,6721,6723,-1,6724,6725,6726,-1,6726,6725,6727,-1,6728,6729,6730,-1,6731,6732,6733,-1,6733,6732,6721,-1,6733,6721,6734,-1,6735,6736,6737,-1,6737,6736,6738,-1,6737,6738,6731,-1,6731,6738,6739,-1,6731,6739,6732,-1,6730,6729,6737,-1,6737,6729,6740,-1,6737,6740,6735,-1,6741,6742,6743,-1,6743,6742,6744,-1,6728,6730,6743,-1,6743,6730,6745,-1,6743,6745,6741,-1,6720,6726,6721,-1,6721,6726,6727,-1,6721,6727,6734,-1,6746,6747,6748,-1,6748,6747,6749,-1,6748,6749,6750,-1,6750,6749,6751,-1,6750,6751,6752,-1,6753,6754,6751,-1,6751,6754,6755,-1,6751,6755,6752,-1,6742,6756,6744,-1,6744,6756,6757,-1,6744,6757,6748,-1,6748,6757,6758,-1,6748,6758,6746,-1,6759,6760,6761,-1,6761,6760,6762,-1,6761,6762,6763,-1,6763,6762,6764,-1,6764,6762,6765,-1,6764,6765,6723,-1,6766,6767,6768,-1,6768,6767,6769,-1,6759,6770,6760,-1,6760,6770,6771,-1,6760,6771,6766,-1,6766,6771,6772,-1,6766,6772,6767,-1,6773,6774,6775,-1,6724,6722,6725,-1,6725,6722,6723,-1,6725,6723,6776,-1,6776,6723,6765,-1,6777,6778,6769,-1,6769,6778,6779,-1,6769,6779,6768,-1,6775,6780,6773,-1,6773,6780,6781,-1,6773,6781,6782,-1,6782,6783,6773,-1,6773,6783,6784,-1,6773,6784,6777,-1,6777,6784,6785,-1,6777,6785,6778,-1,6786,6787,6788,-1,6788,6787,6775,-1,6788,6775,6789,-1,6789,6775,6774,-1,6742,6778,6785,-1,6742,6785,6756,-1,6756,6785,6784,-1,6756,6784,6757,-1,6757,6784,6783,-1,6757,6783,6758,-1,6758,6783,6782,-1,6758,6782,6746,-1,6746,6782,6781,-1,6746,6781,6747,-1,6747,6781,6780,-1,6747,6780,6749,-1,6749,6780,6775,-1,6749,6775,6751,-1,6753,6751,6787,-1,6787,6751,6775,-1,6754,6753,6786,-1,6786,6753,6787,-1,6755,6754,6788,-1,6788,6754,6786,-1,6755,6788,6789,-1,6755,6789,6752,-1,6752,6789,6774,-1,6752,6774,6750,-1,6750,6774,6773,-1,6750,6773,6748,-1,6748,6773,6777,-1,6748,6777,6744,-1,6744,6777,6769,-1,6744,6769,6743,-1,6743,6769,6767,-1,6743,6767,6728,-1,6728,6767,6772,-1,6728,6772,6729,-1,6740,6729,6771,-1,6771,6729,6772,-1,6740,6771,6770,-1,6740,6770,6735,-1,6735,6770,6759,-1,6735,6759,6736,-1,6736,6759,6761,-1,6736,6761,6738,-1,6738,6761,6763,-1,6738,6763,6739,-1,6739,6763,6764,-1,6739,6764,6732,-1,6732,6764,6723,-1,6732,6723,6721,-1,6727,6725,6776,-1,6727,6776,6734,-1,6734,6776,6765,-1,6734,6765,6733,-1,6733,6765,6762,-1,6733,6762,6731,-1,6731,6762,6760,-1,6731,6760,6737,-1,6737,6760,6766,-1,6737,6766,6730,-1,6730,6766,6768,-1,6730,6768,6745,-1,6745,6768,6779,-1,6745,6779,6741,-1,6742,6741,6778,-1,6778,6741,6779,-1,6790,6791,6792,-1,6792,6791,6793,-1,6794,6795,6796,-1,6796,6795,6797,-1,6798,6799,6800,-1,6800,6799,6801,-1,6800,6801,6802,-1,6802,6801,6803,-1,6803,6801,6804,-1,6803,6804,6797,-1,6805,6806,6807,-1,6807,6806,6808,-1,6809,6810,6811,-1,6798,6812,6799,-1,6799,6812,6813,-1,6799,6813,6805,-1,6805,6813,6814,-1,6805,6814,6806,-1,6815,6816,6808,-1,6808,6816,6817,-1,6808,6817,6807,-1,6790,6796,6791,-1,6791,6796,6797,-1,6791,6797,6818,-1,6818,6797,6804,-1,6811,6819,6809,-1,6809,6819,6820,-1,6809,6820,6821,-1,6821,6822,6809,-1,6809,6822,6823,-1,6809,6823,6815,-1,6815,6823,6824,-1,6815,6824,6816,-1,6825,6826,6827,-1,6827,6826,6811,-1,6827,6811,6828,-1,6828,6811,6810,-1,6829,6830,6831,-1,6832,6833,6834,-1,6834,6833,6795,-1,6834,6795,6835,-1,6836,6837,6838,-1,6838,6837,6839,-1,6838,6839,6832,-1,6832,6839,6840,-1,6832,6840,6833,-1,6831,6830,6838,-1,6838,6830,6841,-1,6838,6841,6836,-1,6842,6843,6844,-1,6844,6843,6845,-1,6829,6831,6844,-1,6844,6831,6846,-1,6844,6846,6842,-1,6794,6792,6795,-1,6795,6792,6793,-1,6795,6793,6835,-1,6847,6848,6849,-1,6849,6848,6850,-1,6849,6850,6851,-1,6851,6850,6852,-1,6851,6852,6853,-1,6854,6855,6852,-1,6852,6855,6856,-1,6852,6856,6853,-1,6843,6857,6845,-1,6845,6857,6858,-1,6845,6858,6849,-1,6849,6858,6859,-1,6849,6859,6847,-1,6811,6852,6850,-1,6811,6850,6819,-1,6819,6850,6848,-1,6819,6848,6820,-1,6820,6848,6847,-1,6820,6847,6821,-1,6821,6847,6859,-1,6821,6859,6822,-1,6822,6859,6858,-1,6822,6858,6823,-1,6823,6858,6857,-1,6823,6857,6824,-1,6824,6857,6843,-1,6824,6843,6816,-1,6817,6816,6842,-1,6842,6816,6843,-1,6817,6842,6846,-1,6817,6846,6807,-1,6807,6846,6831,-1,6807,6831,6805,-1,6805,6831,6838,-1,6805,6838,6799,-1,6799,6838,6832,-1,6799,6832,6801,-1,6801,6832,6834,-1,6801,6834,6804,-1,6804,6834,6835,-1,6804,6835,6818,-1,6818,6835,6793,-1,6818,6793,6791,-1,6797,6795,6833,-1,6797,6833,6803,-1,6803,6833,6840,-1,6803,6840,6802,-1,6802,6840,6839,-1,6802,6839,6800,-1,6800,6839,6837,-1,6800,6837,6798,-1,6798,6837,6836,-1,6798,6836,6812,-1,6812,6836,6841,-1,6812,6841,6813,-1,6814,6813,6830,-1,6830,6813,6841,-1,6814,6830,6829,-1,6814,6829,6806,-1,6806,6829,6844,-1,6806,6844,6808,-1,6808,6844,6845,-1,6808,6845,6815,-1,6815,6845,6849,-1,6815,6849,6809,-1,6809,6849,6851,-1,6809,6851,6810,-1,6810,6851,6853,-1,6810,6853,6828,-1,6828,6853,6856,-1,6828,6856,6827,-1,6825,6827,6855,-1,6855,6827,6856,-1,6826,6825,6854,-1,6854,6825,6855,-1,6811,6826,6852,-1,6852,6826,6854,-1,6860,6861,6862,-1,6862,6861,6863,-1,6864,6861,6865,-1,6865,6861,6860,-1,6863,6861,6866,-1,6866,6861,6864,-1,6863,6866,6862,-1,6862,6866,6867,-1,6866,6864,6867,-1,6867,6864,6865,-1,6868,6869,6870,-1,6870,6869,6871,-1,6869,6868,6872,-1,6872,6868,6873,-1,6874,6871,6872,-1,6872,6871,6869,-1,6875,6870,6874,-1,6874,6870,6871,-1,6873,6868,6875,-1,6875,6868,6870,-1,6862,6867,6876,-1,6876,6867,6877,-1,6876,6877,6878,-1,6878,6877,6879,-1,6878,6879,6880,-1,6880,6879,6881,-1,6880,6881,6882,-1,6882,6881,6883,-1,6882,6883,6884,-1,6884,6883,6885,-1,6884,6885,6886,-1,6886,6885,6887,-1,6886,6887,6872,-1,6872,6887,6874,-1,6873,6875,6888,-1,6888,6875,6889,-1,6888,6889,6890,-1,6890,6889,6891,-1,6890,6891,6892,-1,6892,6891,6893,-1,6892,6893,6894,-1,6894,6893,6895,-1,6894,6895,6896,-1,6896,6895,6897,-1,6896,6897,6898,-1,6898,6897,6899,-1,6898,6899,6860,-1,6860,6899,6865,-1,6860,6862,6876,-1,6860,6876,6898,-1,6898,6876,6878,-1,6898,6878,6896,-1,6896,6878,6880,-1,6896,6880,6894,-1,6894,6880,6882,-1,6894,6882,6892,-1,6892,6882,6884,-1,6892,6884,6890,-1,6890,6884,6886,-1,6890,6886,6888,-1,6888,6886,6872,-1,6888,6872,6873,-1,6875,6874,6887,-1,6875,6887,6889,-1,6889,6887,6885,-1,6889,6885,6891,-1,6891,6885,6883,-1,6891,6883,6893,-1,6893,6883,6881,-1,6893,6881,6895,-1,6895,6881,6879,-1,6895,6879,6897,-1,6897,6879,6877,-1,6897,6877,6899,-1,6899,6877,6867,-1,6899,6867,6865,-1,6900,6901,6902,-1,6902,6901,6903,-1,6904,6905,6906,-1,6906,6905,6907,-1,6902,6903,6904,-1,6904,6903,6905,-1,6901,6907,6903,-1,6903,6907,6905,-1,6907,6901,6906,-1,6906,6901,6900,-1,6908,6909,6910,-1,6910,6909,6911,-1,6912,6909,6913,-1,6913,6909,6908,-1,6911,6909,6914,-1,6914,6909,6912,-1,6910,6911,6915,-1,6915,6911,6914,-1,6908,6910,6913,-1,6913,6910,6915,-1,6913,6915,6916,-1,6916,6915,6917,-1,6916,6917,6918,-1,6918,6917,6919,-1,6918,6919,6920,-1,6920,6919,6921,-1,6920,6921,6922,-1,6922,6921,6923,-1,6922,6923,6924,-1,6924,6923,6925,-1,6924,6925,6926,-1,6926,6925,6927,-1,6926,6927,6906,-1,6906,6927,6904,-1,6900,6902,6928,-1,6928,6902,6929,-1,6928,6929,6930,-1,6930,6929,6931,-1,6930,6931,6932,-1,6932,6931,6933,-1,6932,6933,6934,-1,6934,6933,6935,-1,6934,6935,6936,-1,6936,6935,6937,-1,6936,6937,6938,-1,6938,6937,6939,-1,6938,6939,6912,-1,6912,6939,6914,-1,6906,6900,6928,-1,6906,6928,6926,-1,6926,6928,6930,-1,6926,6930,6924,-1,6924,6930,6932,-1,6924,6932,6922,-1,6922,6932,6934,-1,6922,6934,6920,-1,6920,6934,6936,-1,6920,6936,6918,-1,6918,6936,6938,-1,6918,6938,6916,-1,6916,6938,6912,-1,6916,6912,6913,-1,6915,6914,6939,-1,6915,6939,6917,-1,6917,6939,6937,-1,6917,6937,6919,-1,6919,6937,6935,-1,6919,6935,6921,-1,6921,6935,6933,-1,6921,6933,6923,-1,6923,6933,6931,-1,6923,6931,6925,-1,6925,6931,6929,-1,6925,6929,6927,-1,6927,6929,6902,-1,6927,6902,6904,-1,
        ]
    }
}